DTA-Tag	TT-Tag	MM-TAg	Perceptron-Tag	Lemma	newtag	Prefix	Wort	Suffix	Sentence_neighborhood	sentence_index	index	filename
APZR	APZR		APZR	an		Und dann fing 's auf einmal	an	zu rumoren im Lande , und an den Ecken klebten ganz andere Zettel , die mein Alter immer las und wobei er mit dem Kopf nickte .	genug ‹ , brummte mein Gottfried .Und dann fing 's auf einmal an zu rumoren im Lande , und an den Ecken klebten ganz andere Zettel , die mein Alter immer las und wobei er mit dem Kopf nickte .Sie läßt den regenfeuchten Mantel fallen ,	69	6	86993-Raabe__Wilhelm.tsv
APZR	PTKVZ		APZR	an		In der Tat fing Don Sylvio	an	zu merken , daß es bald Mittagessens-Zeit sein werde , und es war ihm überaus angenehm , einen Wegweiser bekommen zu haben , der ihn aus diesem Walde , worin er sich noch nie so weit vertieft hatte , wieder nach Hause führen konnte .	, die in Princessinnen verwandelt sind ?In der Tat fing Don Sylvio an zu merken , daß es bald Mittagessens-Zeit sein werde , und es war ihm überaus angenehm , einen Wegweiser bekommen zu haben , der ihn aus diesem Walde , worin er sich noch nie so weit vertieft hatte , wieder nach Hause führen konnte .Die Fee schmeichelte mir zwar , fuhr	1206	6	110270-Wieland__Christoph_Martin.tsv
APZR	APPR		APZR	aus		Vor Jahren als Sekundaner war ich einmal mit einem mir verwandten Studenten dort gewesen , den ich von der Schule	aus	besucht hatte .	meinen Füßen das Anrauschen des Wassers .Vor Jahren als Sekundaner war ich einmal mit einem mir verwandten Studenten dort gewesen , den ich von der Schule aus besucht hatte .Noch eine kurze Strecke , und ich	278	20	99873-Storm__Theodor.tsv
APZR	APZR		APZR	aus		Daß in Bausch und Bogen der Schloßsäckel kaum ein schlechteres Geschäft gemacht haben würde , hätte ich von Haus	aus	gesagt : » Hinz , hier schenke ich dir eine Hufe , « oder » Kunz , da hast du eine von meinen Wiesen , « daß die Freude des Empfängers und Gebers gegen die Unruhe des Schuldners und die Wachsamkeit des Gläubigers vertauscht wurden , das ward nicht in Rechnung gezogen und durfte es nicht werden .	Grundbuch in Bewegung gesetzt worden wären .Daß in Bausch und Bogen der Schloßsäckel kaum ein schlechteres Geschäft gemacht haben würde , hätte ich von Haus aus gesagt : » Hinz , hier schenke ich dir eine Hufe , « oder » Kunz , da hast du eine von meinen Wiesen , « daß die Freude des Empfängers und Gebers gegen die Unruhe des Schuldners und die Wachsamkeit des Gläubigers vertauscht wurden , das ward nicht in Rechnung gezogen und durfte es nicht werden .Jedweder sah sich zu einer Hoffnung berechtigt	4561	19	26910-Fran_ois__Louise_von.tsv
APZR	APZR		APZR	aus		Die Herzogin hatte es daher seiner Zeit kaum bemerkt , daß Angelika die Härte bedauerte , mit welcher sie Herbert von sich	aus	und aus ihrer Gesellschaft entfernt , und daß sie ihn wiederzusehen , ihm die Kränkung zu vergüten wünschte , die sie ihm zugefügt , so war sie auch schnell bereit , den Fehler ungeschehen zu machen , den sie mit ihrem ersten Rathschlusse begangen zu haben fühlte .	was hier zu thun ihm zieme .Die Herzogin hatte es daher seiner Zeit kaum bemerkt , daß Angelika die Härte bedauerte , mit welcher sie Herbert von sich aus und aus ihrer Gesellschaft entfernt , und daß sie ihn wiederzusehen , ihm die Kränkung zu vergüten wünschte , die sie ihm zugefügt , so war sie auch schnell bereit , den Fehler ungeschehen zu machen , den sie mit ihrem ersten Rathschlusse begangen zu haben fühlte .Nur darüber war er mit sich nicht	768	22	73679-Lewald__Fanny.tsv
APZR	ADV		APZR	her		) Geistreiche Freundschaft , geistreiche Liebe , geistreicher Wein und ein Lied an die Freude von Schiller , an deiner Hand , in Jodunos Arm , in meinem Glase , von Molly gesungen , schöne Natur um mich	her	, und der Eichbaum über uns .	ich bin der Freund der Gräfin .) Geistreiche Freundschaft , geistreiche Liebe , geistreicher Wein und ein Lied an die Freude von Schiller , an deiner Hand , in Jodunos Arm , in meinem Glase , von Molly gesungen , schöne Natur um mich her , und der Eichbaum über uns .Ich habe mir eins seiner Lieder gemerkt	936	38	14636-Brentano__Clemens.tsv
APZR	ADV		APZR	her		Denn der Nordwester staute nicht nur den Strom zurück , sondern trieb auch das Flutwasser mit solcher Gewalt von draußen	her	in den Strom hinein , daß es am Kai hin oft nur noch zollbreit unter der obersten Balkenlage stand .	wie Kiesel aus der Westermole wusch .Denn der Nordwester staute nicht nur den Strom zurück , sondern trieb auch das Flutwasser mit solcher Gewalt von draußen her in den Strom hinein , daß es am Kai hin oft nur noch zollbreit unter der obersten Balkenlage stand .Oh , noch jetzt überrieselt's mich ,	1747	20	26852-Fontane__Theodor.tsv
APZR	ADV		APZR	her		« Ueber uns schwammen Körper , die aus allen Gegenden	her	kamen , und häuften sich mitten in diesen bräunlichen Kräutern , Baumstämme aus den Anden oder den Felsengebirgen , welche durch den Amazonenstrom oder den Mississippi herbeigeschwemmt waren , zahlloses Strandgut , Stücke von Kielen und Brettern , dermaßen von Muschelwerk beschwert , daß es nicht wieder auf die Meeresoberfläche aufsteigen konnte .	sagte er mit Kopfschütteln .« Ueber uns schwammen Körper , die aus allen Gegenden her kamen , und häuften sich mitten in diesen bräunlichen Kräutern , Baumstämme aus den Anden oder den Felsengebirgen , welche durch den Amazonenstrom oder den Mississippi herbeigeschwemmt waren , zahlloses Strandgut , Stücke von Kielen und Brettern , dermaßen von Muschelwerk beschwert , daß es nicht wieder auf die Meeresoberfläche aufsteigen konnte .» Die bewohnte Welt !	2413	10	107494-Verne__Jules.tsv
APZR	ADV		APZR	her		Dann legte der Bauer die Bücher wieder in den Schrank zurück und zog ein Paket	her	vor .	, ob ich bleib' oder geh' .Dann legte der Bauer die Bücher wieder in den Schrank zurück und zog ein Paket her vor .Er geht des Abends stets punkt Acht	1918	15	79348-May__Karl.tsv
APZR	APZR		PTKVZ	her		Wie nun die böse Geister sich der Menschen Unglücks und Threnen eben so sehr erfreuen / als wie die Fische deß Wassers / und den Erschrockenen gern ihren Schrecken vergrössern : also erzeigten sie sich auch / bey solchem kläglichem Zustande der Sterblichen / nicht müssig / dessen sie auch / von Anfange	her	/ die rechte Haupt-Stiffter / nemlich deß Todes Diener und Einführer seynd .	Quartier ge schlagen und verjagt haben .Wie nun die böse Geister sich der Menschen Unglücks und Threnen eben so sehr erfreuen / als wie die Fische deß Wassers / und den Erschrockenen gern ihren Schrecken vergrössern : also erzeigten sie sich auch / bey solchem kläglichem Zustande der Sterblichen / nicht müssig / dessen sie auch / von Anfange her / die rechte Haupt-Stiffter / nemlich deß Todes Diener und Einführer seynd .9 Und ein andrer Vorgeher / in	2545	53	26907-Francisci__Erasmus.tsv
APZR	APZR		APZR	heraus		Es ist nicht immer der Fall , daß in dem gesunden Körper auch eine gesunde Seele wohnt und sie untergräbt nur zu oft , trotz aller Mittel , die äußerlich angewendet werden , von innen	heraus	die blühenden Wangen und die Fülle der jugendlichen Erscheinung .	spätere Lebensalter nach sich ziehen kann .Es ist nicht immer der Fall , daß in dem gesunden Körper auch eine gesunde Seele wohnt und sie untergräbt nur zu oft , trotz aller Mittel , die äußerlich angewendet werden , von innen heraus die blühenden Wangen und die Fülle der jugendlichen Erscheinung .Denn es gibt kleinere Vergehen , kleinere	65	35	10090-B_chner__Luise.tsv
APZR	APZR		APZR	heraus		Gnaden tausendmal um Vergebung ; ich weiß selbst nicht , wie mir geschah , aber die kleine Hexe , ihr Mädchen machte mich so treuherzig , daß sie mir immer eins nach dem andern	heraus	lockte ; ich muß bezaubert gewesen sein ; und zudem dacht ich , wenn sie eine Fee ist , so weißt sie das alles ohnehin , und es würde sie nur ungehalten machen , wenn ich auf ihre Fragen nicht die rechten Antworten gäbe .	, wozu sie zu gehören schien .Gnaden tausendmal um Vergebung ; ich weiß selbst nicht , wie mir geschah , aber die kleine Hexe , ihr Mädchen machte mich so treuherzig , daß sie mir immer eins nach dem andern heraus lockte ; ich muß bezaubert gewesen sein ; und zudem dacht ich , wenn sie eine Fee ist , so weißt sie das alles ohnehin , und es würde sie nur ungehalten machen , wenn ich auf ihre Fragen nicht die rechten Antworten gäbe .Nein , gnädige Frau Fanferlüschin , antwortete	543	34	110270-Wieland__Christoph_Martin.tsv
APZR	APZR		APZR	heraus		An der Richtstatt wurde ihm die Zunge	heraus	geschnitten / die rechte Hand / als einen Bundbrüchigen in der H. Tauffe abgehauen / hernach sein halbtodter Leichnam bey den Füssen mit einer Ketten aufgehengt / und also lebendig gebraten / und samt den Galgen verbrennet : daß er also wider alle Vermahnung verstockt biß an das Ende verblieben .	Leben zu dem Tod hingerichtet worden .An der Richtstatt wurde ihm die Zunge heraus geschnitten / die rechte Hand / als einen Bundbrüchigen in der H. Tauffe abgehauen / hernach sein halbtodter Leichnam bey den Füssen mit einer Ketten aufgehengt / und also lebendig gebraten / und samt den Galgen verbrennet : daß er also wider alle Vermahnung verstockt biß an das Ende verblieben .wie sie zuvor und in den Kindesschmertzen	769	7	58089-Harsd_rffer__Georg_Philipp.tsv
APZR	APZR		APZR	herum		An dem Abend aber will er einen ernstlichen Streit herbeiführen , will nicht nachgeben und sich so lange mit Ihnen herumzanken , bis ihn Einer von den Leuten anfaßt , – dann schreit er um Hilfe , und der Zimmermann und seine Freunde , die schon lange um das Haus	herum	versteckt warten , eilen nun herbei , befreien ihn und halten dann ein klein wenig Haussuchung .	und ihnen von seinen Geschichten erzählen .An dem Abend aber will er einen ernstlichen Streit herbeiführen , will nicht nachgeben und sich so lange mit Ihnen herumzanken , bis ihn Einer von den Leuten anfaßt , – dann schreit er um Hilfe , und der Zimmermann und seine Freunde , die schon lange um das Haus herum versteckt warten , eilen nun herbei , befreien ihn und halten dann ein klein wenig Haussuchung .Er dachte eine Zeit lang nach ,	8522	50	56361-Hackl_nder__Friedrich_Wilhelm_von.tsv
APZR	APZR		APZR	herum		» Aber kurios ist 's doch zugegangen « , setzte er hinzu , indem er auf das Stück zurücksah , das der Stuhl erst um die Ecke der Hütte	herum	zu machen hatte .	, die seine Worte erweckt hatten .» Aber kurios ist 's doch zugegangen « , setzte er hinzu , indem er auf das Stück zurücksah , das der Stuhl erst um die Ecke der Hütte herum zu machen hatte .Auf einmal setzte das Heidi sich wieder	1019	29	99039-Spyri__Johanna.tsv
APZR	APZR		APZR	hinaus		Ich las oft in einem meiner Bücher , oder saß auf einem Steinblocke und betrachtete das Dämmern der fernen Wälder , oder sah Hiltiburg nach , wenn sie aus der Umzäunung	hinaus	ging , und wenn sie zurück kam , heftete sie die Augen auf mich .	antwortete : » Ich werde kommen .Ich las oft in einem meiner Bücher , oder saß auf einem Steinblocke und betrachtete das Dämmern der fernen Wälder , oder sah Hiltiburg nach , wenn sie aus der Umzäunung hinaus ging , und wenn sie zurück kam , heftete sie die Augen auf mich .Die Magd entfernte sich , und nach	222	31	99463-Stifter__Adalbert.tsv
APZR	APZR		APZR	hinaus		Er sah zum Fenster	hinaus	auf die Lehmsaler Haide und auf die Hünengräber .	früh schon in Pukaff zu sehen .Er sah zum Fenster hinaus auf die Lehmsaler Haide und auf die Hünengräber .Von den beiden fleißigen jungen Wirtsleuten ,	2024	4	74076-Liliencron__Detlev_von.tsv
APZR	APZR		APZR	hinaus		Alles bis auf das äußerste	hinaus	zu verfolgen , so daß nicht die geringste dunkle Idee zurückbleibt , mit Versuchen die Mängel daran zu entdecken , sie zu verbessern , oder überhaupt zu dieser Absicht etwas Vollkommneres anzugeben , ist das einzige Mittel uns den so genannten gesunden Menschen-Verstand zu geben , der der Haupt-Endzweck unsrer Bemühungen sein sollte .	als ehrlicher Mann hatte , abnimmt .Alles bis auf das äußerste hinaus zu verfolgen , so daß nicht die geringste dunkle Idee zurückbleibt , mit Versuchen die Mängel daran zu entdecken , sie zu verbessern , oder überhaupt zu dieser Absicht etwas Vollkommneres anzugeben , ist das einzige Mittel uns den so genannten gesunden Menschen-Verstand zu geben , der der Haupt-Endzweck unsrer Bemühungen sein sollte .Das was ausgezahlt wird wird oft einem	99	5	73688-Lichtenberg__Georg_Christoph.tsv
APZR	APZR		APZR	hinaus		Ueber der Grenze dieser Risse	hinaus	glitzerte das Meer im Strahle der Sonne .	einer Reihe von Klippen bekränzt war .Ueber der Grenze dieser Risse hinaus glitzerte das Meer im Strahle der Sonne .« Dabei faßte er das Küstenbild mit	5053	5	107501-Verne__Jules.tsv
APZR	APZR		APZR	hinaus		So konnte ich denn mit beinahe vollständiger Unbefangenheit erzählen , was ich zu erzählen hatte , nur daß ich öfters einen Blick	hinaus	auf den Wächter warf , um zu sehen , daß er noch an seinem Platze saß .	beiden , noch um mich selbst .So konnte ich denn mit beinahe vollständiger Unbefangenheit erzählen , was ich zu erzählen hatte , nur daß ich öfters einen Blick hinaus auf den Wächter warf , um zu sehen , daß er noch an seinem Platze saß .Dem Advokaten , der sich wohl in	7582	22	79312-May__Karl.tsv
APZR	APZR		APZR	hinaus		Während des Läutens schießt man vor dem Ort draußen ; zu meiner Zeit stellten sich auf dem Bühl ( gleich bei Wurmlingen ) ganze Reihen von Buben im Alter von 16-24 Jahren und noch ältere und schossen ; auch hat da und dort einer seinen Pistol zum Dachladen , zum Fenster	hinaus	oder im Garten hinter'm Haus abgedrückt .	Curtze S. 236. Nr. 67 .Während des Läutens schießt man vor dem Ort draußen ; zu meiner Zeit stellten sich auf dem Bühl ( gleich bei Wurmlingen ) ganze Reihen von Buben im Alter von 16-24 Jahren und noch ältere und schossen ; auch hat da und dort einer seinen Pistol zum Dachladen , zum Fenster hinaus oder im Garten hinter'm Haus abgedrückt .Word 1 In Corbach im Waldeckischen thut	3	51	13227-Birlinger__Anton.tsv
APZR	APZR		APZR	hinaus		Des hatten die Kriegsleute und Waffenträger ihren Spott , meinten es sei Täuschung und Weibergeschwätz ; einige trieb die Neugier	hinaus	, Grund und Ungrund der Sache zu erforschen ; sie sahen die nämliche Erscheinung , faßten sich dennoch ein Herz und gingen zum Brunnen .	wie den Bisamapfel in ihrem Schatzkästlein .Des hatten die Kriegsleute und Waffenträger ihren Spott , meinten es sei Täuschung und Weibergeschwätz ; einige trieb die Neugier hinaus , Grund und Ungrund der Sache zu erforschen ; sie sahen die nämliche Erscheinung , faßten sich dennoch ein Herz und gingen zum Brunnen .« Er gedachte ihr das Geheimnis mit	7	20	82938-Mus_us__Johann_Karl_August.tsv
APZR	APZR		APZR	hinaus		... Nein , tausendmal lieber wollte sie sich noch auf Jahre	hinaus	von Frau Hellwig mißhandeln lassen , als auch nur einen einzigen Monat länger mit ihm zusammen sein , der eine wahrhaft dämonische Macht ihr gegenüber entfaltete .	sie unversöhnlich bleiben werde ihr lebenlang ?... Nein , tausendmal lieber wollte sie sich noch auf Jahre hinaus von Frau Hellwig mißhandeln lassen , als auch nur einen einzigen Monat länger mit ihm zusammen sein , der eine wahrhaft dämonische Macht ihr gegenüber entfaltete .Sie rang vergebens nach der nötigen Fassung	3276	11	78772-Marlitt__Eugenie.tsv
APZR	APZR		APZR	hinaus		Es schienen nur einfache Maurer und Steinmetzen , die da sprachen , aber ihre Münster , die sie zu vollenden gedachten , ragten über die Ruine	hinaus	und von ihrem Wirken in Nord , Süd , Ost , West blitzte es jetzt schon hin- und herüber , als sähe man plötzlich eine Hülle von der ganzen Welt genommen und erblickte Säulen eines Zaubertempels , der dem Lauscher die Augen blendete ... Frau von Sänger war eine sehr heitre , eine sehr kokette Frau .	Verlobten für die künftige Ehe hatte .Es schienen nur einfache Maurer und Steinmetzen , die da sprachen , aber ihre Münster , die sie zu vollenden gedachten , ragten über die Ruine hinaus und von ihrem Wirken in Nord , Süd , Ost , West blitzte es jetzt schon hin- und herüber , als sähe man plötzlich eine Hülle von der ganzen Welt genommen und erblickte Säulen eines Zaubertempels , der dem Lauscher die Augen blendete ... Frau von Sänger war eine sehr heitre , eine sehr kokette Frau .Sie konnte nicht Widerstand leisten , daß	41285	26	56355-Gutzkow__Karl.tsv
APZR	APZR		APZR	hinweg		Denn es dem Teufel gar nit unmöglich dē Kindern des Unglaubens ( die ihm übergeben / und nach seinem Willen zu regieren vergönnet ) ihre Kinder	hinweg	führen / und anderswo hinzubringen / oder bey Andern auff seine Weise gebähren / wie jetzt davon gesaget .	Mägdlein wird mit zum Hexen-Tantz geführet .Denn es dem Teufel gar nit unmöglich dē Kindern des Unglaubens ( die ihm übergeben / und nach seinem Willen zu regieren vergönnet ) ihre Kinder hinweg führen / und anderswo hinzubringen / oder bey Andern auff seine Weise gebähren / wie jetzt davon gesaget .in Acerra Philol. Cent. 2. 54. pag.	2170	26	85699-Praetorius__Johannes.tsv