DTA-Tag	TT-Tag	MM-TAg	Perceptron-Tag	Lemma	newtag	Prefix	Wort	Suffix	Sentence_neighborhood	sentence_index	index	filename
CARD	CARD		CARD	1			1	Mein Vater konnte sich nie zur Herausgabe dieses Lebens entschließen ; das Manuskript nebst einigen andern Abhandlungen befindet sich in den Händen der Familie und soll seiner Zeit dem Publikum nicht vorenthalten werden .	– krink – kronk – krank .1 Mein Vater konnte sich nie zur Herausgabe dieses Lebens entschließen ; das Manuskript nebst einigen andern Abhandlungen befindet sich in den Händen der Familie und soll seiner Zeit dem Publikum nicht vorenthalten werden .Lieber wollte ich der Calliope selbst ein	4789	0	99260-Sterne__Laurence.tsv
CARD	CARD		CARD	151		«	151	Fürst der Schatten .	» Weil du ein Christ bist .« 151 Fürst der Schatten .Vielleicht bewährt sich auch hier ein gutes	2728	1	79317-May__Karl.tsv
CARD	CARD		CARD	16			16	Denn etliche da sie höreten / richteten eine verbitterung an / Aber nicht alle / die von Egypten ausgiengen durch Mosen .	/ bis ans ende feste behalten .16 Denn etliche da sie höreten / richteten eine verbitterung an / Aber nicht alle / die von Egypten ausgiengen durch Mosen .2 Darumb so die Bösen / meine	14083	0	78101-Luther__Martin.tsv
CARD	CARD		CARD	2			2	Dringen vnd wuchern sind zweierley .	stellet sie vmb die Hütten her .2 Dringen vnd wuchern sind zweierley .Gen. 41. ; Gen. 42. ; Gen.	37932	0	78101-Luther__Martin.tsv
CARD	CARD		CARD	236			236	Auch / die Lebern vnnd Hertzen / sampt anderen stuckē Menschliches Leibs gefressen .	den Frantzosen / so Anno 1572 .236 Auch / die Lebern vnnd Hertzen / sampt anderen stuckē Menschliches Leibs gefressen .261 Sein die Presumtionen schwach 262 da	2352	0	14106-Bodin__Jean.tsv
CARD	CARD		CARD	6			6	Das Gesetz der warheit war in seinem Munde / vnd war kein böses in seinen Lippen funden / Er wandelte fur mir friedsam vnd auffrichtig /vnd bekeret viele von sunden .	zu bezalen / mit solchem lohn .6 Das Gesetz der warheit war in seinem Munde / vnd war kein böses in seinen Lippen funden / Er wandelte fur mir friedsam vnd auffrichtig /vnd bekeret viele von sunden .Wie es denn der Welt lauff ist	34954	0	78101-Luther__Martin.tsv
CARD	CARD		CARD	726		Hesiodi theogonia ,	726	.	bei diesem Namen mit eingewirkt haben .Hesiodi theogonia , 726 .Der Umstand , daß sie sich im	8	3	70358-Kuhn__Adalbert.tsv
CARD	CARD		CARD	drei		LOUIS : Hier hat der Impf-Doktor seiner Zeit seine Lanzette eingesenkt : Eins , Zwei ,	Drei	, – o hier !	nu hatse doch nichts gemerkt !LOUIS : Hier hat der Impf-Doktor seiner Zeit seine Lanzette eingesenkt : Eins , Zwei , Drei , – o hier !ELLA : Der liegt ganz hinten –	516	16	83788-Panizza__Oskar.tsv
CARD	CARD		CARD	drei		» Die	drei	Schneider « .	» Unerhörte Liebe « .» Die drei Schneider « .( 53. ) Den Schlag wiederholendes zweckmäßiges	141	2	32581-Goethe__Johann_Wolfgang.tsv
CARD	PRELAT		NE	drei		Uber dieses alles trifft David auf die fünfftehalb Centner ungemüntzet Gold , 14. Centner Silber , 2. Schlag- Fässer voll Perlen , und	drey	Kisten voll gemüntztes Gold und Silber an , von dessen Glantze , indem er an seiner Jugend-Jahre gedenckt , seine Augen gantz verblendet werden .	sich ferner zu fürchten Ursach hätten .Uber dieses alles trifft David auf die fünfftehalb Centner ungemüntzet Gold , 14. Centner Silber , 2. Schlag- Fässer voll Perlen , und drey Kisten voll gemüntztes Gold und Silber an , von dessen Glantze , indem er an seiner Jugend-Jahre gedenckt , seine Augen gantz verblendet werden .Langrogge , der Musicus , mit einer	3213	23	97159-Schnabel__Johann_Gottfried.tsv
CARD	CARD		CARD	fünf		Kräftige Männer gingen neben den Pferden , vier oder	fünf	Frauen saßen auf dem Wagen unter einem bequemen Zeltdache nebst mehreren Kindern und selbst einem Greise .	welche sich nach den Seehäfen begeben .Kräftige Männer gingen neben den Pferden , vier oder fünf Frauen saßen auf dem Wagen unter einem bequemen Zeltdache nebst mehreren Kindern und selbst einem Greise .Der Exerziermeister , welcher hinter der Front	495	9	66066-Keller__Gottfried.tsv
CARD	CARD		CARD	hundert		Argus hett hundert augen zum sehen , aber	hundert	hend muß ein Keller und Haußknecht haben , wie Briareus , auff das er unauffhörlich unnd unermüdet zäpff , schöpft , gewinn , hol , trag , ketsch , biet , stell , giß , schenck , füll .	und unser äugen vor übernächtlichen schlaf .Argus hett hundert augen zum sehen , aber hundert hend muß ein Keller und Haußknecht haben , wie Briareus , auff das er unauffhörlich unnd unermüdet zäpff , schöpft , gewinn , hol , trag , ketsch , biet , stell , giß , schenck , füll .Trinck allzeit vor dem durst : so	358	8	25786-Fischart__Johann.tsv
CARD	CARD		CARD	hundert		Die düstre Schulstube , mit ihren getäfelten Wänden von durch die Zeit gebräuntem Eichenholz , in der wir dennoch so fröhliche Stunden verlebten , das große , aus mehr als	hundert	kleinen runden Scheiben zusammengesetzte Fenster stehen noch sehr lebhaft in meiner Erinnerung .	, uns unaufhörlich zum Lachen reizte .Die düstre Schulstube , mit ihren getäfelten Wänden von durch die Zeit gebräuntem Eichenholz , in der wir dennoch so fröhliche Stunden verlebten , das große , aus mehr als hundert kleinen runden Scheiben zusammengesetzte Fenster stehen noch sehr lebhaft in meiner Erinnerung .Leisen Schrittes näherte ich mich dem Armsessel	574	30	97248-Schopenhauer__Johanna.tsv
CARD	CARD		CARD	tausend		Melo aber eilte mit seinen vier	tausend	Reitern / welches alles Sicambrische und Tencterische Ritter oder Edelleute waren / dem härtesten Stande zu ; wo der Graf von Oldenburg mehr keinen Athem / wenig Blut / ja nicht einen unverwundeten Soldaten / gleichwohl aber noch das Hertze hatte zwölff tausend Römern durch Hülffe des vortheilhaften Ortes die Stirne zu bieten .	/ und Hoffnung zu überwinden hätten .Melo aber eilte mit seinen vier tausend Reitern / welches alles Sicambrische und Tencterische Ritter oder Edelleute waren / dem härtesten Stande zu ; wo der Graf von Oldenburg mehr keinen Athem / wenig Blut / ja nicht einen unverwundeten Soldaten / gleichwohl aber noch das Hertze hatte zwölff tausend Römern durch Hülffe des vortheilhaften Ortes die Stirne zu bieten .Und ich werde mit iedem vergnügt seyn	681	6	78039-Lohenstein__Daniel_Casper_von.tsv
CARD	CARD		CARD	tausend		Melo aber eilte mit seinen vier tausend Reitern / welches alles Sicambrische und Tencterische Ritter oder Edelleute waren / dem härtesten Stande zu ; wo der Graf von Oldenburg mehr keinen Athem / wenig Blut / ja nicht einen unverwundeten Soldaten / gleichwohl aber noch das Hertze hatte zwölff	tausend	Römern durch Hülffe des vortheilhaften Ortes die Stirne zu bieten .	/ und Hoffnung zu überwinden hätten .Melo aber eilte mit seinen vier tausend Reitern / welches alles Sicambrische und Tencterische Ritter oder Edelleute waren / dem härtesten Stande zu ; wo der Graf von Oldenburg mehr keinen Athem / wenig Blut / ja nicht einen unverwundeten Soldaten / gleichwohl aber noch das Hertze hatte zwölff tausend Römern durch Hülffe des vortheilhaften Ortes die Stirne zu bieten .Und ich werde mit iedem vergnügt seyn	681	49	78039-Lohenstein__Daniel_Casper_von.tsv
CARD	CARD		CARD	vier		Kräftige Männer gingen neben den Pferden ,	vier	oder fünf Frauen saßen auf dem Wagen unter einem bequemen Zeltdache nebst mehreren Kindern und selbst einem Greise .	welche sich nach den Seehäfen begeben .Kräftige Männer gingen neben den Pferden , vier oder fünf Frauen saßen auf dem Wagen unter einem bequemen Zeltdache nebst mehreren Kindern und selbst einem Greise .Der Exerziermeister , welcher hinter der Front	495	7	66066-Keller__Gottfried.tsv
CARD	CARD		CARD	vier		Melo aber eilte mit seinen	vier	tausend Reitern / welches alles Sicambrische und Tencterische Ritter oder Edelleute waren / dem härtesten Stande zu ; wo der Graf von Oldenburg mehr keinen Athem / wenig Blut / ja nicht einen unverwundeten Soldaten / gleichwohl aber noch das Hertze hatte zwölff tausend Römern durch Hülffe des vortheilhaften Ortes die Stirne zu bieten .	/ und Hoffnung zu überwinden hätten .Melo aber eilte mit seinen vier tausend Reitern / welches alles Sicambrische und Tencterische Ritter oder Edelleute waren / dem härtesten Stande zu ; wo der Graf von Oldenburg mehr keinen Athem / wenig Blut / ja nicht einen unverwundeten Soldaten / gleichwohl aber noch das Hertze hatte zwölff tausend Römern durch Hülffe des vortheilhaften Ortes die Stirne zu bieten .Und ich werde mit iedem vergnügt seyn	681	5	78039-Lohenstein__Daniel_Casper_von.tsv
CARD	CARD		CARD	zehn		Wenn er am Lager ankam , waren jedenfalls alle Augen und Ohren auf ihn gerichtet , und so bekam er die Weisung , sich ungefähr	zehn	Minuten nach unserer Entfernung bei den Feuern sehen zu lassen .	ebenso unbemerkt hinter sie zu schleichen .Wenn er am Lager ankam , waren jedenfalls alle Augen und Ohren auf ihn gerichtet , und so bekam er die Weisung , sich ungefähr zehn Minuten nach unserer Entfernung bei den Feuern sehen zu lassen .Für den Jäger konnte es keinen schönern	6663	25	79315-May__Karl.tsv
CARD	CARD		CARD	zwei		LOUIS : Hier hat der Impf-Doktor seiner Zeit seine Lanzette eingesenkt : Eins ,	Zwei	, Drei , – o hier !	nu hatse doch nichts gemerkt !LOUIS : Hier hat der Impf-Doktor seiner Zeit seine Lanzette eingesenkt : Eins , Zwei , Drei , – o hier !ELLA : Der liegt ganz hinten –	516	14	83788-Panizza__Oskar.tsv
CARD	CARD		CARD	zwei		Auf dem Divan gegenüber , Furien , der Hölle entstiegen , saßen in ihre Yaschmaks verhüllt ,	zwei	reichgekleidete türkische Frauen , in den Augen grausamen teuflischen Triumph ; in kurzer Entfernung von ihnen mit finsterm bleichem Gesicht , wie einer furchtbaren Nothwendigkeit gehorchend , der türkische Würdenträger , die Feder , in der Hand , das Papier vor sich auf dem Schoos , um die Geständnisse der Unglücklichen aufzuzeichnen .	dunkle Asche der verglühten Kohle lag .Auf dem Divan gegenüber , Furien , der Hölle entstiegen , saßen in ihre Yaschmaks verhüllt , zwei reichgekleidete türkische Frauen , in den Augen grausamen teuflischen Triumph ; in kurzer Entfernung von ihnen mit finsterm bleichem Gesicht , wie einer furchtbaren Nothwendigkeit gehorchend , der türkische Würdenträger , die Feder , in der Hand , das Papier vor sich auf dem Schoos , um die Geständnisse der Unglücklichen aufzuzeichnen .« Ein Blick genügte dem Arzt ,	6590	17	31528-Goedsche__Herrmann.tsv
CARD	CARD		CARD	zwei		Es dauert auch nicht lange , so kömmt die Schule und die Geistlichkeit mit dem Kreuze voran , stellen sich neben der Bahre auf , singen	zwei	Lieder und eine Arie und dann setzt sich der Zug nach dem Kirchhofe zu in Bewegung .	soll es einem den Hals umdrehen .Es dauert auch nicht lange , so kömmt die Schule und die Geistlichkeit mit dem Kreuze voran , stellen sich neben der Bahre auf , singen zwei Lieder und eine Arie und dann setzt sich der Zug nach dem Kirchhofe zu in Bewegung .Wenn man aber in der Neujahrsnacht unter	9	26	52796-Gr_sse__Johann_Georg_Theodor.tsv
CARD	CARD		CARD	zwei		Ueber dem Peitschenstrich , welcher das ganze Gesicht durchquerte , waren	zwei	in blöder Wut stierende Augen zu sehen , welche sich auf den Hadschi richteten ; die beiden Arme wurden erhoben ; die Hände ballten sich zu Fäusten , und dann that der vor Grimm nicht mehr zurechnungsfähige Mann einen Sprung , um Halef zu packen ; dieser aber wich gewandt zur Seite aus , versetzte ihm einen zweiten Hieb , welcher quer über die Oberlippe strich und schlug ihm dann den schweren Knopf der Peitsche so in den Nacken , daß er niederstürzte .	sechsmal bis herunter zur Erde reichte .Ueber dem Peitschenstrich , welcher das ganze Gesicht durchquerte , waren zwei in blöder Wut stierende Augen zu sehen , welche sich auf den Hadschi richteten ; die beiden Arme wurden erhoben ; die Hände ballten sich zu Fäusten , und dann that der vor Grimm nicht mehr zurechnungsfähige Mann einen Sprung , um Halef zu packen ; dieser aber wich gewandt zur Seite aus , versetzte ihm einen zweiten Hieb , welcher quer über die Oberlippe strich und schlug ihm dann den schweren Knopf der Peitsche so in den Nacken , daß er niederstürzte .Dieser größte und berühmteste Krieger unter allen	4067	11	79316-May__Karl.tsv
CARD	ADV		APPR	zwei		Es fügt sich , das der Apt starb und der Convent erwölt	zwen	andere , und satzten sie dar .	erwölt und ußschůb zu einem Apt .Es fügt sich , das der Apt starb und der Convent erwölt zwen andere , und satzten sie dar .‹ Da lacht jederman , und het	789	12	84231-Pauli__Johannes.tsv
CARD	CARD		APPR	zwei		So dauert die Hochzeit wenigstens	zwey	Tage .	richten sich die jungen Leute ein .Word Zu Velburg versammelt sich Alles zu einem kleinen Frühstück , und geht dann in die Kirche , in derselben Kleidung wie Tags vorher , jedoch ohne Kränze und Bänder , die junge Frau nun in der weißen Haube und im Hauptfestgewande .Word Zu Velburg versammelt sich Alles zu	1	5	91834-Sch_nwerth__Franz.tsv
CARD	ADV		CARD	zwölf		Melo aber eilte mit seinen vier tausend Reitern / welches alles Sicambrische und Tencterische Ritter oder Edelleute waren / dem härtesten Stande zu ; wo der Graf von Oldenburg mehr keinen Athem / wenig Blut / ja nicht einen unverwundeten Soldaten / gleichwohl aber noch das Hertze hatte	zwölff	tausend Römern durch Hülffe des vortheilhaften Ortes die Stirne zu bieten .	/ und Hoffnung zu überwinden hätten .Melo aber eilte mit seinen vier tausend Reitern / welches alles Sicambrische und Tencterische Ritter oder Edelleute waren / dem härtesten Stande zu ; wo der Graf von Oldenburg mehr keinen Athem / wenig Blut / ja nicht einen unverwundeten Soldaten / gleichwohl aber noch das Hertze hatte zwölff tausend Römern durch Hülffe des vortheilhaften Ortes die Stirne zu bieten .Und ich werde mit iedem vergnügt seyn	681	48	78039-Lohenstein__Daniel_Casper_von.tsv