DTA-Tag	TT-Tag	MM-TAg	Perceptron-Tag	Lemma	newtag	Prefix	Wort	Suffix	Sentence_neighborhood	sentence_index	index	filename
KON	VVFIN		VVFIN	bis		Denn wie er keinen Paßport bey dem Gouverneur auf zuweisen hatte / sagte dieser mit einer zwar höflichen doch unanständigen Mine ; er möchte sich so lange gedulten /	biß	auf gethanen Bericht andre Ordre deswegen vor Sr. Majestät einlieffe / weil ihm bey hoher Lebens-Straffe und sonder Betrachtung des Standes gebothen / diesen Befehl genau nachzukommen .	die andern Gefangenen vor Renardens Zimmer .Denn wie er keinen Paßport bey dem Gouverneur auf zuweisen hatte / sagte dieser mit einer zwar höflichen doch unanständigen Mine ; er möchte sich so lange gedulten / biß auf gethanen Bericht andre Ordre deswegen vor Sr. Majestät einlieffe / weil ihm bey hoher Lebens-Straffe und sonder Betrachtung des Standes gebothen / diesen Befehl genau nachzukommen .Wie nun Rosantes seinen Fürstlichen Stand offenbahret	1374	29	64549-Hunold__Christian_Friedrich.tsv
KON	ADV		KON	denn		Die Gefangene –	denn	es war eine weibliche Stimme , welche ich vernommen hatte – hatte mit ihren Worten wohl ihre letzten Kräfte erschöpft .	« » Wo hast du ihn ?Die Gefangene – denn es war eine weibliche Stimme , welche ich vernommen hatte – hatte mit ihren Worten wohl ihre letzten Kräfte erschöpft .Von hier bis Wam-poa braucht ein Dampfer	1861	3	79318-May__Karl.tsv
KON	ADV		KON	doch		« » Einmal muß aber die Geschichte	doch	ein End neh men , meinst nicht ?	Uhr vorbei und die Lene hinausgesperrt !« » Einmal muß aber die Geschichte doch ein End neh men , meinst nicht ?Der Hausmeister trabte durch den Hof und	1747	7	18343-Christen__Ada.tsv
KON	KON		KON	und		Denn wie er keinen Paßport bey dem Gouverneur auf zuweisen hatte / sagte dieser mit einer zwar höflichen doch unanständigen Mine ; er möchte sich so lange gedulten / biß auf gethanen Bericht andre Ordre deswegen vor Sr. Majestät einlieffe / weil ihm bey hoher Lebens-Straffe	und	sonder Betrachtung des Standes gebothen / diesen Befehl genau nachzukommen .	die andern Gefangenen vor Renardens Zimmer .Denn wie er keinen Paßport bey dem Gouverneur auf zuweisen hatte / sagte dieser mit einer zwar höflichen doch unanständigen Mine ; er möchte sich so lange gedulten / biß auf gethanen Bericht andre Ordre deswegen vor Sr. Majestät einlieffe / weil ihm bey hoher Lebens-Straffe und sonder Betrachtung des Standes gebothen / diesen Befehl genau nachzukommen .Wie nun Rosantes seinen Fürstlichen Stand offenbahret	1374	46	64549-Hunold__Christian_Friedrich.tsv
KON	KON		KON	und		Serra , ein Meer-Fisch / hat seinen Nahmen von der That / dann Serra heißt ein Sägen : der Fisch aber solle auf dem Rucken so scharpffe Stachlen haben / daß / wann er unter einem Schiff herschwimmt /	und	sich an selbem sehr starck reibet / es durchschneiden möge .	dritten Tag wird er uns auferwecken .Serra , ein Meer-Fisch / hat seinen Nahmen von der That / dann Serra heißt ein Sägen : der Fisch aber solle auf dem Rucken so scharpffe Stachlen haben / daß / wann er unter einem Schiff herschwimmt / und sich an selbem sehr starck reibet / es durchschneiden möge .Und dises ist / was der Prophet	8555	39	68510-Kobolt__Willibald.tsv
KON	KON		KON	und		Seine jugendfrische Schönheit übermannte sie , die wahre Liebe hielt ihren Einzug ,	und	hätte nicht ihre königliche Majestät dem im Wege gestanden , so würde sie die verlockenden Bäckchen , die wie zweifrische Apfel schimmerten , sofort abgeküßt haben .	Anmut eines zuckersüßen kleinen kichernden Backfischs .Seine jugendfrische Schönheit übermannte sie , die wahre Liebe hielt ihren Einzug , und hätte nicht ihre königliche Majestät dem im Wege gestanden , so würde sie die verlockenden Bäckchen , die wie zweifrische Apfel schimmerten , sofort abgeküßt haben .Er war schlank , aufrecht wie eine	12	13	6235-Balzac__Honor__de.tsv
KON	KON		KON	und		Wirklich wurden ihm zwei Jahre später einige Goldproben aus Neu-Süd-Wales zugesendet ,	und	er entschied die Auswanderung einer großen Anzahl Arbeiter aus Cornwallis nach den Goldregionen Neu-Hollands .	werden ihn wiederfinden , nicht wahr ?Wirklich wurden ihm zwei Jahre später einige Goldproben aus Neu-Süd-Wales zugesendet , und er entschied die Auswanderung einer großen Anzahl Arbeiter aus Cornwallis nach den Goldregionen Neu-Hollands .erwiderte Paganel , und rieb sie heftig	1071	12	107493-Verne__Jules.tsv
KON	KON		KON	und		Das Rotwerden war nun an mir ,	und	ich sagte nichts mehr während der übrigen Zeit , die man am Tische zubrachte .	aus Reue gern den Knochen verschlungen .Das Rotwerden war nun an mir , und ich sagte nichts mehr während der übrigen Zeit , die man am Tische zubrachte .Ich behielt nun freilich wieder recht in	2678	7	66066-Keller__Gottfried.tsv
KON	KON		KON	und		So kam er mit würdigem Anstande herbei , der Herzogin die Hand zu küssen , die indessen ihren Gemahl , den Herzog , hatte rufen lassen , dem sie , während Don Quixote näher kam , seine Abgesandtschaft erzählte ;	und	da beide den ersten Teil dieser Historie gelesen hatten und daraus die wunderliche Sinnesart des Don Quixote kannten , so erwarteten sie ihn mit dem größten Vergnügen und der heftigsten Neugier , indem sie sich vornahmen , seiner Laune zu folgen und in allem , was er sagen würde , mit ihm übereinzustimmen , ihn , solange er bei ihnen bliebe , ganz wie einen irrenden Ritter zu behandeln , mit allen jenen Zeremonien , die in den Ritterbüchern gebräuchlich sind , welche sie gelesen hatten und überdies sehr liebten .	und Höflichkeit bis zum Himmel erhob .So kam er mit würdigem Anstande herbei , der Herzogin die Hand zu küssen , die indessen ihren Gemahl , den Herzog , hatte rufen lassen , dem sie , während Don Quixote näher kam , seine Abgesandtschaft erzählte ; und da beide den ersten Teil dieser Historie gelesen hatten und daraus die wunderliche Sinnesart des Don Quixote kannten , so erwarteten sie ihn mit dem größten Vergnügen und der heftigsten Neugier , indem sie sich vornahmen , seiner Laune zu folgen und in allem , was er sagen würde , mit ihm übereinzustimmen , ihn , solange er bei ihnen bliebe , ganz wie einen irrenden Ritter zu behandeln , mit allen jenen Zeremonien , die in den Ritterbüchern gebräuchlich sind , welche sie gelesen hatten und überdies sehr liebten .« versetzte Don Quixote , » wende	6146	40	17702-Cervantes_Saavedra__Miguel_de.tsv
KON	KON		KON	und		So kam er mit würdigem Anstande herbei , der Herzogin die Hand zu küssen , die indessen ihren Gemahl , den Herzog , hatte rufen lassen , dem sie , während Don Quixote näher kam , seine Abgesandtschaft erzählte ; und da beide den ersten Teil dieser Historie gelesen hatten	und	daraus die wunderliche Sinnesart des Don Quixote kannten , so erwarteten sie ihn mit dem größten Vergnügen und der heftigsten Neugier , indem sie sich vornahmen , seiner Laune zu folgen und in allem , was er sagen würde , mit ihm übereinzustimmen , ihn , solange er bei ihnen bliebe , ganz wie einen irrenden Ritter zu behandeln , mit allen jenen Zeremonien , die in den Ritterbüchern gebräuchlich sind , welche sie gelesen hatten und überdies sehr liebten .	und Höflichkeit bis zum Himmel erhob .So kam er mit würdigem Anstande herbei , der Herzogin die Hand zu küssen , die indessen ihren Gemahl , den Herzog , hatte rufen lassen , dem sie , während Don Quixote näher kam , seine Abgesandtschaft erzählte ; und da beide den ersten Teil dieser Historie gelesen hatten und daraus die wunderliche Sinnesart des Don Quixote kannten , so erwarteten sie ihn mit dem größten Vergnügen und der heftigsten Neugier , indem sie sich vornahmen , seiner Laune zu folgen und in allem , was er sagen würde , mit ihm übereinzustimmen , ihn , solange er bei ihnen bliebe , ganz wie einen irrenden Ritter zu behandeln , mit allen jenen Zeremonien , die in den Ritterbüchern gebräuchlich sind , welche sie gelesen hatten und überdies sehr liebten .« versetzte Don Quixote , » wende	6146	50	17702-Cervantes_Saavedra__Miguel_de.tsv
KON	KON		KON	und		So kam er mit würdigem Anstande herbei , der Herzogin die Hand zu küssen , die indessen ihren Gemahl , den Herzog , hatte rufen lassen , dem sie , während Don Quixote näher kam , seine Abgesandtschaft erzählte ; und da beide den ersten Teil dieser Historie gelesen hatten und daraus die wunderliche Sinnesart des Don Quixote kannten , so erwarteten sie ihn mit dem größten Vergnügen	und	der heftigsten Neugier , indem sie sich vornahmen , seiner Laune zu folgen und in allem , was er sagen würde , mit ihm übereinzustimmen , ihn , solange er bei ihnen bliebe , ganz wie einen irrenden Ritter zu behandeln , mit allen jenen Zeremonien , die in den Ritterbüchern gebräuchlich sind , welche sie gelesen hatten und überdies sehr liebten .	und Höflichkeit bis zum Himmel erhob .So kam er mit würdigem Anstande herbei , der Herzogin die Hand zu küssen , die indessen ihren Gemahl , den Herzog , hatte rufen lassen , dem sie , während Don Quixote näher kam , seine Abgesandtschaft erzählte ; und da beide den ersten Teil dieser Historie gelesen hatten und daraus die wunderliche Sinnesart des Don Quixote kannten , so erwarteten sie ihn mit dem größten Vergnügen und der heftigsten Neugier , indem sie sich vornahmen , seiner Laune zu folgen und in allem , was er sagen würde , mit ihm übereinzustimmen , ihn , solange er bei ihnen bliebe , ganz wie einen irrenden Ritter zu behandeln , mit allen jenen Zeremonien , die in den Ritterbüchern gebräuchlich sind , welche sie gelesen hatten und überdies sehr liebten .« versetzte Don Quixote , » wende	6146	68	17702-Cervantes_Saavedra__Miguel_de.tsv
KON	KON		KON	und		So kam er mit würdigem Anstande herbei , der Herzogin die Hand zu küssen , die indessen ihren Gemahl , den Herzog , hatte rufen lassen , dem sie , während Don Quixote näher kam , seine Abgesandtschaft erzählte ; und da beide den ersten Teil dieser Historie gelesen hatten und daraus die wunderliche Sinnesart des Don Quixote kannten , so erwarteten sie ihn mit dem größten Vergnügen und der heftigsten Neugier , indem sie sich vornahmen , seiner Laune zu folgen	und	in allem , was er sagen würde , mit ihm übereinzustimmen , ihn , solange er bei ihnen bliebe , ganz wie einen irrenden Ritter zu behandeln , mit allen jenen Zeremonien , die in den Ritterbüchern gebräuchlich sind , welche sie gelesen hatten und überdies sehr liebten .	und Höflichkeit bis zum Himmel erhob .So kam er mit würdigem Anstande herbei , der Herzogin die Hand zu küssen , die indessen ihren Gemahl , den Herzog , hatte rufen lassen , dem sie , während Don Quixote näher kam , seine Abgesandtschaft erzählte ; und da beide den ersten Teil dieser Historie gelesen hatten und daraus die wunderliche Sinnesart des Don Quixote kannten , so erwarteten sie ihn mit dem größten Vergnügen und der heftigsten Neugier , indem sie sich vornahmen , seiner Laune zu folgen und in allem , was er sagen würde , mit ihm übereinzustimmen , ihn , solange er bei ihnen bliebe , ganz wie einen irrenden Ritter zu behandeln , mit allen jenen Zeremonien , die in den Ritterbüchern gebräuchlich sind , welche sie gelesen hatten und überdies sehr liebten .« versetzte Don Quixote , » wende	6146	82	17702-Cervantes_Saavedra__Miguel_de.tsv
KON	KON		KON	und		So kam er mit würdigem Anstande herbei , der Herzogin die Hand zu küssen , die indessen ihren Gemahl , den Herzog , hatte rufen lassen , dem sie , während Don Quixote näher kam , seine Abgesandtschaft erzählte ; und da beide den ersten Teil dieser Historie gelesen hatten und daraus die wunderliche Sinnesart des Don Quixote kannten , so erwarteten sie ihn mit dem größten Vergnügen und der heftigsten Neugier , indem sie sich vornahmen , seiner Laune zu folgen und in allem , was er sagen würde , mit ihm übereinzustimmen , ihn , solange er bei ihnen bliebe , ganz wie einen irrenden Ritter zu behandeln , mit allen jenen Zeremonien , die in den Ritterbüchern gebräuchlich sind , welche sie gelesen hatten	und	überdies sehr liebten .	und Höflichkeit bis zum Himmel erhob .So kam er mit würdigem Anstande herbei , der Herzogin die Hand zu küssen , die indessen ihren Gemahl , den Herzog , hatte rufen lassen , dem sie , während Don Quixote näher kam , seine Abgesandtschaft erzählte ; und da beide den ersten Teil dieser Historie gelesen hatten und daraus die wunderliche Sinnesart des Don Quixote kannten , so erwarteten sie ihn mit dem größten Vergnügen und der heftigsten Neugier , indem sie sich vornahmen , seiner Laune zu folgen und in allem , was er sagen würde , mit ihm übereinzustimmen , ihn , solange er bei ihnen bliebe , ganz wie einen irrenden Ritter zu behandeln , mit allen jenen Zeremonien , die in den Ritterbüchern gebräuchlich sind , welche sie gelesen hatten und überdies sehr liebten .« versetzte Don Quixote , » wende	6146	127	17702-Cervantes_Saavedra__Miguel_de.tsv
KON	KON		KON	und		An seinem Bett saß stumm , die dunklen Augen fast bewegungslos auf sein Gesicht geheftet , Abdallah ben Zarujah , der Emir aus der Hedjas ,	und	am andern Ende der stumpfsinnige Schützling Nini's .	hob den Vorhang und öffnete sie .An seinem Bett saß stumm , die dunklen Augen fast bewegungslos auf sein Gesicht geheftet , Abdallah ben Zarujah , der Emir aus der Hedjas , und am andern Ende der stumpfsinnige Schützling Nini's .« Trotz aller Vorsicht der Obrigkeit ,	11048	26	31528-Goedsche__Herrmann.tsv
KON	KON		KON	und		Die Spahis , von der Bevölkerung gern aufgenommen , verteilten sich in verschiedene arabische Häuser , während der Ingenieur	und	die Offiziere die Gastfreundschaft eines Landsmannes annahmen .	, untermischt mit mehreren französischen Kolonisten .Die Spahis , von der Bevölkerung gern aufgenommen , verteilten sich in verschiedene arabische Häuser , während der Ingenieur und die Offiziere die Gastfreundschaft eines Landsmannes annahmen .– Das glaube ich !	708	19	107546-Verne__Jules.tsv
KON	KON		KON	und		Das war schwer , sehr schwer	und	klang aber doch so außerordentlich natürlich , so ungewollt , so ganz von selbst .	; hier war das eine Unmöglichkeit .Das war schwer , sehr schwer und klang aber doch so außerordentlich natürlich , so ungewollt , so ganz von selbst .Unser Gesang ist Kunst ; dieser war	2663	6	79322-May__Karl.tsv
KON	KON		KON	und		Ihr Haar war dunkelblond , ein wenig heller als das des Bruders , die Augen fast schwarz , funkelnd	und	stolz , zugleich aber zuweilen ungewöhnlich gütig .	nicht der Weichheit und Grazie beraubte .Ihr Haar war dunkelblond , ein wenig heller als das des Bruders , die Augen fast schwarz , funkelnd und stolz , zugleich aber zuweilen ungewöhnlich gütig .Rasumichin war mit seiner plötzlichen , im	9034	19	22509-Dostoevskij__F_dor_Michajlovi_.tsv
KON	KON		KON	und		Natur hatte das Ihre gethan , um ihm diese Mühe zu ersparen , das wußte mein Vater ,	und	so hätte er sie sich auch ersparen können .	erbärmliches und böswilliges on dit ist .Natur hatte das Ihre gethan , um ihm diese Mühe zu ersparen , das wußte mein Vater , und so hätte er sie sich auch ersparen können .Es ist daher besser , ich werfe	5364	18	99260-Sterne__Laurence.tsv
KON	KON		KON	und		Sie nahm es	und	wie silberner Glockenton tönte mir ihr : » Grazie , Signore « , das ein süßes Lächeln begleitete .	auf den Knieen als nötig war .Sie nahm es und wie silberner Glockenton tönte mir ihr : » Grazie , Signore « , das ein süßes Lächeln begleitete .› Steigt hinauf , ‹ flüsterte meine	225	3	79878-Meysenbug__Malwida_Freiin_von.tsv
KON	KON		KON	und		Dies heißt , vielmehr hieße , rassenhygienisch in die Sexualkrise entwirrend eingreifen , den Menschen ihr natürliches Anrecht an ein vollerfülltes biologisches Schicksal	und	damit jenes natürliche Glücksgefühl wiedergeben , dessen Mangel selbst die stolzesten Naturen in ihrer Elastizität zerbricht , sie zu verkümmernden , entartenden Sonderlingen macht / es hieße der schamlosen Verkehrung des Werbekampfes mit ihren verhängnisvollen Folgen auf die Früchte dieses Kampfes Einhalt tun und normale Früchte des Rasseprozesses / befreit von einer verfälschten Auslese / erzielen .	, die die Rasse nicht schädigt .Dies heißt , vielmehr hieße , rassenhygienisch in die Sexualkrise entwirrend eingreifen , den Menschen ihr natürliches Anrecht an ein vollerfülltes biologisches Schicksal und damit jenes natürliche Glücksgefühl wiedergeben , dessen Mangel selbst die stolzesten Naturen in ihrer Elastizität zerbricht , sie zu verkümmernden , entartenden Sonderlingen macht / es hieße der schamlosen Verkehrung des Werbekampfes mit ihren verhängnisvollen Folgen auf die Früchte dieses Kampfes Einhalt tun und normale Früchte des Rasseprozesses / befreit von einer verfälschten Auslese / erzielen .Diese Möglichkeit ist nur zu erzielen :	3220	23	79544-Meisel_Hess__Grete.tsv
KON	KON		KON	und		Dies heißt , vielmehr hieße , rassenhygienisch in die Sexualkrise entwirrend eingreifen , den Menschen ihr natürliches Anrecht an ein vollerfülltes biologisches Schicksal und damit jenes natürliche Glücksgefühl wiedergeben , dessen Mangel selbst die stolzesten Naturen in ihrer Elastizität zerbricht , sie zu verkümmernden , entartenden Sonderlingen macht / es hieße der schamlosen Verkehrung des Werbekampfes mit ihren verhängnisvollen Folgen auf die Früchte dieses Kampfes Einhalt tun	und	normale Früchte des Rasseprozesses / befreit von einer verfälschten Auslese / erzielen .	, die die Rasse nicht schädigt .Dies heißt , vielmehr hieße , rassenhygienisch in die Sexualkrise entwirrend eingreifen , den Menschen ihr natürliches Anrecht an ein vollerfülltes biologisches Schicksal und damit jenes natürliche Glücksgefühl wiedergeben , dessen Mangel selbst die stolzesten Naturen in ihrer Elastizität zerbricht , sie zu verkümmernden , entartenden Sonderlingen macht / es hieße der schamlosen Verkehrung des Werbekampfes mit ihren verhängnisvollen Folgen auf die Früchte dieses Kampfes Einhalt tun und normale Früchte des Rasseprozesses / befreit von einer verfälschten Auslese / erzielen .Diese Möglichkeit ist nur zu erzielen :	3220	67	79544-Meisel_Hess__Grete.tsv
KON	KON		KON	und		Ich habe schon im vergangenen Jahre in Neapel ( 1821 ) die Beobachtung gemacht , daß ausgezeichnete Musik – auch ein gutes Ballett , ich denke an » Othello «	und	» Die Vestalin « , Balletts von Viganò , – mich an das denken macht , was tagsüber schon der Gegenstand meiner Träumereien war , und daß ich dabei meine besten Einfälle habe .	, in eine köstliche Frucht verwandelt .Ich habe schon im vergangenen Jahre in Neapel ( 1821 ) die Beobachtung gemacht , daß ausgezeichnete Musik – auch ein gutes Ballett , ich denke an » Othello « und » Die Vestalin « , Balletts von Viganò , – mich an das denken macht , was tagsüber schon der Gegenstand meiner Träumereien war , und daß ich dabei meine besten Einfälle habe .Ist unsre Geliebte unsre vertrauteste Freundin geworden	2182	30	99251-Stendhal.tsv
KON	KON		KON	und		Ich habe schon im vergangenen Jahre in Neapel ( 1821 ) die Beobachtung gemacht , daß ausgezeichnete Musik – auch ein gutes Ballett , ich denke an » Othello « und » Die Vestalin « , Balletts von Viganò , – mich an das denken macht , was tagsüber schon der Gegenstand meiner Träumereien war ,	und	daß ich dabei meine besten Einfälle habe .	, in eine köstliche Frucht verwandelt .Ich habe schon im vergangenen Jahre in Neapel ( 1821 ) die Beobachtung gemacht , daß ausgezeichnete Musik – auch ein gutes Ballett , ich denke an » Othello « und » Die Vestalin « , Balletts von Viganò , – mich an das denken macht , was tagsüber schon der Gegenstand meiner Träumereien war , und daß ich dabei meine besten Einfälle habe .Ist unsre Geliebte unsre vertrauteste Freundin geworden	2182	56	99251-Stendhal.tsv
KON	KON		KON	und		– Hypothesen sind Wesen , die vater-	und	mutterlos sind , die indeß Vernunft und Erfahrung zu natürlichen Vormündern haben .	Mensch , der ohne Täuschungen wäre ?– Hypothesen sind Wesen , die vater- und mutterlos sind , die indeß Vernunft und Erfahrung zu natürlichen Vormündern haben .– Doch glaub' ich mich an dem	5153	7	62296-Hippel__Theodor_Gottlieb_von.tsv
KON	KON		KON	und		– Hypothesen sind Wesen , die vater- und mutterlos sind , die indeß Vernunft	und	Erfahrung zu natürlichen Vormündern haben .	Mensch , der ohne Täuschungen wäre ?– Hypothesen sind Wesen , die vater- und mutterlos sind , die indeß Vernunft und Erfahrung zu natürlichen Vormündern haben .– Doch glaub' ich mich an dem	5153	14	62296-Hippel__Theodor_Gottlieb_von.tsv