DTA-Tag	TT-Tag	MM-TAg	Perceptron-Tag	Lemma	newtag	Prefix	Wort	Suffix	Sentence_neighborhood	sentence_index	index	filename
NE	NE		NE	Abdallah		An seinem Bett saß stumm , die dunklen Augen fast bewegungslos auf sein Gesicht geheftet ,	Abdallah	ben Zarujah , der Emir aus der Hedjas , und am andern Ende der stumpfsinnige Schützling Nini's .	hob den Vorhang und öffnete sie .An seinem Bett saß stumm , die dunklen Augen fast bewegungslos auf sein Gesicht geheftet , Abdallah ben Zarujah , der Emir aus der Hedjas , und am andern Ende der stumpfsinnige Schützling Nini's .« Trotz aller Vorsicht der Obrigkeit ,	11048	16	31528-Goedsche__Herrmann.tsv
NE	NE		NE	Amerika		Wenn die Entscheidung zugunsten	Amerikas	ausfällt , wird ein Teil der Claims am Forty Miles Creek amerikanisch .	Herr Skim , entgegnete der Scout .Wenn die Entscheidung zugunsten Amerikas ausfällt , wird ein Teil der Claims am Forty Miles Creek amerikanisch .Doch um von da aus nach der	6333	4	107542-Verne__Jules.tsv
NE	VVFIN		NE	Ben		An seinem Bett saß stumm , die dunklen Augen fast bewegungslos auf sein Gesicht geheftet , Abdallah	ben	Zarujah , der Emir aus der Hedjas , und am andern Ende der stumpfsinnige Schützling Nini's .	hob den Vorhang und öffnete sie .An seinem Bett saß stumm , die dunklen Augen fast bewegungslos auf sein Gesicht geheftet , Abdallah ben Zarujah , der Emir aus der Hedjas , und am andern Ende der stumpfsinnige Schützling Nini's .« Trotz aller Vorsicht der Obrigkeit ,	11048	17	31528-Goedsche__Herrmann.tsv
NE	NN		NE	Bopfingen		Im Anfang des vierzehnten Jahrhunderts nach Christi des Herrn Menschwerdung , hauste auf dem Schlößchen in Trochtelfingen , da wo man gen	Bopfingen	geht , Herr Gerung von Emmershofen , ein stattlicher Ritter , edel von Geschlecht wie von Gesinnung .	gar sehr ähnliche Knäblein geboren hatte .Im Anfang des vierzehnten Jahrhunderts nach Christi des Herrn Menschwerdung , hauste auf dem Schlößchen in Trochtelfingen , da wo man gen Bopfingen geht , Herr Gerung von Emmershofen , ein stattlicher Ritter , edel von Geschlecht wie von Gesinnung .Emsig und verständig stand Frau Wiltrude ihrem	50	22	94482-Sch_ppner__Alexander.tsv
NE	NE		NE	Christi		Im Anfang des vierzehnten Jahrhunderts nach	Christi	des Herrn Menschwerdung , hauste auf dem Schlößchen in Trochtelfingen , da wo man gen Bopfingen geht , Herr Gerung von Emmershofen , ein stattlicher Ritter , edel von Geschlecht wie von Gesinnung .	gar sehr ähnliche Knäblein geboren hatte .Im Anfang des vierzehnten Jahrhunderts nach Christi des Herrn Menschwerdung , hauste auf dem Schlößchen in Trochtelfingen , da wo man gen Bopfingen geht , Herr Gerung von Emmershofen , ein stattlicher Ritter , edel von Geschlecht wie von Gesinnung .Emsig und verständig stand Frau Wiltrude ihrem	50	6	94482-Sch_ppner__Alexander.tsv
NE	NN		NE	Claim		Wenn die Entscheidung zugunsten Amerikas ausfällt , wird ein Teil der	Claims	am Forty Miles Creek amerikanisch .	Herr Skim , entgegnete der Scout .Wenn die Entscheidung zugunsten Amerikas ausfällt , wird ein Teil der Claims am Forty Miles Creek amerikanisch .Doch um von da aus nach der	6333	11	107542-Verne__Jules.tsv
NE	NE		NE	Creek		Wenn die Entscheidung zugunsten Amerikas ausfällt , wird ein Teil der Claims am Forty Miles	Creek	amerikanisch .	Herr Skim , entgegnete der Scout .Wenn die Entscheidung zugunsten Amerikas ausfällt , wird ein Teil der Claims am Forty Miles Creek amerikanisch .Doch um von da aus nach der	6333	15	107542-Verne__Jules.tsv
NE	NE		NE	Cäsar		Nun aber hör ich ihn sagen : Die Welt , die	Cäsarn	dient , ist meiner nicht mehr wert .	auch nachher mit seinem Unglücke bekannt .Nun aber hör ich ihn sagen : Die Welt , die Cäsarn dient , ist meiner nicht mehr wert .Schrecken !	886	11	73651-Lessing__Gotthold_Ephraim.tsv
NE	NE		NE	De		Då drap et sik , dat dem huinen	de	lampe iutgonk .	'e : » Ik saihe lecht .Då drap et sik , dat dem huinen de lampe iutgonk .Då sach de hane : » Ik	8	8	71463-Kuhn__Adalbert.tsv
NE	NE		NE	Egloff		Endlich begann	Egloff	wieder zu sprechen : » Sie sehen , dieses Haus schüchtert mich so ein , ich unterlasse wahrscheinlich wichtige Dinge .	Hand , und dann schwiegen sie .Endlich begann Egloff wieder zu sprechen : » Sie sehen , dieses Haus schüchtert mich so ein , ich unterlasse wahrscheinlich wichtige Dinge .« – » Gottlos , « wiederholte	653	2	66883-Keyserling__Eduard_von.tsv
NE	NN		NN	Gerung		Im Anfang des vierzehnten Jahrhunderts nach Christi des Herrn Menschwerdung , hauste auf dem Schlößchen in Trochtelfingen , da wo man gen Bopfingen geht , Herr	Gerung	von Emmershofen , ein stattlicher Ritter , edel von Geschlecht wie von Gesinnung .	gar sehr ähnliche Knäblein geboren hatte .Im Anfang des vierzehnten Jahrhunderts nach Christi des Herrn Menschwerdung , hauste auf dem Schlößchen in Trochtelfingen , da wo man gen Bopfingen geht , Herr Gerung von Emmershofen , ein stattlicher Ritter , edel von Geschlecht wie von Gesinnung .Emsig und verständig stand Frau Wiltrude ihrem	50	26	94482-Sch_ppner__Alexander.tsv
NE	ADV		NE	Hohoho			hohoho	!	« » Wie ?hohoho !Auch vom Rhein beziehen wir jetzt Alles	341	0	26924-Franzos__Karl_Emil.tsv
NE	NE		NN	Iutgonk		Då drap et sik , dat dem huinen de lampe	iutgonk	.	'e : » Ik saihe lecht .Då drap et sik , dat dem huinen de lampe iutgonk .Då sach de hane : » Ik	8	10	71463-Kuhn__Adalbert.tsv
NE	NE		NE	Korpanoff		Begleitete mich dagegen jenes junge Mädchen , so müßte ich ja in Aller Augen weit mehr als der Kaufmann Nicolaus	Korpanoff	meines Podaroshna erscheinen .	Verdacht wegen meiner Person zu zerstreuen .Begleitete mich dagegen jenes junge Mädchen , so müßte ich ja in Aller Augen weit mehr als der Kaufmann Nicolaus Korpanoff meines Podaroshna erscheinen .» Ja , sagte er sich ,	5271	20	107503-Verne__Jules.tsv
NE	NN		NE	Lange		« Der	Lange	trug sie hin und sprach » ich wollte ihn wohl herausholen , wenn ich ihn nur sehen könnte .	geholt werden , nun schafft Rat .« Der Lange trug sie hin und sprach » ich wollte ihn wohl herausholen , wenn ich ihn nur sehen könnte .» Daß du mir einen Ring herbeibringst	31	2	50958-Grimm__Jacob_und_Wilhelm.tsv
NE	NE		NE	Miles		Wenn die Entscheidung zugunsten Amerikas ausfällt , wird ein Teil der Claims am Forty	Miles	Creek amerikanisch .	Herr Skim , entgegnete der Scout .Wenn die Entscheidung zugunsten Amerikas ausfällt , wird ein Teil der Claims am Forty Miles Creek amerikanisch .Doch um von da aus nach der	6333	14	107542-Verne__Jules.tsv
NE	NE		NE	Neapel		Ich habe schon im vergangenen Jahre in	Neapel	( 1821 ) die Beobachtung gemacht , daß ausgezeichnete Musik – auch ein gutes Ballett , ich denke an » Othello « und » Die Vestalin « , Balletts von Viganò , – mich an das denken macht , was tagsüber schon der Gegenstand meiner Träumereien war , und daß ich dabei meine besten Einfälle habe .	, in eine köstliche Frucht verwandelt .Ich habe schon im vergangenen Jahre in Neapel ( 1821 ) die Beobachtung gemacht , daß ausgezeichnete Musik – auch ein gutes Ballett , ich denke an » Othello « und » Die Vestalin « , Balletts von Viganò , – mich an das denken macht , was tagsüber schon der Gegenstand meiner Träumereien war , und daß ich dabei meine besten Einfälle habe .Ist unsre Geliebte unsre vertrauteste Freundin geworden	2182	7	99251-Stendhal.tsv
NE	NE		NE	Nicolaus		Begleitete mich dagegen jenes junge Mädchen , so müßte ich ja in Aller Augen weit mehr als der Kaufmann	Nicolaus	Korpanoff meines Podaroshna erscheinen .	Verdacht wegen meiner Person zu zerstreuen .Begleitete mich dagegen jenes junge Mädchen , so müßte ich ja in Aller Augen weit mehr als der Kaufmann Nicolaus Korpanoff meines Podaroshna erscheinen .» Ja , sagte er sich ,	5271	19	107503-Verne__Jules.tsv
NE	NE		NE	Ninis		An seinem Bett saß stumm , die dunklen Augen fast bewegungslos auf sein Gesicht geheftet , Abdallah ben Zarujah , der Emir aus der Hedjas , und am andern Ende der stumpfsinnige Schützling	Nini's	.	hob den Vorhang und öffnete sie .An seinem Bett saß stumm , die dunklen Augen fast bewegungslos auf sein Gesicht geheftet , Abdallah ben Zarujah , der Emir aus der Hedjas , und am andern Ende der stumpfsinnige Schützling Nini's .« Trotz aller Vorsicht der Obrigkeit ,	11048	33	31528-Goedsche__Herrmann.tsv
NE	NE		NE	Othello		Ich habe schon im vergangenen Jahre in Neapel ( 1821 ) die Beobachtung gemacht , daß ausgezeichnete Musik – auch ein gutes Ballett , ich denke an »	Othello	« und » Die Vestalin « , Balletts von Viganò , – mich an das denken macht , was tagsüber schon der Gegenstand meiner Träumereien war , und daß ich dabei meine besten Einfälle habe .	, in eine köstliche Frucht verwandelt .Ich habe schon im vergangenen Jahre in Neapel ( 1821 ) die Beobachtung gemacht , daß ausgezeichnete Musik – auch ein gutes Ballett , ich denke an » Othello « und » Die Vestalin « , Balletts von Viganò , – mich an das denken macht , was tagsüber schon der Gegenstand meiner Träumereien war , und daß ich dabei meine besten Einfälle habe .Ist unsre Geliebte unsre vertrauteste Freundin geworden	2182	28	99251-Stendhal.tsv
NE	NN		ADJD	Trochtelfingen		Im Anfang des vierzehnten Jahrhunderts nach Christi des Herrn Menschwerdung , hauste auf dem Schlößchen in	Trochtelfingen	, da wo man gen Bopfingen geht , Herr Gerung von Emmershofen , ein stattlicher Ritter , edel von Geschlecht wie von Gesinnung .	gar sehr ähnliche Knäblein geboren hatte .Im Anfang des vierzehnten Jahrhunderts nach Christi des Herrn Menschwerdung , hauste auf dem Schlößchen in Trochtelfingen , da wo man gen Bopfingen geht , Herr Gerung von Emmershofen , ein stattlicher Ritter , edel von Geschlecht wie von Gesinnung .Emsig und verständig stand Frau Wiltrude ihrem	50	16	94482-Sch_ppner__Alexander.tsv
NE	NE		NE	Vigano		Ich habe schon im vergangenen Jahre in Neapel ( 1821 ) die Beobachtung gemacht , daß ausgezeichnete Musik – auch ein gutes Ballett , ich denke an » Othello « und » Die Vestalin « , Balletts von	Viganò	, – mich an das denken macht , was tagsüber schon der Gegenstand meiner Träumereien war , und daß ich dabei meine besten Einfälle habe .	, in eine köstliche Frucht verwandelt .Ich habe schon im vergangenen Jahre in Neapel ( 1821 ) die Beobachtung gemacht , daß ausgezeichnete Musik – auch ein gutes Ballett , ich denke an » Othello « und » Die Vestalin « , Balletts von Viganò , – mich an das denken macht , was tagsüber schon der Gegenstand meiner Träumereien war , und daß ich dabei meine besten Einfälle habe .Ist unsre Geliebte unsre vertrauteste Freundin geworden	2182	38	99251-Stendhal.tsv
NE	NE		NE	Zarujah		An seinem Bett saß stumm , die dunklen Augen fast bewegungslos auf sein Gesicht geheftet , Abdallah ben	Zarujah	, der Emir aus der Hedjas , und am andern Ende der stumpfsinnige Schützling Nini's .	hob den Vorhang und öffnete sie .An seinem Bett saß stumm , die dunklen Augen fast bewegungslos auf sein Gesicht geheftet , Abdallah ben Zarujah , der Emir aus der Hedjas , und am andern Ende der stumpfsinnige Schützling Nini's .« Trotz aller Vorsicht der Obrigkeit ,	11048	18	31528-Goedsche__Herrmann.tsv
NE	NN		NE	Εποιει		Wenn alle Künstler , welche εποιησε gebraucht , unter die späten gehören : so gehören darum nicht alle , die sich des	εποιει	bedienet , unter die ältern .	Winckelmann selbst mag hierüber Richter sein !Wenn alle Künstler , welche εποιησε gebraucht , unter die späten gehören : so gehören darum nicht alle , die sich des εποιει bedienet , unter die ältern .Sehr wohl ; Longins Worte , aber	419	22	73654-Lessing__Gotthold_Ephraim.tsv
NE	NE		NE	Εποιησε		Wenn alle Künstler , welche	εποιησε	gebraucht , unter die späten gehören : so gehören darum nicht alle , die sich des εποιει bedienet , unter die ältern .	Winckelmann selbst mag hierüber Richter sein !Wenn alle Künstler , welche εποιησε gebraucht , unter die späten gehören : so gehören darum nicht alle , die sich des εποιει bedienet , unter die ältern .Sehr wohl ; Longins Worte , aber	419	5	73654-Lessing__Gotthold_Ephraim.tsv