DTA-Tag	TT-Tag	MM-TAg	Perceptron-Tag	Lemma	newtag	Prefix	Wort	Suffix	Sentence_neighborhood	sentence_index	index	filename
PPOSAT	PPER		PPOSAT	ihr			Ihr	Haar war dunkelblond , ein wenig heller als das des Bruders , die Augen fast schwarz , funkelnd und stolz , zugleich aber zuweilen ungewöhnlich gütig .	nicht der Weichheit und Grazie beraubte .Ihr Haar war dunkelblond , ein wenig heller als das des Bruders , die Augen fast schwarz , funkelnd und stolz , zugleich aber zuweilen ungewöhnlich gütig .Rasumichin war mit seiner plötzlichen , im	9034	0	22509-Dostoevskij__F_dor_Michajlovi_.tsv
PPOSAT	PPOSAT		PPOSAT	ihr		Natur hatte das	Ihre	gethan , um ihm diese Mühe zu ersparen , das wußte mein Vater , und so hätte er sie sich auch ersparen können .	erbärmliches und böswilliges on dit ist .Natur hatte das Ihre gethan , um ihm diese Mühe zu ersparen , das wußte mein Vater , und so hätte er sie sich auch ersparen können .Es ist daher besser , ich werfe	5364	3	99260-Sterne__Laurence.tsv
PPOSAT	PPOSAT		PPOSAT	ihr			Ihre	Geduld war zu Ende .	den ein dritter Wagen gebracht hatte .Ihre Geduld war zu Ende .Madame Hugon dankte sodann den Herren Fauchery	131	0	112135-Zola___mile.tsv
PPOSAT	PPOSAT		PPOSAT	ihr		Dies heißt , vielmehr hieße , rassenhygienisch in die Sexualkrise entwirrend eingreifen , den Menschen	ihr	natürliches Anrecht an ein vollerfülltes biologisches Schicksal und damit jenes natürliche Glücksgefühl wiedergeben , dessen Mangel selbst die stolzesten Naturen in ihrer Elastizität zerbricht , sie zu verkümmernden , entartenden Sonderlingen macht / es hieße der schamlosen Verkehrung des Werbekampfes mit ihren verhängnisvollen Folgen auf die Früchte dieses Kampfes Einhalt tun und normale Früchte des Rasseprozesses / befreit von einer verfälschten Auslese / erzielen .	, die die Rasse nicht schädigt .Dies heißt , vielmehr hieße , rassenhygienisch in die Sexualkrise entwirrend eingreifen , den Menschen ihr natürliches Anrecht an ein vollerfülltes biologisches Schicksal und damit jenes natürliche Glücksgefühl wiedergeben , dessen Mangel selbst die stolzesten Naturen in ihrer Elastizität zerbricht , sie zu verkümmernden , entartenden Sonderlingen macht / es hieße der schamlosen Verkehrung des Werbekampfes mit ihren verhängnisvollen Folgen auf die Früchte dieses Kampfes Einhalt tun und normale Früchte des Rasseprozesses / befreit von einer verfälschten Auslese / erzielen .Diese Möglichkeit ist nur zu erzielen :	3220	15	79544-Meisel_Hess__Grete.tsv
PPOSAT	PPOSAT		PPOSAT	ihr		Die Gefangene – denn es war eine weibliche Stimme , welche ich vernommen hatte – hatte mit ihren Worten wohl	ihre	letzten Kräfte erschöpft .	« » Wo hast du ihn ?Die Gefangene – denn es war eine weibliche Stimme , welche ich vernommen hatte – hatte mit ihren Worten wohl ihre letzten Kräfte erschöpft .Von hier bis Wam-poa braucht ein Dampfer	1861	20	79318-May__Karl.tsv
PPOSAT	PPOSAT		PPOSAT	ihr		Der Gedanke , die Talente dieser anmutigen Künstlerin mit den seinigen zu verbinden ,	ihre	beiden Existenzen zu einer zu verschmelzen , eine künftige Familie kleiner , ihres Vaters und ihrer Mutter würdiger Cascabels zu gründen , lag für den wackeren Gaukler auf der Hand .	scharfsinnigen Manne gewiß nicht überraschen wird .Der Gedanke , die Talente dieser anmutigen Künstlerin mit den seinigen zu verbinden , ihre beiden Existenzen zu einer zu verschmelzen , eine künftige Familie kleiner , ihres Vaters und ihrer Mutter würdiger Cascabels zu gründen , lag für den wackeren Gaukler auf der Hand .... « fiel Ortik ein .	2928	14	107522-Verne__Jules.tsv
PPOSAT	PPOSAT		PPOSAT	ihr		So kam er mit würdigem Anstande herbei , der Herzogin die Hand zu küssen , die indessen	ihren	Gemahl , den Herzog , hatte rufen lassen , dem sie , während Don Quixote näher kam , seine Abgesandtschaft erzählte ; und da beide den ersten Teil dieser Historie gelesen hatten und daraus die wunderliche Sinnesart des Don Quixote kannten , so erwarteten sie ihn mit dem größten Vergnügen und der heftigsten Neugier , indem sie sich vornahmen , seiner Laune zu folgen und in allem , was er sagen würde , mit ihm übereinzustimmen , ihn , solange er bei ihnen bliebe , ganz wie einen irrenden Ritter zu behandeln , mit allen jenen Zeremonien , die in den Ritterbüchern gebräuchlich sind , welche sie gelesen hatten und überdies sehr liebten .	und Höflichkeit bis zum Himmel erhob .So kam er mit würdigem Anstande herbei , der Herzogin die Hand zu küssen , die indessen ihren Gemahl , den Herzog , hatte rufen lassen , dem sie , während Don Quixote näher kam , seine Abgesandtschaft erzählte ; und da beide den ersten Teil dieser Historie gelesen hatten und daraus die wunderliche Sinnesart des Don Quixote kannten , so erwarteten sie ihn mit dem größten Vergnügen und der heftigsten Neugier , indem sie sich vornahmen , seiner Laune zu folgen und in allem , was er sagen würde , mit ihm übereinzustimmen , ihn , solange er bei ihnen bliebe , ganz wie einen irrenden Ritter zu behandeln , mit allen jenen Zeremonien , die in den Ritterbüchern gebräuchlich sind , welche sie gelesen hatten und überdies sehr liebten .« versetzte Don Quixote , » wende	6146	17	17702-Cervantes_Saavedra__Miguel_de.tsv
PPOSAT	PPOSAT		PPOSAT	ihr		Dies heißt , vielmehr hieße , rassenhygienisch in die Sexualkrise entwirrend eingreifen , den Menschen ihr natürliches Anrecht an ein vollerfülltes biologisches Schicksal und damit jenes natürliche Glücksgefühl wiedergeben , dessen Mangel selbst die stolzesten Naturen in ihrer Elastizität zerbricht , sie zu verkümmernden , entartenden Sonderlingen macht / es hieße der schamlosen Verkehrung des Werbekampfes mit	ihren	verhängnisvollen Folgen auf die Früchte dieses Kampfes Einhalt tun und normale Früchte des Rasseprozesses / befreit von einer verfälschten Auslese / erzielen .	, die die Rasse nicht schädigt .Dies heißt , vielmehr hieße , rassenhygienisch in die Sexualkrise entwirrend eingreifen , den Menschen ihr natürliches Anrecht an ein vollerfülltes biologisches Schicksal und damit jenes natürliche Glücksgefühl wiedergeben , dessen Mangel selbst die stolzesten Naturen in ihrer Elastizität zerbricht , sie zu verkümmernden , entartenden Sonderlingen macht / es hieße der schamlosen Verkehrung des Werbekampfes mit ihren verhängnisvollen Folgen auf die Früchte dieses Kampfes Einhalt tun und normale Früchte des Rasseprozesses / befreit von einer verfälschten Auslese / erzielen .Diese Möglichkeit ist nur zu erzielen :	3220	57	79544-Meisel_Hess__Grete.tsv
PPOSAT	PPOSAT		PPOSAT	ihr		Die Gefangene – denn es war eine weibliche Stimme , welche ich vernommen hatte – hatte mit	ihren	Worten wohl ihre letzten Kräfte erschöpft .	« » Wo hast du ihn ?Die Gefangene – denn es war eine weibliche Stimme , welche ich vernommen hatte – hatte mit ihren Worten wohl ihre letzten Kräfte erschöpft .Von hier bis Wam-poa braucht ein Dampfer	1861	17	79318-May__Karl.tsv
PPOSAT	PPOSAT		PPOSAT	ihr		Dies heißt , vielmehr hieße , rassenhygienisch in die Sexualkrise entwirrend eingreifen , den Menschen ihr natürliches Anrecht an ein vollerfülltes biologisches Schicksal und damit jenes natürliche Glücksgefühl wiedergeben , dessen Mangel selbst die stolzesten Naturen in	ihrer	Elastizität zerbricht , sie zu verkümmernden , entartenden Sonderlingen macht / es hieße der schamlosen Verkehrung des Werbekampfes mit ihren verhängnisvollen Folgen auf die Früchte dieses Kampfes Einhalt tun und normale Früchte des Rasseprozesses / befreit von einer verfälschten Auslese / erzielen .	, die die Rasse nicht schädigt .Dies heißt , vielmehr hieße , rassenhygienisch in die Sexualkrise entwirrend eingreifen , den Menschen ihr natürliches Anrecht an ein vollerfülltes biologisches Schicksal und damit jenes natürliche Glücksgefühl wiedergeben , dessen Mangel selbst die stolzesten Naturen in ihrer Elastizität zerbricht , sie zu verkümmernden , entartenden Sonderlingen macht / es hieße der schamlosen Verkehrung des Werbekampfes mit ihren verhängnisvollen Folgen auf die Früchte dieses Kampfes Einhalt tun und normale Früchte des Rasseprozesses / befreit von einer verfälschten Auslese / erzielen .Diese Möglichkeit ist nur zu erzielen :	3220	37	79544-Meisel_Hess__Grete.tsv
PPOSAT	PPOSAT		PPOSAT	ihr		Der Gedanke , die Talente dieser anmutigen Künstlerin mit den seinigen zu verbinden , ihre beiden Existenzen zu einer zu verschmelzen , eine künftige Familie kleiner , ihres Vaters und	ihrer	Mutter würdiger Cascabels zu gründen , lag für den wackeren Gaukler auf der Hand .	scharfsinnigen Manne gewiß nicht überraschen wird .Der Gedanke , die Talente dieser anmutigen Künstlerin mit den seinigen zu verbinden , ihre beiden Existenzen zu einer zu verschmelzen , eine künftige Familie kleiner , ihres Vaters und ihrer Mutter würdiger Cascabels zu gründen , lag für den wackeren Gaukler auf der Hand .... « fiel Ortik ein .	2928	30	107522-Verne__Jules.tsv
PPOSAT	PPOSAT		PPOSAT	ihr		Unsre Herrin , sagte er , ist trotz	ihrer	Philosophie ein ziemlich schlichter Mensch .	, ich ordnete alle meine Angelegenheiten .Unsre Herrin , sagte er , ist trotz ihrer Philosophie ein ziemlich schlichter Mensch .Während er an unsere Ausrüstung dachte ,	2551	8	73146-Lesage__Alain_Ren_.tsv
PPOSAT	PPOSAT		PPOSAT	ihr		Der Gedanke , die Talente dieser anmutigen Künstlerin mit den seinigen zu verbinden , ihre beiden Existenzen zu einer zu verschmelzen , eine künftige Familie kleiner ,	ihres	Vaters und ihrer Mutter würdiger Cascabels zu gründen , lag für den wackeren Gaukler auf der Hand .	scharfsinnigen Manne gewiß nicht überraschen wird .Der Gedanke , die Talente dieser anmutigen Künstlerin mit den seinigen zu verbinden , ihre beiden Existenzen zu einer zu verschmelzen , eine künftige Familie kleiner , ihres Vaters und ihrer Mutter würdiger Cascabels zu gründen , lag für den wackeren Gaukler auf der Hand .... « fiel Ortik ein .	2928	27	107522-Verne__Jules.tsv
PPOSAT	PPOSAT		PPOSAT	mein		Natur hatte das Ihre gethan , um ihm diese Mühe zu ersparen , das wußte	mein	Vater , und so hätte er sie sich auch ersparen können .	erbärmliches und böswilliges on dit ist .Natur hatte das Ihre gethan , um ihm diese Mühe zu ersparen , das wußte mein Vater , und so hätte er sie sich auch ersparen können .Es ist daher besser , ich werfe	5364	15	99260-Sterne__Laurence.tsv
PPOSAT	PPOSAT		PPOSAT	meine		Ich habe schon im vergangenen Jahre in Neapel ( 1821 ) die Beobachtung gemacht , daß ausgezeichnete Musik – auch ein gutes Ballett , ich denke an » Othello « und » Die Vestalin « , Balletts von Viganò , – mich an das denken macht , was tagsüber schon der Gegenstand meiner Träumereien war , und daß ich dabei	meine	besten Einfälle habe .	, in eine köstliche Frucht verwandelt .Ich habe schon im vergangenen Jahre in Neapel ( 1821 ) die Beobachtung gemacht , daß ausgezeichnete Musik – auch ein gutes Ballett , ich denke an » Othello « und » Die Vestalin « , Balletts von Viganò , – mich an das denken macht , was tagsüber schon der Gegenstand meiner Träumereien war , und daß ich dabei meine besten Einfälle habe .Ist unsre Geliebte unsre vertrauteste Freundin geworden	2182	60	99251-Stendhal.tsv
PPOSAT	PPOSAT		PPOSAT	meine		« » Die Zustimmung zu	meinem	Selbst in einem andern .	» O nein , nein !« » Die Zustimmung zu meinem Selbst in einem andern .Und wenn ich weich gewesen wäre ,	1543	5	64877-Janitschek__Maria.tsv
PPOSAT	PPOSAT		PPOSAT	meine		Der Sieg ist uns zwar gewiß , aber für den Fall , daß er uns nicht wird , habe ich versprochen , diese Gegend mit	meinen	Kriegern sofort zu verlassen und für den heutigen Tag Frieden zu halten .	« 75 Süßer Brunnen .Der Sieg ist uns zwar gewiß , aber für den Fall , daß er uns nicht wird , habe ich versprochen , diese Gegend mit meinen Kriegern sofort zu verlassen und für den heutigen Tag Frieden zu halten .» Weil ich bei dem Ghani ,	8548	25	79321-May__Karl.tsv
PPOSAT	PPOSAT		PPOSAT	meine		Nun aber hör ich ihn sagen : Die Welt , die Cäsarn dient , ist	meiner	nicht mehr wert .	auch nachher mit seinem Unglücke bekannt .Nun aber hör ich ihn sagen : Die Welt , die Cäsarn dient , ist meiner nicht mehr wert .Schrecken !	886	15	73651-Lessing__Gotthold_Ephraim.tsv
PPOSAT	PPOSAT		PPOSAT	meine		Ich habe schon im vergangenen Jahre in Neapel ( 1821 ) die Beobachtung gemacht , daß ausgezeichnete Musik – auch ein gutes Ballett , ich denke an » Othello « und » Die Vestalin « , Balletts von Viganò , – mich an das denken macht , was tagsüber schon der Gegenstand	meiner	Träumereien war , und daß ich dabei meine besten Einfälle habe .	, in eine köstliche Frucht verwandelt .Ich habe schon im vergangenen Jahre in Neapel ( 1821 ) die Beobachtung gemacht , daß ausgezeichnete Musik – auch ein gutes Ballett , ich denke an » Othello « und » Die Vestalin « , Balletts von Viganò , – mich an das denken macht , was tagsüber schon der Gegenstand meiner Träumereien war , und daß ich dabei meine besten Einfälle habe .Ist unsre Geliebte unsre vertrauteste Freundin geworden	2182	52	99251-Stendhal.tsv
PPOSAT	PPOSAT		PPOSAT	meine		Begleitete mich dagegen jenes junge Mädchen , so müßte ich ja in Aller Augen weit mehr als der Kaufmann Nicolaus Korpanoff	meines	Podaroshna erscheinen .	Verdacht wegen meiner Person zu zerstreuen .Begleitete mich dagegen jenes junge Mädchen , so müßte ich ja in Aller Augen weit mehr als der Kaufmann Nicolaus Korpanoff meines Podaroshna erscheinen .» Ja , sagte er sich ,	5271	21	107503-Verne__Jules.tsv
PPOSAT	PPOSAT		PPOSAT	sein		An seinem Bett saß stumm , die dunklen Augen fast bewegungslos auf	sein	Gesicht geheftet , Abdallah ben Zarujah , der Emir aus der Hedjas , und am andern Ende der stumpfsinnige Schützling Nini's .	hob den Vorhang und öffnete sie .An seinem Bett saß stumm , die dunklen Augen fast bewegungslos auf sein Gesicht geheftet , Abdallah ben Zarujah , der Emir aus der Hedjas , und am andern Ende der stumpfsinnige Schützling Nini's .« Trotz aller Vorsicht der Obrigkeit ,	11048	12	31528-Goedsche__Herrmann.tsv
PPOSAT	PPOSAT		PPOSAT	seine		So kam er mit würdigem Anstande herbei , der Herzogin die Hand zu küssen , die indessen ihren Gemahl , den Herzog , hatte rufen lassen , dem sie , während Don Quixote näher kam ,	seine	Abgesandtschaft erzählte ; und da beide den ersten Teil dieser Historie gelesen hatten und daraus die wunderliche Sinnesart des Don Quixote kannten , so erwarteten sie ihn mit dem größten Vergnügen und der heftigsten Neugier , indem sie sich vornahmen , seiner Laune zu folgen und in allem , was er sagen würde , mit ihm übereinzustimmen , ihn , solange er bei ihnen bliebe , ganz wie einen irrenden Ritter zu behandeln , mit allen jenen Zeremonien , die in den Ritterbüchern gebräuchlich sind , welche sie gelesen hatten und überdies sehr liebten .	und Höflichkeit bis zum Himmel erhob .So kam er mit würdigem Anstande herbei , der Herzogin die Hand zu küssen , die indessen ihren Gemahl , den Herzog , hatte rufen lassen , dem sie , während Don Quixote näher kam , seine Abgesandtschaft erzählte ; und da beide den ersten Teil dieser Historie gelesen hatten und daraus die wunderliche Sinnesart des Don Quixote kannten , so erwarteten sie ihn mit dem größten Vergnügen und der heftigsten Neugier , indem sie sich vornahmen , seiner Laune zu folgen und in allem , was er sagen würde , mit ihm übereinzustimmen , ihn , solange er bei ihnen bliebe , ganz wie einen irrenden Ritter zu behandeln , mit allen jenen Zeremonien , die in den Ritterbüchern gebräuchlich sind , welche sie gelesen hatten und überdies sehr liebten .« versetzte Don Quixote , » wende	6146	36	17702-Cervantes_Saavedra__Miguel_de.tsv
PPOSAT	PPOSAT		PPOSAT	seine		An	seinem	Bett saß stumm , die dunklen Augen fast bewegungslos auf sein Gesicht geheftet , Abdallah ben Zarujah , der Emir aus der Hedjas , und am andern Ende der stumpfsinnige Schützling Nini's .	hob den Vorhang und öffnete sie .An seinem Bett saß stumm , die dunklen Augen fast bewegungslos auf sein Gesicht geheftet , Abdallah ben Zarujah , der Emir aus der Hedjas , und am andern Ende der stumpfsinnige Schützling Nini's .« Trotz aller Vorsicht der Obrigkeit ,	11048	1	31528-Goedsche__Herrmann.tsv
PPOSAT	PPOSAT		PPOSAT	seine		So kam er mit würdigem Anstande herbei , der Herzogin die Hand zu küssen , die indessen ihren Gemahl , den Herzog , hatte rufen lassen , dem sie , während Don Quixote näher kam , seine Abgesandtschaft erzählte ; und da beide den ersten Teil dieser Historie gelesen hatten und daraus die wunderliche Sinnesart des Don Quixote kannten , so erwarteten sie ihn mit dem größten Vergnügen und der heftigsten Neugier , indem sie sich vornahmen ,	seiner	Laune zu folgen und in allem , was er sagen würde , mit ihm übereinzustimmen , ihn , solange er bei ihnen bliebe , ganz wie einen irrenden Ritter zu behandeln , mit allen jenen Zeremonien , die in den Ritterbüchern gebräuchlich sind , welche sie gelesen hatten und überdies sehr liebten .	und Höflichkeit bis zum Himmel erhob .So kam er mit würdigem Anstande herbei , der Herzogin die Hand zu küssen , die indessen ihren Gemahl , den Herzog , hatte rufen lassen , dem sie , während Don Quixote näher kam , seine Abgesandtschaft erzählte ; und da beide den ersten Teil dieser Historie gelesen hatten und daraus die wunderliche Sinnesart des Don Quixote kannten , so erwarteten sie ihn mit dem größten Vergnügen und der heftigsten Neugier , indem sie sich vornahmen , seiner Laune zu folgen und in allem , was er sagen würde , mit ihm übereinzustimmen , ihn , solange er bei ihnen bliebe , ganz wie einen irrenden Ritter zu behandeln , mit allen jenen Zeremonien , die in den Ritterbüchern gebräuchlich sind , welche sie gelesen hatten und überdies sehr liebten .« versetzte Don Quixote , » wende	6146	78	17702-Cervantes_Saavedra__Miguel_de.tsv
PPOSAT	NE		ADJA	unsere			Unsre	Herrin , sagte er , ist trotz ihrer Philosophie ein ziemlich schlichter Mensch .	, ich ordnete alle meine Angelegenheiten .Unsre Herrin , sagte er , ist trotz ihrer Philosophie ein ziemlich schlichter Mensch .Während er an unsere Ausrüstung dachte ,	2551	0	73146-Lesage__Alain_Ren_.tsv