DTA-Tag	TT-Tag	MM-TAg	Perceptron-Tag	Lemma	newtag	Prefix	Wort	Suffix	Sentence_neighborhood	sentence_index	index	filename
PTKNEG	PTKNEG		PTKNEG	nicht			Nicht	als ob wir des frommen Glaubens lebten , auch nur eine von Ihnen für uns gewinnen zu können .	machten wir unserem Arzt die Abschiedsvisite .Nicht als ob wir des frommen Glaubens lebten , auch nur eine von Ihnen für uns gewinnen zu können .Aus den vertiertesten Gesichtern brach ein Schein	7934	0	14315-Braun__Lily.tsv
PTKNEG	PTKNEG		PTKNEG	nicht		Warum war aber meine Seele	nicht	von ebenso tiefen Gefühlen ergriffen , als ich jüngst zum ersten Male über den entsetzlichen Platz ging , wo Ludwig XVI. gestorben ?	mals mit ihren heitersten Farben geschmückt .Warum war aber meine Seele nicht von ebenso tiefen Gefühlen ergriffen , als ich jüngst zum ersten Male über den entsetzlichen Platz ging , wo Ludwig XVI. gestorben ?Da liegt sie , die Herrlichkeit des	63	5	59696-Heine__Heinrich.tsv
PTKNEG	PTKNEG		PTKNEG	nicht		Beyleibe	nicht	, sprach der Bauer , potztausend , nur das nicht , Meister Schuster !	du sie vornen in Busen stecken .Beyleibe nicht , sprach der Bauer , potztausend , nur das nicht , Meister Schuster !Der Bauer bedankte sich , und nahm	2140	1	97256-Schreger__Odilo.tsv
PTKNEG	PTKNEG		PTKNEG	nicht		Beyleibe nicht , sprach der Bauer , potztausend , nur das	nicht	, Meister Schuster !	du sie vornen in Busen stecken .Beyleibe nicht , sprach der Bauer , potztausend , nur das nicht , Meister Schuster !Der Bauer bedankte sich , und nahm	2140	11	97256-Schreger__Odilo.tsv
PTKNEG	PTKNEG		PTKNEG	nicht		Lange , nachdem sie Frau geworden , hatte sie	nicht	verstanden , woher ihr gegen den Mann , den sie frei gewählt hatte , wie er sie , oftmals dieses grollende Gefühl kam , dieser sprungbereite Haß , der sich in tausend kleinen Szenen entlud , – da es zur großen Aussprache zwischen ihnen niemals kam , – der hundert eingebildete und konstruierte Vorwände heftiger Entladungen er fand , – bis der wahre Grund ihrer geheimen Feindschaft , ihrem bohrenden Spähen , ihrer wachgehetzten Weibheit klargeworden war : die Versprechungen ihres Körpers schienen für diesen Mann erfüllt .	, welche Juden untereinander oft abstößt .Lange , nachdem sie Frau geworden , hatte sie nicht verstanden , woher ihr gegen den Mann , den sie frei gewählt hatte , wie er sie , oftmals dieses grollende Gefühl kam , dieser sprungbereite Haß , der sich in tausend kleinen Szenen entlud , – da es zur großen Aussprache zwischen ihnen niemals kam , – der hundert eingebildete und konstruierte Vorwände heftiger Entladungen er fand , – bis der wahre Grund ihrer geheimen Feindschaft , ihrem bohrenden Spähen , ihrer wachgehetzten Weibheit klargeworden war : die Versprechungen ihres Körpers schienen für diesen Mann erfüllt .Und Frau Edda fuhr dahin , Einkäufe	5360	9	79543-Meisel_Hess__Grete.tsv
PTKNEG	PTKNEG		PTKNEG	nicht		Er benahm sich wie einer , der	nicht	gehört haben will , und sagte : » Willst du für deinen Buben das Erbgut aufrecht halten , so mußt du für ihn zur Holdenwehr im Winter einen Ersatzmann stellen .	Der Heiner macht schon alles .Er benahm sich wie einer , der nicht gehört haben will , und sagte : » Willst du für deinen Buben das Erbgut aufrecht halten , so mußt du für ihn zur Holdenwehr im Winter einen Ersatzmann stellen .Da geh mit dem Jakob vom Käser	4783	7	27055-Ganghofer__Ludwig.tsv
PTKNEG	PTKNEG		PTKNEG	nicht		Es waren aber sechs Dutzet altfränkische silberne Tischbecher , ein groß gulden Pokal , etliche Duplet , vier silberne und ein guldenes Salzfaß , eine altfränkische guldne Kette , unterschiedliche Diamanten , Rubinen , Saphiren und Schmaragden , beides in Ringen und andern Kleinodien gefasset ; item ein ganz Lädlein voll großer Perlen , aber alle verdorben oder abgestanden , und dann in einem versporten ledernen Sack achtzig von den ältisten Joachimstalern aus feinem Silber , sodann 893 Goldstücke mit dem französischen Wappen und einem Adler , welche Münze niemand kennen wollte , weil man , wie sie sagten , die Schrift	nicht	lesen konnte .	erst durch den Schuß geöffnet hatte .Es waren aber sechs Dutzet altfränkische silberne Tischbecher , ein groß gulden Pokal , etliche Duplet , vier silberne und ein guldenes Salzfaß , eine altfränkische guldne Kette , unterschiedliche Diamanten , Rubinen , Saphiren und Schmaragden , beides in Ringen und andern Kleinodien gefasset ; item ein ganz Lädlein voll großer Perlen , aber alle verdorben oder abgestanden , und dann in einem versporten ledernen Sack achtzig von den ältisten Joachimstalern aus feinem Silber , sodann 893 Goldstücke mit dem französischen Wappen und einem Adler , welche Münze niemand kennen wollte , weil man , wie sie sagten , die Schrift nicht lesen konnte .Als der Schuß geschehen , wieherte mein	4148	102	50637-Grimmelshausen__Hans_Jakob_Christoffel_von.tsv
PTKNEG	PTKNEG		PTKNEG	nicht		Länger werde ich	nicht	abwesend sein .	Quai besorgen , was wir brauchen .Länger werde ich nicht abwesend sein .– Also , Mr. Treskow , es	2841	3	79314-May__Karl.tsv
PTKNEG	PTKNEG		PTKNEG	nicht		Die letzten funfzig Jahre , die alles umgeworfen oder erschüttert , haben nur eins	nicht	erschüttert – Lafayettes Tugend .	, das kann er nicht fassen .Die letzten funfzig Jahre , die alles umgeworfen oder erschüttert , haben nur eins nicht erschüttert – Lafayettes Tugend .Ein ehrlicher Mann !	1498	14	6286-B_rne__Ludwig.tsv
PTKNEG	PTKNEG		PTKNEG	nicht		Wo die Fichten sich beugten wie Rohr , was sollte man da	nicht	kreideweiße Gesichter sehen und von den blassen Lippen Stoßgebete murmeln und die Heiligen angerufen hören .	, wie ein Schneetreiben flog es .Wo die Fichten sich beugten wie Rohr , was sollte man da nicht kreideweiße Gesichter sehen und von den blassen Lippen Stoßgebete murmeln und die Heiligen angerufen hören .Die eine Wand des letzten Zeltes war	3103	12	965-Alexis__Willibald.tsv
PTKNEG	PTKNEG		PTKNEG	nicht		Wir haben Dich auf- und abwärts in der Galerie gesucht ; konnten Dich	nicht	finden .	Muth , fuhr mein Oheim fort .Wir haben Dich auf- und abwärts in der Galerie gesucht ; konnten Dich nicht finden .Ich mußte mich wohl fügen , und	3040	13	107491-Verne__Jules.tsv
PTKNEG	PTKNEG		PTKNEG	nicht		Aber so schnell war dieser Schreck , so groß die Furcht Annas vor ihrem Vater , und so furchtbar sein Anblick , daß sie zu schwanken anfing , und hätte der General sie	nicht	unterstützt , sie wäre in die Kniee gesunken .	Beschauenden eine dumpfe , wohlbekannte Stimme .Aber so schnell war dieser Schreck , so groß die Furcht Annas vor ihrem Vater , und so furchtbar sein Anblick , daß sie zu schwanken anfing , und hätte der General sie nicht unterstützt , sie wäre in die Kniee gesunken .» Anna !	719	33	58305-Hauff__Wilhelm.tsv
PTKNEG	PTKNEG		PTKNEG	nicht		Mit dem Wirt hatte er jedoch abgemacht gehabt , daß er , wenn es die Königstochter sei , ein Zeichen gebe ; wenn sie es aber	nicht	sei , kein Zeichen mache .	und schickte sie hinein zum Soldaten .Mit dem Wirt hatte er jedoch abgemacht gehabt , daß er , wenn es die Königstochter sei , ein Zeichen gebe ; wenn sie es aber nicht sei , kein Zeichen mache .Er aber antwortete : » Nein ,	45	26	98987-Spiegel__Karl.tsv
PTKNEG	PTKNEG		PTKNEG	nicht		« sprachen sie deshalb einstimmig : » Wir wissen es	nicht	!	der Fahrt über Bord gefallen sei .« sprachen sie deshalb einstimmig : » Wir wissen es nicht !Sie wollten schreien ; aber schon stand	125	10	64828-Jahn__Ulrich.tsv
PTKNEG	PTKNEG		PTKNEG	nicht		Er weigerte sich , zu erwachen , und murmelte : » Tölpel , noch ist es	nicht	Zeit .	« So entschlief er .Er weigerte sich , zu erwachen , und murmelte : » Tölpel , noch ist es nicht Zeit .Wenn ich nur wissen könnte , wie	18320	16	27046-Freytag__Gustav.tsv
PTKNEG	PTKNEG		PTKNEG	nicht		Jeder bejahte regelmäßig die Frage darnach und war froh ,	nicht	über sich selbst sprechen zu müssen .	ein besonderes Vergehen zu sein schien .Jeder bejahte regelmäßig die Frage darnach und war froh , nicht über sich selbst sprechen zu müssen .» Hast du am Hause erklärt ,	6029	10	66066-Keller__Gottfried.tsv
PTKNEG	PTKNEG		PTKNEG	nicht		Die Frau Basen und die jungen Madels , die sonst wenig ins Freie kommen , unterlassen es	nicht	, sich in großer Anzahl einzufinden , und wenn sich nun der Zug der Weiber zu bewegen anfängt und der Wind sich in die großen Schleifen setzt , so ist es nicht anders , als wenn ein ganzes Heer von schwarzen Raben oder Adlern jählings wach werde und den rauschenden Flug beginnen wolle .	der sich eben in Bewegung setzte .Die Frau Basen und die jungen Madels , die sonst wenig ins Freie kommen , unterlassen es nicht , sich in großer Anzahl einzufinden , und wenn sich nun der Zug der Weiber zu bewegen anfängt und der Wind sich in die großen Schleifen setzt , so ist es nicht anders , als wenn ein ganzes Heer von schwarzen Raben oder Adlern jählings wach werde und den rauschenden Flug beginnen wolle .Ich weiß , auf welche Weise er	530	17	62373-Hoffmann__E__T__A_.tsv
PTKNEG	PTKNEG		PTKNEG	nicht		Die Frau Basen und die jungen Madels , die sonst wenig ins Freie kommen , unterlassen es nicht , sich in großer Anzahl einzufinden , und wenn sich nun der Zug der Weiber zu bewegen anfängt und der Wind sich in die großen Schleifen setzt , so ist es	nicht	anders , als wenn ein ganzes Heer von schwarzen Raben oder Adlern jählings wach werde und den rauschenden Flug beginnen wolle .	der sich eben in Bewegung setzte .Die Frau Basen und die jungen Madels , die sonst wenig ins Freie kommen , unterlassen es nicht , sich in großer Anzahl einzufinden , und wenn sich nun der Zug der Weiber zu bewegen anfängt und der Wind sich in die großen Schleifen setzt , so ist es nicht anders , als wenn ein ganzes Heer von schwarzen Raben oder Adlern jählings wach werde und den rauschenden Flug beginnen wolle .Ich weiß , auf welche Weise er	530	49	62373-Hoffmann__E__T__A_.tsv
PTKNEG	PTKNEG		PTKNEG	nicht		Dann aus eurer Gestalt uñ Sitten erkenne ich vor gewiß / daß ihr in diesen Morgenlåndern	nicht	gezeuget seyd ; werdet euch demnach unbeschweret finden / mich eures Zustandes zuberichten / welches euch zum ärgesten nicht gedeyen sol .	/ über welchen sie zihen musten .Dann aus eurer Gestalt uñ Sitten erkenne ich vor gewiß / daß ihr in diesen Morgenlåndern nicht gezeuget seyd ; werdet euch demnach unbeschweret finden / mich eures Zustandes zuberichten / welches euch zum ärgesten nicht gedeyen sol .Es hatte aber der älteste von den	3047	16	15210-Buchholtz__Andreas_Heinrich.tsv
PTKNEG	PTKNEG		PTKNEG	nicht		Dann aus eurer Gestalt uñ Sitten erkenne ich vor gewiß / daß ihr in diesen Morgenlåndern nicht gezeuget seyd ; werdet euch demnach unbeschweret finden / mich eures Zustandes zuberichten / welches euch zum ärgesten	nicht	gedeyen sol .	/ über welchen sie zihen musten .Dann aus eurer Gestalt uñ Sitten erkenne ich vor gewiß / daß ihr in diesen Morgenlåndern nicht gezeuget seyd ; werdet euch demnach unbeschweret finden / mich eures Zustandes zuberichten / welches euch zum ärgesten nicht gedeyen sol .Es hatte aber der älteste von den	3047	35	15210-Buchholtz__Andreas_Heinrich.tsv
PTKNEG	PTKNEG		PTKNEG	nicht		« – » Hoho , « erwiderte Meister Abraham , » hoho , am Ende ist unser Prinzeßlein eine Art von Gymnotus electricus oder Raja torpedo oder Trichiurus indicus , wie in gewisser Art meine süße Chiara es war , oder auch wohl nur eine muntere Hausmaus , wie jene , die dem wackern Signor Cotugno eine tüchtige Ohrfeige versetzte , als er sie beim Rücken erfaßte , um sie zu sezieren , was Ihr freilich mit der Prinzessin	nicht	im Sinn haben konntet !	Schlag fährt mir durch alle Glieder .« – » Hoho , « erwiderte Meister Abraham , » hoho , am Ende ist unser Prinzeßlein eine Art von Gymnotus electricus oder Raja torpedo oder Trichiurus indicus , wie in gewisser Art meine süße Chiara es war , oder auch wohl nur eine muntere Hausmaus , wie jene , die dem wackern Signor Cotugno eine tüchtige Ohrfeige versetzte , als er sie beim Rücken erfaßte , um sie zu sezieren , was Ihr freilich mit der Prinzessin nicht im Sinn haben konntet !Doch ich springe hin , öffne den	879	79	62300-Hoffmann__E__T__A_.tsv
PTKNEG	PTKNEG		PTKNEG	nicht		Aber so wir 's	nicht	geschickt angreifen , bleibt es ein Ast , den wir vom Baume reißen , und der Baum steht da und lacht uns aus .	daß es ein leichtes Ding ist ?Aber so wir 's nicht geschickt angreifen , bleibt es ein Ast , den wir vom Baume reißen , und der Baum steht da und lacht uns aus .Ich sage Euch , wenn wir uns	3214	4	965-Alexis__Willibald.tsv
PTKNEG	PTKNEG		PTKNEG	nicht		Das Gesetz , was	nicht	wie die Sonne alle erleuchtet , ruht nicht auf dem Gleichgewicht aller ; ist nicht Naturgesetz .	Naturrecht !Das Gesetz , was nicht wie die Sonne alle erleuchtet , ruht nicht auf dem Gleichgewicht aller ; ist nicht Naturgesetz .Auch der einzelne hat Rechte Nationen gegenüber	1164	4	4090-Arnim__Bettina_von.tsv
PTKNEG	PTKNEG		PTKNEG	nicht		Das Gesetz , was nicht wie die Sonne alle erleuchtet , ruht	nicht	auf dem Gleichgewicht aller ; ist nicht Naturgesetz .	Naturrecht !Das Gesetz , was nicht wie die Sonne alle erleuchtet , ruht nicht auf dem Gleichgewicht aller ; ist nicht Naturgesetz .Auch der einzelne hat Rechte Nationen gegenüber	1164	12	4090-Arnim__Bettina_von.tsv
PTKNEG	PTKNEG		PTKNEG	nicht		Das Gesetz , was nicht wie die Sonne alle erleuchtet , ruht nicht auf dem Gleichgewicht aller ; ist	nicht	Naturgesetz .	Naturrecht !Das Gesetz , was nicht wie die Sonne alle erleuchtet , ruht nicht auf dem Gleichgewicht aller ; ist nicht Naturgesetz .Auch der einzelne hat Rechte Nationen gegenüber	1164	19	4090-Arnim__Bettina_von.tsv