DTA-Tag	TT-Tag	MM-TAg	Perceptron-Tag	Lemma	newtag	Prefix	Wort	Suffix	Sentence_neighborhood	sentence_index	index	filename
VVPP	ADJD		ADJD	antuen		« Er trat ,	angetan	mit dem neuen Kleidungsstück , ein .	werde sie auch später wieder bekämpfen .« Er trat , angetan mit dem neuen Kleidungsstück , ein .Ganz plötzlich ward es still .	646	4	80060-M_hsam__Erich.tsv
VVPP	VVPP		VVPP	aufnehmen		Die Spahis , von der Bevölkerung gern	aufgenommen	, verteilten sich in verschiedene arabische Häuser , während der Ingenieur und die Offiziere die Gastfreundschaft eines Landsmannes annahmen .	, untermischt mit mehreren französischen Kolonisten .Die Spahis , von der Bevölkerung gern aufgenommen , verteilten sich in verschiedene arabische Häuser , während der Ingenieur und die Offiziere die Gastfreundschaft eines Landsmannes annahmen .– Das glaube ich !	708	7	107546-Verne__Jules.tsv
VVPP	VVPP		VVFIN	befreien		Dies heißt , vielmehr hieße , rassenhygienisch in die Sexualkrise entwirrend eingreifen , den Menschen ihr natürliches Anrecht an ein vollerfülltes biologisches Schicksal und damit jenes natürliche Glücksgefühl wiedergeben , dessen Mangel selbst die stolzesten Naturen in ihrer Elastizität zerbricht , sie zu verkümmernden , entartenden Sonderlingen macht / es hieße der schamlosen Verkehrung des Werbekampfes mit ihren verhängnisvollen Folgen auf die Früchte dieses Kampfes Einhalt tun und normale Früchte des Rasseprozesses /	befreit	von einer verfälschten Auslese / erzielen .	, die die Rasse nicht schädigt .Dies heißt , vielmehr hieße , rassenhygienisch in die Sexualkrise entwirrend eingreifen , den Menschen ihr natürliches Anrecht an ein vollerfülltes biologisches Schicksal und damit jenes natürliche Glücksgefühl wiedergeben , dessen Mangel selbst die stolzesten Naturen in ihrer Elastizität zerbricht , sie zu verkümmernden , entartenden Sonderlingen macht / es hieße der schamlosen Verkehrung des Werbekampfes mit ihren verhängnisvollen Folgen auf die Früchte dieses Kampfes Einhalt tun und normale Früchte des Rasseprozesses / befreit von einer verfälschten Auslese / erzielen .Diese Möglichkeit ist nur zu erzielen :	3220	73	79544-Meisel_Hess__Grete.tsv
VVPP	VVPP		VVPP	begehen		Mit wirbelnden Sinnen und unter tobenden Herzschlägen begann sie dieses Entsetzliche zu verstehen : Die Feinde hatten sie gefangen , hatten ihr das blutige Eisen aus der Faust gewunden und hatten sie zu ewiger Strafe verdammt ; und nun lag sie in diesem finsteren Kerker , zu gerechter Buße für die unmenschliche Tat , die sie	begangen	hatte im Grausen der Schlacht .	und klammerte sieh an das Geländer .Mit wirbelnden Sinnen und unter tobenden Herzschlägen begann sie dieses Entsetzliche zu verstehen : Die Feinde hatten sie gefangen , hatten ihr das blutige Eisen aus der Faust gewunden und hatten sie zu ewiger Strafe verdammt ; und nun lag sie in diesem finsteren Kerker , zu gerechter Buße für die unmenschliche Tat , die sie begangen hatte im Grausen der Schlacht .Ein Wörtl !	8472	56	27055-Ganghofer__Ludwig.tsv
VVPP	VVPP		VVPP	beleidigen		... Ich spreche nicht mal davon , daß es bei Frauen Fälle gibt , wo es ihnen überaus angenehm ist ,	beleidigt	worden zu sein , trotz der scheinbaren Entrüstung .	wie vom Himmel in den Schoß !... Ich spreche nicht mal davon , daß es bei Frauen Fälle gibt , wo es ihnen überaus angenehm ist , beleidigt worden zu sein , trotz der scheinbaren Entrüstung .) .	1281	21	22509-Dostoevskij__F_dor_Michajlovi_.tsv
VVPP	ADJD		VVPP	bestrafen		» Ich wünschte ja nur deshalb , sie nur leicht von euch	bestraft	zu sehen , damit sie mir für eine schwere Sühne übrigbleiben .	« » Wer ?» Ich wünschte ja nur deshalb , sie nur leicht von euch bestraft zu sehen , damit sie mir für eine schwere Sühne übrigbleiben .Einem höflichen Worte aber wird mein Ohr	5619	12	79322-May__Karl.tsv
VVPP	VVFIN		VVPP	einprägen		Mein Vater hatte mir zwo Sachen sehr	eingeprägt	, nämlich die Gewißheit des Wiedervergeltungsrechts und den Lehrsatz der Wohltätigkeit unsers Beispiels .	die wir in unsrer Jugend bekommen .Mein Vater hatte mir zwo Sachen sehr eingeprägt , nämlich die Gewißheit des Wiedervergeltungsrechts und den Lehrsatz der Wohltätigkeit unsers Beispiels .– Doch trenne ich mich leichter von	3155	7	72269-La_Roche__Sophie_von.tsv
VVPP	ADJD		ADJD	entwirren		Dies heißt , vielmehr hieße , rassenhygienisch in die Sexualkrise	entwirrend	eingreifen , den Menschen ihr natürliches Anrecht an ein vollerfülltes biologisches Schicksal und damit jenes natürliche Glücksgefühl wiedergeben , dessen Mangel selbst die stolzesten Naturen in ihrer Elastizität zerbricht , sie zu verkümmernden , entartenden Sonderlingen macht / es hieße der schamlosen Verkehrung des Werbekampfes mit ihren verhängnisvollen Folgen auf die Früchte dieses Kampfes Einhalt tun und normale Früchte des Rasseprozesses / befreit von einer verfälschten Auslese / erzielen .	, die die Rasse nicht schädigt .Dies heißt , vielmehr hieße , rassenhygienisch in die Sexualkrise entwirrend eingreifen , den Menschen ihr natürliches Anrecht an ein vollerfülltes biologisches Schicksal und damit jenes natürliche Glücksgefühl wiedergeben , dessen Mangel selbst die stolzesten Naturen in ihrer Elastizität zerbricht , sie zu verkümmernden , entartenden Sonderlingen macht / es hieße der schamlosen Verkehrung des Werbekampfes mit ihren verhängnisvollen Folgen auf die Früchte dieses Kampfes Einhalt tun und normale Früchte des Rasseprozesses / befreit von einer verfälschten Auslese / erzielen .Diese Möglichkeit ist nur zu erzielen :	3220	10	79544-Meisel_Hess__Grete.tsv
VVPP	VVPP		VVPP	erreichen		Abermals erfaßte ihn die Verzweiflung , und als er die Via Portuensis , die geradeswegs zu dem Viertel jenseit des Tiber führte ,	erreicht	hatte , kam er erst beim Tore wieder zur Besinnung , wo ihm wiederholt wurde , was er schon vorher von den Flüchtlingen gehört hatte , daß der größte Teil dieser Stadtgegend noch nicht in Flammen stehe , daß sich das Feuer aber schon an mehreren Stellen über den Fluß verbreitet habe .	galt es , Lygia zu retten .Abermals erfaßte ihn die Verzweiflung , und als er die Via Portuensis , die geradeswegs zu dem Viertel jenseit des Tiber führte , erreicht hatte , kam er erst beim Tore wieder zur Besinnung , wo ihm wiederholt wurde , was er schon vorher von den Flüchtlingen gehört hatte , daß der größte Teil dieser Stadtgegend noch nicht in Flammen stehe , daß sich das Feuer aber schon an mehreren Stellen über den Fluß verbreitet habe .Aber diese Gedanken , die aus seinem	10483	23	98460-Sienkiewicz__Henryk.tsv
VVPP	VVFIN		VVPP	erschöpfen		Die Gefangene – denn es war eine weibliche Stimme , welche ich vernommen hatte – hatte mit ihren Worten wohl ihre letzten Kräfte	erschöpft	.	« » Wo hast du ihn ?Die Gefangene – denn es war eine weibliche Stimme , welche ich vernommen hatte – hatte mit ihren Worten wohl ihre letzten Kräfte erschöpft .Von hier bis Wam-poa braucht ein Dampfer	1861	23	79318-May__Karl.tsv
VVPP	VVPP		VVPP	fangen		Mit wirbelnden Sinnen und unter tobenden Herzschlägen begann sie dieses Entsetzliche zu verstehen : Die Feinde hatten sie	gefangen	, hatten ihr das blutige Eisen aus der Faust gewunden und hatten sie zu ewiger Strafe verdammt ; und nun lag sie in diesem finsteren Kerker , zu gerechter Buße für die unmenschliche Tat , die sie begangen hatte im Grausen der Schlacht .	und klammerte sieh an das Geländer .Mit wirbelnden Sinnen und unter tobenden Herzschlägen begann sie dieses Entsetzliche zu verstehen : Die Feinde hatten sie gefangen , hatten ihr das blutige Eisen aus der Faust gewunden und hatten sie zu ewiger Strafe verdammt ; und nun lag sie in diesem finsteren Kerker , zu gerechter Buße für die unmenschliche Tat , die sie begangen hatte im Grausen der Schlacht .Ein Wörtl !	8472	18	27055-Ganghofer__Ludwig.tsv
VVPP	VVPP		VVPP	fordern		Er schaute sie an , heimlich , mit dem inneren Auge , das streng war , und er sah die Veränderung , von der sie gesprochen ; er empfing das Bild , das sie	gefordert	.	, bis die berufene Helferin eintraf .Er schaute sie an , heimlich , mit dem inneren Auge , das streng war , und er sah die Veränderung , von der sie gesprochen ; er empfing das Bild , das sie gefordert .Die Schirmacher hatte in der Eile die	16135	34	108455-Wassermann__Jakob.tsv
VVPP	VVPP		VVPP	fürchten		» Ich habe schon	gefürchtet	, daß ich dich heute nicht mehr sehen würde .	« » Ja , Papa !» Ich habe schon gefürchtet , daß ich dich heute nicht mehr sehen würde .« » Tätst mir harb sein ?	9674	4	27054-Ganghofer__Ludwig.tsv
VVPP	VVPP		VVPP	gebrauchen		Wenn alle Künstler , welche εποιησε	gebraucht	, unter die späten gehören : so gehören darum nicht alle , die sich des εποιει bedienet , unter die ältern .	Winckelmann selbst mag hierüber Richter sein !Wenn alle Künstler , welche εποιησε gebraucht , unter die späten gehören : so gehören darum nicht alle , die sich des εποιει bedienet , unter die ältern .Sehr wohl ; Longins Worte , aber	419	6	73654-Lessing__Gotthold_Ephraim.tsv
VVPP	VVPP		VVPP	gehören		Abermals erfaßte ihn die Verzweiflung , und als er die Via Portuensis , die geradeswegs zu dem Viertel jenseit des Tiber führte , erreicht hatte , kam er erst beim Tore wieder zur Besinnung , wo ihm wiederholt wurde , was er schon vorher von den Flüchtlingen	gehört	hatte , daß der größte Teil dieser Stadtgegend noch nicht in Flammen stehe , daß sich das Feuer aber schon an mehreren Stellen über den Fluß verbreitet habe .	galt es , Lygia zu retten .Abermals erfaßte ihn die Verzweiflung , und als er die Via Portuensis , die geradeswegs zu dem Viertel jenseit des Tiber führte , erreicht hatte , kam er erst beim Tore wieder zur Besinnung , wo ihm wiederholt wurde , was er schon vorher von den Flüchtlingen gehört hatte , daß der größte Teil dieser Stadtgegend noch nicht in Flammen stehe , daß sich das Feuer aber schon an mehreren Stellen über den Fluß verbreitet habe .Aber diese Gedanken , die aus seinem	10483	47	98460-Sienkiewicz__Henryk.tsv
VVPP	VVPP		VVPP	heften		An seinem Bett saß stumm , die dunklen Augen fast bewegungslos auf sein Gesicht	geheftet	, Abdallah ben Zarujah , der Emir aus der Hedjas , und am andern Ende der stumpfsinnige Schützling Nini's .	hob den Vorhang und öffnete sie .An seinem Bett saß stumm , die dunklen Augen fast bewegungslos auf sein Gesicht geheftet , Abdallah ben Zarujah , der Emir aus der Hedjas , und am andern Ende der stumpfsinnige Schützling Nini's .« Trotz aller Vorsicht der Obrigkeit ,	11048	14	31528-Goedsche__Herrmann.tsv
VVPP	VVPP		VVPP	machen		Ich habe schon im vergangenen Jahre in Neapel ( 1821 ) die Beobachtung	gemacht	, daß ausgezeichnete Musik – auch ein gutes Ballett , ich denke an » Othello « und » Die Vestalin « , Balletts von Viganò , – mich an das denken macht , was tagsüber schon der Gegenstand meiner Träumereien war , und daß ich dabei meine besten Einfälle habe .	, in eine köstliche Frucht verwandelt .Ich habe schon im vergangenen Jahre in Neapel ( 1821 ) die Beobachtung gemacht , daß ausgezeichnete Musik – auch ein gutes Ballett , ich denke an » Othello « und » Die Vestalin « , Balletts von Viganò , – mich an das denken macht , was tagsüber schon der Gegenstand meiner Träumereien war , und daß ich dabei meine besten Einfälle habe .Ist unsre Geliebte unsre vertrauteste Freundin geworden	2182	13	99251-Stendhal.tsv
VVPP	VVPP		VVPP	sprechen		Er schaute sie an , heimlich , mit dem inneren Auge , das streng war , und er sah die Veränderung , von der sie	gesprochen	; er empfing das Bild , das sie gefordert .	, bis die berufene Helferin eintraf .Er schaute sie an , heimlich , mit dem inneren Auge , das streng war , und er sah die Veränderung , von der sie gesprochen ; er empfing das Bild , das sie gefordert .Die Schirmacher hatte in der Eile die	16135	25	108455-Wassermann__Jakob.tsv
VVPP	VVPP		VVPP	tun		– In faden Harmlosigkeiten freilich darf ich mich dabei nicht ergehen , auf einige Verblüffung läuft es immer hinaus – dem Geschmack der Zeit muß man Konzessionen machen ... man muß ... Welcher Künstler ist groß geworden und hat das nicht	getan	?	läßt sich darin nicht finden !.. .– In faden Harmlosigkeiten freilich darf ich mich dabei nicht ergehen , auf einige Verblüffung läuft es immer hinaus – dem Geschmack der Zeit muß man Konzessionen machen ... man muß ... Welcher Künstler ist groß geworden und hat das nicht getan ?Jetzt sind Sie 's nicht .	479	41	23119-Ebner_Eschenbach__Marie_von.tsv
VVPP	ADJA		ADJD	tun		Natur hatte das Ihre	gethan	, um ihm diese Mühe zu ersparen , das wußte mein Vater , und so hätte er sie sich auch ersparen können .	erbärmliches und böswilliges on dit ist .Natur hatte das Ihre gethan , um ihm diese Mühe zu ersparen , das wußte mein Vater , und so hätte er sie sich auch ersparen können .Es ist daher besser , ich werfe	5364	4	99260-Sterne__Laurence.tsv
VVPP	VVPP		VVPP	verbreiten		Abermals erfaßte ihn die Verzweiflung , und als er die Via Portuensis , die geradeswegs zu dem Viertel jenseit des Tiber führte , erreicht hatte , kam er erst beim Tore wieder zur Besinnung , wo ihm wiederholt wurde , was er schon vorher von den Flüchtlingen gehört hatte , daß der größte Teil dieser Stadtgegend noch nicht in Flammen stehe , daß sich das Feuer aber schon an mehreren Stellen über den Fluß	verbreitet	habe .	galt es , Lygia zu retten .Abermals erfaßte ihn die Verzweiflung , und als er die Via Portuensis , die geradeswegs zu dem Viertel jenseit des Tiber führte , erreicht hatte , kam er erst beim Tore wieder zur Besinnung , wo ihm wiederholt wurde , was er schon vorher von den Flüchtlingen gehört hatte , daß der größte Teil dieser Stadtgegend noch nicht in Flammen stehe , daß sich das Feuer aber schon an mehreren Stellen über den Fluß verbreitet habe .Aber diese Gedanken , die aus seinem	10483	74	98460-Sienkiewicz__Henryk.tsv
VVPP	VVPP		VVPP	verdammen		Mit wirbelnden Sinnen und unter tobenden Herzschlägen begann sie dieses Entsetzliche zu verstehen : Die Feinde hatten sie gefangen , hatten ihr das blutige Eisen aus der Faust gewunden und hatten sie zu ewiger Strafe	verdammt	; und nun lag sie in diesem finsteren Kerker , zu gerechter Buße für die unmenschliche Tat , die sie begangen hatte im Grausen der Schlacht .	und klammerte sieh an das Geländer .Mit wirbelnden Sinnen und unter tobenden Herzschlägen begann sie dieses Entsetzliche zu verstehen : Die Feinde hatten sie gefangen , hatten ihr das blutige Eisen aus der Faust gewunden und hatten sie zu ewiger Strafe verdammt ; und nun lag sie in diesem finsteren Kerker , zu gerechter Buße für die unmenschliche Tat , die sie begangen hatte im Grausen der Schlacht .Ein Wörtl !	8472	35	27055-Ganghofer__Ludwig.tsv
VVPP	VVPP		VVPP	vernehmen		Die Gefangene – denn es war eine weibliche Stimme , welche ich	vernommen	hatte – hatte mit ihren Worten wohl ihre letzten Kräfte erschöpft .	« » Wo hast du ihn ?Die Gefangene – denn es war eine weibliche Stimme , welche ich vernommen hatte – hatte mit ihren Worten wohl ihre letzten Kräfte erschöpft .Von hier bis Wam-poa braucht ein Dampfer	1861	12	79318-May__Karl.tsv
VVPP	VVPP		VVPP	versprechen		Der Sieg ist uns zwar gewiß , aber für den Fall , daß er uns nicht wird , habe ich	versprochen	, diese Gegend mit meinen Kriegern sofort zu verlassen und für den heutigen Tag Frieden zu halten .	« 75 Süßer Brunnen .Der Sieg ist uns zwar gewiß , aber für den Fall , daß er uns nicht wird , habe ich versprochen , diese Gegend mit meinen Kriegern sofort zu verlassen und für den heutigen Tag Frieden zu halten .» Weil ich bei dem Ghani ,	8548	20	79321-May__Karl.tsv
VVPP	ADJD		VVPP	wiederholen		Abermals erfaßte ihn die Verzweiflung , und als er die Via Portuensis , die geradeswegs zu dem Viertel jenseit des Tiber führte , erreicht hatte , kam er erst beim Tore wieder zur Besinnung , wo ihm	wiederholt	wurde , was er schon vorher von den Flüchtlingen gehört hatte , daß der größte Teil dieser Stadtgegend noch nicht in Flammen stehe , daß sich das Feuer aber schon an mehreren Stellen über den Fluß verbreitet habe .	galt es , Lygia zu retten .Abermals erfaßte ihn die Verzweiflung , und als er die Via Portuensis , die geradeswegs zu dem Viertel jenseit des Tiber führte , erreicht hatte , kam er erst beim Tore wieder zur Besinnung , wo ihm wiederholt wurde , was er schon vorher von den Flüchtlingen gehört hatte , daß der größte Teil dieser Stadtgegend noch nicht in Flammen stehe , daß sich das Feuer aber schon an mehreren Stellen über den Fluß verbreitet habe .Aber diese Gedanken , die aus seinem	10483	37	98460-Sienkiewicz__Henryk.tsv