DTA-Tag	TT-Tag	MM-TAg	Perceptron-Tag	Lemma	newtag	Prefix	Wort	Suffix	Sentence_neighborhood	sentence_index	index	filename
VVIZU	ADJA		VVIZU	abtreten		« » Ich nehme Alfred mit « , sagte er ... » Weißt du , daß meine Absicht ist , dem Burschen jetzt schon das Majorat	abzutreten	?	Wer denkt daran ?« » Ich nehme Alfred mit « , sagte er ... » Weißt du , daß meine Absicht ist , dem Burschen jetzt schon das Majorat abzutreten ?Und – vollkommenes Glück !	1444	26	23125-Ebner_Eschenbach__Marie_von.tsv
VVIZU	VVPP		ADJA	anrufen		Ich håtte mich wol eher des himmelfalls versehen / als daß ich aus einem kläger / den ich hier fůrstellen wollen / nun ein beklagter werde / und zwar in eben der sache / in welcher ich E. Maj. üm recht	anzuruffen	vermeinet .	ihren namen und stand zu erforschen .Ich håtte mich wol eher des himmelfalls versehen / als daß ich aus einem kläger / den ich hier fůrstellen wollen / nun ein beklagter werde / und zwar in eben der sache / in welcher ich E. Maj. üm recht anzuruffen vermeinet .Dieses verdoppelte des Ninias wut / also	1093	41	3459-Anton_Ulrich_Herzog_von_Braunschweig.tsv
VVIZU	VVINF		VVIZU	anschauen		Als sie in deren Haus gelangt waren und sie nun so zwischen beiden saß , begann Titus , um die Schönheit der Braut seines Freundes zu betrachten , sie aufmerksam	anzuschauen	, und bald gefiel ihm jeder Teil an ihr so über alle Maßen , daß er sich , während er jene still bei sich lobte , so heftig für sie entflammte , wie irgendein Liebender sich je für ein Weib entzündete , jedoch ohne daß ein äußeres Zeichen dies verriet .	sobald wie möglich in Ordnung bringen .Als sie in deren Haus gelangt waren und sie nun so zwischen beiden saß , begann Titus , um die Schönheit der Braut seines Freundes zu betrachten , sie aufmerksam anzuschauen , und bald gefiel ihm jeder Teil an ihr so über alle Maßen , daß er sich , während er jene still bei sich lobte , so heftig für sie entflammte , wie irgendein Liebender sich je für ein Weib entzündete , jedoch ohne daß ein äußeres Zeichen dies verriet .So antwortete sie ihm denn entschlossen ,	6894	30	13915-Boccaccio__Giovanni.tsv
VVIZU	VVINF		VVIZU	anvertrauen		Staunend über diese neuen Entdeckungen , die sie darauf sich gegenseitig machten , verloren sie zwar die Spur des plötzlich wie verschwundenen flüchtigen Fremden , aber sie sagten doch : Siegbert , erstaunend über die Aufregung des Bruders , konnte nichts als , alle Gegenrede vermeidend , ihn bitten , deutlicher zu werden und in Ruhe zu erzählen , was er ihm	anzuvertrauen	hätte .	Priesterrock und Weihe , wahre Ruhe .Staunend über diese neuen Entdeckungen , die sie darauf sich gegenseitig machten , verloren sie zwar die Spur des plötzlich wie verschwundenen flüchtigen Fremden , aber sie sagten doch : Siegbert , erstaunend über die Aufregung des Bruders , konnte nichts als , alle Gegenrede vermeidend , ihn bitten , deutlicher zu werden und in Ruhe zu erzählen , was er ihm anzuvertrauen hätte .Das Bedürfniß der Beichte ist der Wahrheitsdrang	35527	62	56355-Gutzkow__Karl.tsv
VVIZU	VVINF		VVIZU	aufstehen		« rief Summy Skim , der , sich zusammenduckend , in seinen Lehnstuhl niedersank wie einer , der entschlossen ist , nie wieder davon	aufzustehen	.	– » Nein .... nein !« rief Summy Skim , der , sich zusammenduckend , in seinen Lehnstuhl niedersank wie einer , der entschlossen ist , nie wieder davon aufzustehen .Um keine nutzlose Auseinandersetzung hierüber aufkommen zu	3115	24	107542-Verne__Jules.tsv
VVIZU	VVIZU		VVIZU	ausbessern		Martin , Murdock und Sim blieben deshalb auch unausgesetzt thätig , dasselbe	auszubessern	und widerstandsfähiger zu machen .	wuchs die Deficitseite in Findlings Notizbuche .Martin , Murdock und Sim blieben deshalb auch unausgesetzt thätig , dasselbe auszubessern und widerstandsfähiger zu machen .Auch der Hühnerhof erlitt trotz aller Bemühungen	5626	12	107526-Verne__Jules.tsv
VVIZU	VVFIN		VVIZU	ausgießen		Ein Lächeln seiner Göttin war genug , ihn in Vergnügen zu zerschmelzen ; ihre Blicke schienen ihm einen überirdischen Glanz über alles	auszugießen	, und ihr Atem der ganzen Natur den Geist der Liebe einzuhauchen : Was mußte denn aus ihm werden , da sie zu Vollendung ihres Sieges alles anwendete , was auch den unempfindlichsten unter allen Menschen zu ihren Füßen hätte legen können ?	ihren ganzen Plan hätte vereiteln können .Ein Lächeln seiner Göttin war genug , ihn in Vergnügen zu zerschmelzen ; ihre Blicke schienen ihm einen überirdischen Glanz über alles auszugießen , und ihr Atem der ganzen Natur den Geist der Liebe einzuhauchen : Was mußte denn aus ihm werden , da sie zu Vollendung ihres Sieges alles anwendete , was auch den unempfindlichsten unter allen Menschen zu ihren Füßen hätte legen können ?Allein auch dieses war nicht genug ;	2445	22	110268-Wieland__Christoph_Martin.tsv
VVIZU	VVIZU		VVIZU	ausrechnen		Erstlich , die Fixsterne sind so weit von uns entfernt , daß gar kein Mittel mehr möglich ist , ihre ungeheure Entfernung	auszurechnen	.	noch soviel weiter von uns entfernt .Erstlich , die Fixsterne sind so weit von uns entfernt , daß gar kein Mittel mehr möglich ist , ihre ungeheure Entfernung auszurechnen .Haben wir aber Ursache , für gewiß	5	22	59018-Hebel__Johann_Peter.tsv
VVIZU	VVIZU		VVIZU	ausrichten		« » Aber er zögerte , seine Botschaft	auszurichten	.	und ging dann mit ihnen fort .« » Aber er zögerte , seine Botschaft auszurichten .Dort sollen nämlich Halbedelsteine in Massen zu	2229	8	79303-May__Karl.tsv
VVIZU	VVIZU		VVIZU	aussagen		Der Besitzer der am Weitesten abgelegenen Schifferhütte hatte sich freiwillig gemeldet , um	auszusagen	, daß in voriger Nacht mehrere Kähne in seiner Nähe gehalten hätten .	mit einem Koffer denselben passirt hatten .Der Besitzer der am Weitesten abgelegenen Schifferhütte hatte sich freiwillig gemeldet , um auszusagen , daß in voriger Nacht mehrere Kähne in seiner Nähe gehalten hätten .Es war der rührigen Polizei bereits gelungen	6417	13	79367-May__Karl.tsv
VVIZU	VVIZU		VVIZU	aussetzen		Der Major drang ruhig vorwärts , mit regelrechten Bewegungen , an welchen ein Schwimmmeister nichts	auszusetzen	gehabt hätte .	« Worüber war er nicht böse ?Der Major drang ruhig vorwärts , mit regelrechten Bewegungen , an welchen ein Schwimmmeister nichts auszusetzen gehabt hätte .rief Glenarvan ; wenn sie je in	230	15	107493-Verne__Jules.tsv
VVIZU	ADJA		VVIZU	ausstoßen		Die beiden Comantschen waren gar nicht einmal dazu gekommen , den geringsten Laut	auszustoßen	.	hatte er ihm den Skalp genommen .Die beiden Comantschen waren gar nicht einmal dazu gekommen , den geringsten Laut auszustoßen .Bärenherz ergriff den einen von hinten bei	9084	13	79314-May__Karl.tsv
VVIZU	VVFIN		VVIZU	durchführen		Es ist so leicht , einen raschen Entschluß zu gänzlicher Besserung und Lebensänderung zu fassen , so unendlich schwer , ihn	durchzuführen	, namentlich wenn die Besserung am kleinsten beginnen muß und wenn die äußeren Verhältnisse dieselben bleiben .	tiefe und schlimme Schäden zu heilen .Es ist so leicht , einen raschen Entschluß zu gänzlicher Besserung und Lebensänderung zu fassen , so unendlich schwer , ihn durchzuführen , namentlich wenn die Besserung am kleinsten beginnen muß und wenn die äußeren Verhältnisse dieselben bleiben .Oh , es liegt eine wunderbare Heilkraft	17	21	110368-Wildermuth__Ottilie.tsv
VVIZU	VVIZU		VVIZU	eindringen		Sie maß fünfundzwanzig Fuß in der Breite , jedoch nur zwei Fuß in der Höhe , ähnelte ihrer Gestalt nach also einer Schleußenöffnung am Rande eines Trottoirs , wodurch es zunächst unmöglich wurde , ohne Weiteres durch den Eingang	einzudringen	.	Wassers die so lange gesuchte Oeffnung .Sie maß fünfundzwanzig Fuß in der Breite , jedoch nur zwei Fuß in der Höhe , ähnelte ihrer Gestalt nach also einer Schleußenöffnung am Rande eines Trottoirs , wodurch es zunächst unmöglich wurde , ohne Weiteres durch den Eingang einzudringen .» Vielleicht haben unsere Gefährten , meinte	6001	39	107501-Verne__Jules.tsv
VVIZU	VVIZU		VVIZU	einholen		Wir können ihnen das uns Gestohlene nur dann wieder abnehmen , wenn wir ihnen sofort nachjagen , um sie	einzuholen	, bevor es ihnen gelungen ist , ihren eigenen , großen Stamm zu erreichen .	, als sie unser Lager überfielen .Wir können ihnen das uns Gestohlene nur dann wieder abnehmen , wenn wir ihnen sofort nachjagen , um sie einzuholen , bevor es ihnen gelungen ist , ihren eigenen , großen Stamm zu erreichen .Dann antwortete ich : » Das ist	5361	19	79322-May__Karl.tsv
VVIZU	VVIZU		VVIZU	einwenden		Ich wuste wider diese ziemlich vernünfftige und sehr tapffermüthige Rede nicht das geringste	einzuwenden	, weßwegen ich dieses mahl meinen Gefährten nachgab , und alles zur baldigen Abfahrt veranstalten ließ .	, biß die Canaille entleibt wäre .Ich wuste wider diese ziemlich vernünfftige und sehr tapffermüthige Rede nicht das geringste einzuwenden , weßwegen ich dieses mahl meinen Gefährten nachgab , und alles zur baldigen Abfahrt veranstalten ließ .Es hatte meine Mutter diese Nachricht nicht	197	13	97159-Schnabel__Johann_Gottfried.tsv
VVIZU	VVFIN		VVPP	herbeischaffen		Er sann und rechnete tags und nachts und entwarf große Feldzugspläne , die notwendigste Barschaft	herbeizuschaffen	.	der Rache hätte Raum gönnen dürfen .Er sann und rechnete tags und nachts und entwarf große Feldzugspläne , die notwendigste Barschaft herbeizuschaffen .« rief die Mutter .	3119	15	102326-Sudermann__Hermann.tsv
VVIZU	ADJA		VVFIN	hernachfolgen		Der K \nig beschlosse anfänglich / zu haus zu bleiben / weil sein auszug nun so oft unglůcklich gewesen / und ware willens	hernachzufolgen	.	und diesen krieg nicht länger auszusetzen .Der K \nig beschlosse anfänglich / zu haus zu bleiben / weil sein auszug nun so oft unglůcklich gewesen / und ware willens hernachzufolgen .unsrer lieder und gedichte : ward in	15687	23	3459-Anton_Ulrich_Herzog_von_Braunschweig.tsv
VVIZU	VVINF		VVINF	hinabtauchen		Einem etwas trockenen Hochmut , einem Ehrgeiz ohne Niedrigkeit und Streberei , der aber hochgespannt und ständig war , standen andere Regungen gegenüber , oder eigentlich : standen nicht gegenüber , sondern duckten sich ins Dunkel , suchten sich zu verbergen , waren immer bereit , unter die dämmernde Schwelle ins Kaumbewußte	hinabzutauchen	.	geheimen Spaltung auch in Wladimirs Wesen .Einem etwas trockenen Hochmut , einem Ehrgeiz ohne Niedrigkeit und Streberei , der aber hochgespannt und ständig war , standen andere Regungen gegenüber , oder eigentlich : standen nicht gegenüber , sondern duckten sich ins Dunkel , suchten sich zu verbergen , waren immer bereit , unter die dämmernde Schwelle ins Kaumbewußte hinabzutauchen .Aber der Begriff ergab sich von selbst	170	52	63621-Hofmannsthal__Hugo_von.tsv
VVIZU	VVINF		VVFIN	hindurchbringen		So hatte ich über dieses Mittel genug , mich und die Meinigen nach aller Notdurft	hindurchzubringen	, warum solle ich mir denn wegen dieses , obzwar schmerzlichen Verlustes , den Hals abgerissen oder mich aufgehangen haben ?	und vergänglichen Sache zu Tod kränken ?So hatte ich über dieses Mittel genug , mich und die Meinigen nach aller Notdurft hindurchzubringen , warum solle ich mir denn wegen dieses , obzwar schmerzlichen Verlustes , den Hals abgerissen oder mich aufgehangen haben ?Aber was kann man bei solchen Zuständen	1586	15	11288-Beer__Johann.tsv
VVIZU	VVFIN		VVIZU	mitsprechen		Mag nichts zu verantworten haben ; dachte nur , daß ich auch einen Mund besitze , zuweilen ein Wort	mitzusprechen	.	« » Uff !Mag nichts zu verantworten haben ; dachte nur , daß ich auch einen Mund besitze , zuweilen ein Wort mitzusprechen .« » Warum ?	10649	19	79316-May__Karl.tsv
VVIZU	VVIZU		VVIZU	mitteilen		Alle Naturen , die mit einer glücklichen Sinnlichkeit begabt sind , Frauen , Kinder sind fähig , uns lebhafte und wohlgefaßte Bemerkungen	mitzuteilen	.	seinen Beitrag den Wissenschaften anbieten dürfte .Alle Naturen , die mit einer glücklichen Sinnlichkeit begabt sind , Frauen , Kinder sind fähig , uns lebhafte und wohlgefaßte Bemerkungen mitzuteilen .Das Wissen läßt sich überliefern , diese	616	22	32617-Goethe__Johann_Wolfgang.tsv
VVIZU	VVINF		VVIZU	nachgehen		Bald riet man mir jedoch davon ab , der Gnade des Herzogs von Nassau für meine Spekulation weiter	nachzugehen	, da jenes Schlößchen seiner feuchten Lage wegen durchaus ungesund für mich sein würde .	Zeit einem Bildhauer als Atelier diente .Bald riet man mir jedoch davon ab , der Gnade des Herzogs von Nassau für meine Spekulation weiter nachzugehen , da jenes Schlößchen seiner feuchten Lage wegen durchaus ungesund für mich sein würde .Doch hatte ich eine heimliche Absicht ,	3722	18	107728-Wagner__Richard.tsv
VVIZU	VVINF		VVINF	vormalen		Uber diß wuste der Botschaffter denen Priestern mit dem Pinsel seiner Beredsamkeit Marbods geistliche Stifftungen und derselben reiche Einkunfften ansehlich	fürzumahlen	/ und sie zu bereden : daß er niemahls ohne der Priester Einrathung was wichtiges entschlüsse / ja ihm fürgenommen hätte / so bald er seinem Reiche einen tüchtigen Herrscher auffinden würde / seine übrigen Jahre dem Priesterstande zu wiedmen ; weil sich zwar wol als ein Fürst leben / als ein Priester aber ruhiger sterben liesse .	gefürchtet werden konte / zu verhüllen .Uber diß wuste der Botschaffter denen Priestern mit dem Pinsel seiner Beredsamkeit Marbods geistliche Stifftungen und derselben reiche Einkunfften ansehlich fürzumahlen / und sie zu bereden : daß er niemahls ohne der Priester Einrathung was wichtiges entschlüsse / ja ihm fürgenommen hätte / so bald er seinem Reiche einen tüchtigen Herrscher auffinden würde / seine übrigen Jahre dem Priesterstande zu wiedmen ; weil sich zwar wol als ein Fürst leben / als ein Priester aber ruhiger sterben liesse .Damit er nun diese seine Lobsprüche so	9982	20	78039-Lohenstein__Daniel_Casper_von.tsv
VVIZU	VVIZU		VVINF	zurücklegen		Vielleicht darf ich bemerken , daß es gerathen sein wird , alles Aufsehen zu vermeiden und darum den Weg vereinzelt	zurückzulegen	, womöglich auch in Beziehung der Kleidung – – – « » Vor Euch net , Bachbauer .	Arrestant und wird aufs Gericht transportirt !Vielleicht darf ich bemerken , daß es gerathen sein wird , alles Aufsehen zu vermeiden und darum den Weg vereinzelt zurückzulegen , womöglich auch in Beziehung der Kleidung – – – « » Vor Euch net , Bachbauer .Er soll mich net umsonst heut aus	1677	20	79348-May__Karl.tsv