DTA-Tag	TT-Tag	MM-TAg	Perceptron-Tag	Lemma	newtag	Prefix	Wort	Suffix	Sentence_neighborhood	sentence_index	index	filename
$(	ADV		NE	"			«	sollte er doch die Antwort nicht schuldig bleiben .	, und lassen es dabei bewenden .« sollte er doch die Antwort nicht schuldig bleiben .Ich übergehe den allgemeinen Vorwurf , der	3357	0	110273-Wieland__Christoph_Martin.tsv
$(	NE		NE	"			«	flüsterte ihr Jochai zu : » Ich gehe mit , um vom Fenster herab zu ersehen , wer der Klopfende ist .	nach dem Schlüssel an der Wand .« flüsterte ihr Jochai zu : » Ich gehe mit , um vom Fenster herab zu ersehen , wer der Klopfende ist .Großvater und Enkelin fuhren etwas zusammen .	168	0	99030-Spindler__Carl.tsv
$(	NE		NE	"			«	– Nun bemerkte sie das heftige Heben meiner Brust , und die Zähren , die über meine Wangen rollten .	Unschuld von den Kindern meines Herzens !« – Nun bemerkte sie das heftige Heben meiner Brust , und die Zähren , die über meine Wangen rollten .Ich drücke noch die Hand einer zärtlichen	10701	0	72270-La_Roche__Sophie_von.tsv
$(	VVFIN		NE	"		« flüsterte ihr Jochai zu :	»	Ich gehe mit , um vom Fenster herab zu ersehen , wer der Klopfende ist .	nach dem Schlüssel an der Wand .« flüsterte ihr Jochai zu : » Ich gehe mit , um vom Fenster herab zu ersehen , wer der Klopfende ist .Großvater und Enkelin fuhren etwas zusammen .	168	6	99030-Spindler__Carl.tsv
$(	VVFIN		VMFIN	"			»	Das dacht' ich mir wohl , sagte mein Oheim .	Ich könnte es nicht sagen .» Das dacht' ich mir wohl , sagte mein Oheim .Hatte ein Boden von besonderer Beschaffenheit ,	1653	0	107491-Verne__Jules.tsv
$(	$(		$(	'		Alt ist die Historie , bekannt ist die Geschicht	'	, ausgeschrien ist die Begebenheit , welche sich mit dem guten Alt-Vater Noe zugetragen .	O wehe , o wehe solchen !Alt ist die Historie , bekannt ist die Geschicht ' , ausgeschrien ist die Begebenheit , welche sich mit dem guten Alt-Vater Noe zugetragen .Volsäus zu Londen , Albericus zu Prag	3249	9	4-Abraham_a_Sancta_Clara.tsv
$(	VVFIN		VVFIN	-		Gleich dem Hiob habe ihn der grausame Gott , der überhaupt der Grund alles Übels in der Welt sei , weil er mit dem Menschen experimentiere wie ein Vivisektor mit seinen Versuchstieren	–	ihm , dem Mister John , seine Familie und seine Reichtümer genommen und , nicht zufrieden mit dem angestifteten Unheil , auch noch seine Freunde gegen ihn aufgehetzt und seine Gesundheit geschädigt .	Er hat mich selbst darauf gebracht .Gleich dem Hiob habe ihn der grausame Gott , der überhaupt der Grund alles Übels in der Welt sei , weil er mit dem Menschen experimentiere wie ein Vivisektor mit seinen Versuchstieren – ihm , dem Mister John , seine Familie und seine Reichtümer genommen und , nicht zufrieden mit dem angestifteten Unheil , auch noch seine Freunde gegen ihn aufgehetzt und seine Gesundheit geschädigt .» Bah , man müßte ihn nur	2381	32	18884-Conrad__Michael_Georg.tsv
$(	NE		NE	-		«	–	Nun bemerkte sie das heftige Heben meiner Brust , und die Zähren , die über meine Wangen rollten .	Unschuld von den Kindern meines Herzens !« – Nun bemerkte sie das heftige Heben meiner Brust , und die Zähren , die über meine Wangen rollten .Ich drücke noch die Hand einer zärtlichen	10701	1	72270-La_Roche__Sophie_von.tsv
$(	NN		NE	-		Ich möchte gestorben sein	–	ein Engel – ein Geist von der , die Du so geliebt hast .	« seufzte Elmerice .Ich möchte gestorben sein – ein Engel – ein Geist von der , die Du so geliebt hast .« – » Könnte ich Dir doch	3234	4	83757-Paalzow__Henriette_von.tsv
$(	ADV		NE	-		Ich möchte gestorben sein – ein Engel	–	ein Geist von der , die Du so geliebt hast .	« seufzte Elmerice .Ich möchte gestorben sein – ein Engel – ein Geist von der , die Du so geliebt hast .« – » Könnte ich Dir doch	3234	7	83757-Paalzow__Henriette_von.tsv
$(	NE		XY	-			–	Aber wo ist Signor Formica , wo ist mein würdiger Arzt , daß ich ihm tausendmal für meine Heilung danke , die nur er vollbracht .	hätt' ich meinen wahnsinnigen Anschlag ausgeführt .– Aber wo ist Signor Formica , wo ist mein würdiger Arzt , daß ich ihm tausendmal für meine Heilung danke , die nur er vollbracht .– Fern sei es von mir ,	387	0	62350-Hoffmann__E__T__A_.tsv
$(	VVFIN		NE	-		Quid est	–	Es verdroß mich , daß ich in einem fremden Lande , wo ich mein Geld und , im Fall der Noth , mein ἀνέχου καὶ ἀπέχου auszugeben Willens war , und wo es keinen was anging , ob ich als Edelmann oder als Bürger äß' und tränke , durchaus Adel oder Unadel documentiren sollte – und wie ?	Auch bei Erholungen will man Zweck .Quid est – Es verdroß mich , daß ich in einem fremden Lande , wo ich mein Geld und , im Fall der Noth , mein ἀνέχου καὶ ἀπέχου auszugeben Willens war , und wo es keinen was anging , ob ich als Edelmann oder als Bürger äß' und tränke , durchaus Adel oder Unadel documentiren sollte – und wie ?Sonst aber glaub' ich , je weiter	5513	2	62295-Hippel__Theodor_Gottlieb_von.tsv
$(	TRUNC		VVINF	-		Quid est – Es verdroß mich , daß ich in einem fremden Lande , wo ich mein Geld und , im Fall der Noth , mein ἀνέχου καὶ ἀπέχου auszugeben Willens war , und wo es keinen was anging , ob ich als Edelmann oder als Bürger äß' und tränke , durchaus Adel oder Unadel documentiren sollte	–	und wie ?	Auch bei Erholungen will man Zweck .Quid est – Es verdroß mich , daß ich in einem fremden Lande , wo ich mein Geld und , im Fall der Noth , mein ἀνέχου καὶ ἀπέχου auszugeben Willens war , und wo es keinen was anging , ob ich als Edelmann oder als Bürger äß' und tränke , durchaus Adel oder Unadel documentiren sollte – und wie ?Sonst aber glaub' ich , je weiter	5513	57	62295-Hippel__Theodor_Gottlieb_von.tsv
$(	NE		NE	-			–	Ei , lieber Alter , Ihr lebt also noch ?	jetzt und rief aus : Ei !– Ei , lieber Alter , Ihr lebt also noch ?rief er aus ; Du lügst !	1196	0	104913-Tieck__Ludwig.tsv
$(	$(		$(	/		Ja es ereignete sich bey Absonderung der Todten	/	daß ihrer unterschiedene / welche auff oder nahe an einander lagen / einander in dem letzten Grimme Nasen und Finger abgebissen hatten .	Wallstatt zu herrlicherm Begräbnis-Gepränge weggeführet wurden .Ja es ereignete sich bey Absonderung der Todten / daß ihrer unterschiedene / welche auff oder nahe an einander lagen / einander in dem letzten Grimme Nasen und Finger abgebissen hatten .Die aber / welche von denen Deutschen	37673	8	78039-Lohenstein__Daniel_Casper_von.tsv
$(	$(		$(	/		Ja es ereignete sich bey Absonderung der Todten / daß ihrer unterschiedene	/	welche auff oder nahe an einander lagen / einander in dem letzten Grimme Nasen und Finger abgebissen hatten .	Wallstatt zu herrlicherm Begräbnis-Gepränge weggeführet wurden .Ja es ereignete sich bey Absonderung der Todten / daß ihrer unterschiedene / welche auff oder nahe an einander lagen / einander in dem letzten Grimme Nasen und Finger abgebissen hatten .Die aber / welche von denen Deutschen	37673	12	78039-Lohenstein__Daniel_Casper_von.tsv
$(	$(		$(	/		Ja es ereignete sich bey Absonderung der Todten / daß ihrer unterschiedene / welche auff oder nahe an einander lagen	/	einander in dem letzten Grimme Nasen und Finger abgebissen hatten .	Wallstatt zu herrlicherm Begräbnis-Gepränge weggeführet wurden .Ja es ereignete sich bey Absonderung der Todten / daß ihrer unterschiedene / welche auff oder nahe an einander lagen / einander in dem letzten Grimme Nasen und Finger abgebissen hatten .Die aber / welche von denen Deutschen	37673	20	78039-Lohenstein__Daniel_Casper_von.tsv
$(	$(		$(	/		Dieser Aberglauben scheinet aber meines Erachtens von einem Schaden-Bräuer erfunden zu seyn	/	denn wenn zu weilen ein Bräuer das Bier verwarloset / erdencket er Lügen / und bricht Ursach von andern Zäunen / auf daß die Schuld nicht ihm beygemessen werde / davon ich ein Exempel erzehlen will .	viel näher gelegene Brodtteige nicht haben ?Dieser Aberglauben scheinet aber meines Erachtens von einem Schaden-Bräuer erfunden zu seyn / denn wenn zu weilen ein Bräuer das Bier verwarloset / erdencket er Lügen / und bricht Ursach von andern Zäunen / auf daß die Schuld nicht ihm beygemessen werde / davon ich ein Exempel erzehlen will .Denn man wolle nur die absurdität erwegen	6590	12	97156-Schmidt__Johann_Georg.tsv
$(	$(		$(	/		Dieser Aberglauben scheinet aber meines Erachtens von einem Schaden-Bräuer erfunden zu seyn / denn wenn zu weilen ein Bräuer das Bier verwarloset	/	erdencket er Lügen / und bricht Ursach von andern Zäunen / auf daß die Schuld nicht ihm beygemessen werde / davon ich ein Exempel erzehlen will .	viel näher gelegene Brodtteige nicht haben ?Dieser Aberglauben scheinet aber meines Erachtens von einem Schaden-Bräuer erfunden zu seyn / denn wenn zu weilen ein Bräuer das Bier verwarloset / erdencket er Lügen / und bricht Ursach von andern Zäunen / auf daß die Schuld nicht ihm beygemessen werde / davon ich ein Exempel erzehlen will .Denn man wolle nur die absurdität erwegen	6590	22	97156-Schmidt__Johann_Georg.tsv
$(	$(		$(	/		Dieser Aberglauben scheinet aber meines Erachtens von einem Schaden-Bräuer erfunden zu seyn / denn wenn zu weilen ein Bräuer das Bier verwarloset / erdencket er Lügen	/	und bricht Ursach von andern Zäunen / auf daß die Schuld nicht ihm beygemessen werde / davon ich ein Exempel erzehlen will .	viel näher gelegene Brodtteige nicht haben ?Dieser Aberglauben scheinet aber meines Erachtens von einem Schaden-Bräuer erfunden zu seyn / denn wenn zu weilen ein Bräuer das Bier verwarloset / erdencket er Lügen / und bricht Ursach von andern Zäunen / auf daß die Schuld nicht ihm beygemessen werde / davon ich ein Exempel erzehlen will .Denn man wolle nur die absurdität erwegen	6590	26	97156-Schmidt__Johann_Georg.tsv
$(	$(		$(	/		Dieser Aberglauben scheinet aber meines Erachtens von einem Schaden-Bräuer erfunden zu seyn / denn wenn zu weilen ein Bräuer das Bier verwarloset / erdencket er Lügen / und bricht Ursach von andern Zäunen	/	auf daß die Schuld nicht ihm beygemessen werde / davon ich ein Exempel erzehlen will .	viel näher gelegene Brodtteige nicht haben ?Dieser Aberglauben scheinet aber meines Erachtens von einem Schaden-Bräuer erfunden zu seyn / denn wenn zu weilen ein Bräuer das Bier verwarloset / erdencket er Lügen / und bricht Ursach von andern Zäunen / auf daß die Schuld nicht ihm beygemessen werde / davon ich ein Exempel erzehlen will .Denn man wolle nur die absurdität erwegen	6590	33	97156-Schmidt__Johann_Georg.tsv
$(	$(		$(	/		Dieser Aberglauben scheinet aber meines Erachtens von einem Schaden-Bräuer erfunden zu seyn / denn wenn zu weilen ein Bräuer das Bier verwarloset / erdencket er Lügen / und bricht Ursach von andern Zäunen / auf daß die Schuld nicht ihm beygemessen werde	/	davon ich ein Exempel erzehlen will .	viel näher gelegene Brodtteige nicht haben ?Dieser Aberglauben scheinet aber meines Erachtens von einem Schaden-Bräuer erfunden zu seyn / denn wenn zu weilen ein Bräuer das Bier verwarloset / erdencket er Lügen / und bricht Ursach von andern Zäunen / auf daß die Schuld nicht ihm beygemessen werde / davon ich ein Exempel erzehlen will .Denn man wolle nur die absurdität erwegen	6590	42	97156-Schmidt__Johann_Georg.tsv
$(	$(		$(	/		Denn wie er keinen Paßport bey dem Gouverneur auf zuweisen hatte	/	sagte dieser mit einer zwar höflichen doch unanständigen Mine ; er möchte sich so lange gedulten / biß auf gethanen Bericht andre Ordre deswegen vor Sr. Majestät einlieffe / weil ihm bey hoher Lebens-Straffe und sonder Betrachtung des Standes gebothen / diesen Befehl genau nachzukommen .	die andern Gefangenen vor Renardens Zimmer .Denn wie er keinen Paßport bey dem Gouverneur auf zuweisen hatte / sagte dieser mit einer zwar höflichen doch unanständigen Mine ; er möchte sich so lange gedulten / biß auf gethanen Bericht andre Ordre deswegen vor Sr. Majestät einlieffe / weil ihm bey hoher Lebens-Straffe und sonder Betrachtung des Standes gebothen / diesen Befehl genau nachzukommen .Wie nun Rosantes seinen Fürstlichen Stand offenbahret	1374	11	64549-Hunold__Christian_Friedrich.tsv
$(	$(		$(	/		Denn wie er keinen Paßport bey dem Gouverneur auf zuweisen hatte / sagte dieser mit einer zwar höflichen doch unanständigen Mine ; er möchte sich so lange gedulten	/	biß auf gethanen Bericht andre Ordre deswegen vor Sr. Majestät einlieffe / weil ihm bey hoher Lebens-Straffe und sonder Betrachtung des Standes gebothen / diesen Befehl genau nachzukommen .	die andern Gefangenen vor Renardens Zimmer .Denn wie er keinen Paßport bey dem Gouverneur auf zuweisen hatte / sagte dieser mit einer zwar höflichen doch unanständigen Mine ; er möchte sich so lange gedulten / biß auf gethanen Bericht andre Ordre deswegen vor Sr. Majestät einlieffe / weil ihm bey hoher Lebens-Straffe und sonder Betrachtung des Standes gebothen / diesen Befehl genau nachzukommen .Wie nun Rosantes seinen Fürstlichen Stand offenbahret	1374	28	64549-Hunold__Christian_Friedrich.tsv
$(	NE		NE	>		Da sagte der Jäger Jürge :	›	Ach , bittet hier die gute alte Mutter , daß sie doch morgen mit dem Töchterlein ihrer seligen Base bei meinem Rechte zugegen sein mögen ; das wird mir das Herz stärken in meiner letzten Stunde .	, er wolle mit ihm beten .Da sagte der Jäger Jürge : › Ach , bittet hier die gute alte Mutter , daß sie doch morgen mit dem Töchterlein ihrer seligen Base bei meinem Rechte zugegen sein mögen ; das wird mir das Herz stärken in meiner letzten Stunde .« Er hieß mich zu seiner Köchin	495	6	14643-Brentano__Clemens.tsv