DTA-Tag	TT-Tag	MM-TAg	Perceptron-Tag	Lemma	newtag	Prefix	Wort	Suffix	Sentence_neighborhood	sentence_index	index	filename
ART	ART		ART	d			Der	Kutscher , ein Paar der andern Leute eilten nach der Rampe .	erlangt eine Gewalt über die Anderen .Der Kutscher , ein Paar der andern Leute eilten nach der Rampe .Wie aber war sie zu der Selbstbeherrschung	2382	0	73679-Lewald__Fanny.tsv
ART	ART		ART	d		Dieser Aberglauben scheinet aber meines Erachtens von einem Schaden-Bräuer erfunden zu seyn / denn wenn zu weilen ein Bräuer	das	Bier verwarloset / erdencket er Lügen / und bricht Ursach von andern Zäunen / auf daß die Schuld nicht ihm beygemessen werde / davon ich ein Exempel erzehlen will .	viel näher gelegene Brodtteige nicht haben ?Dieser Aberglauben scheinet aber meines Erachtens von einem Schaden-Bräuer erfunden zu seyn / denn wenn zu weilen ein Bräuer das Bier verwarloset / erdencket er Lügen / und bricht Ursach von andern Zäunen / auf daß die Schuld nicht ihm beygemessen werde / davon ich ein Exempel erzehlen will .Denn man wolle nur die absurdität erwegen	6590	19	97156-Schmidt__Johann_Georg.tsv
ART	ART		ART	d		Ja es ereignete sich bey Absonderung der Todten / daß ihrer unterschiedene / welche auff oder nahe an einander lagen / einander in	dem	letzten Grimme Nasen und Finger abgebissen hatten .	Wallstatt zu herrlicherm Begräbnis-Gepränge weggeführet wurden .Ja es ereignete sich bey Absonderung der Todten / daß ihrer unterschiedene / welche auff oder nahe an einander lagen / einander in dem letzten Grimme Nasen und Finger abgebissen hatten .Die aber / welche von denen Deutschen	37673	23	78039-Lohenstein__Daniel_Casper_von.tsv
ART	ART		ART	d		Gleich	dem	Hiob habe ihn der grausame Gott , der überhaupt der Grund alles Übels in der Welt sei , weil er mit dem Menschen experimentiere wie ein Vivisektor mit seinen Versuchstieren – ihm , dem Mister John , seine Familie und seine Reichtümer genommen und , nicht zufrieden mit dem angestifteten Unheil , auch noch seine Freunde gegen ihn aufgehetzt und seine Gesundheit geschädigt .	Er hat mich selbst darauf gebracht .Gleich dem Hiob habe ihn der grausame Gott , der überhaupt der Grund alles Übels in der Welt sei , weil er mit dem Menschen experimentiere wie ein Vivisektor mit seinen Versuchstieren – ihm , dem Mister John , seine Familie und seine Reichtümer genommen und , nicht zufrieden mit dem angestifteten Unheil , auch noch seine Freunde gegen ihn aufgehetzt und seine Gesundheit geschädigt .» Bah , man müßte ihn nur	2381	1	18884-Conrad__Michael_Georg.tsv
ART	ART		ART	d		Gleich dem Hiob habe ihn der grausame Gott , der überhaupt der Grund alles Übels in der Welt sei , weil er mit	dem	Menschen experimentiere wie ein Vivisektor mit seinen Versuchstieren – ihm , dem Mister John , seine Familie und seine Reichtümer genommen und , nicht zufrieden mit dem angestifteten Unheil , auch noch seine Freunde gegen ihn aufgehetzt und seine Gesundheit geschädigt .	Er hat mich selbst darauf gebracht .Gleich dem Hiob habe ihn der grausame Gott , der überhaupt der Grund alles Übels in der Welt sei , weil er mit dem Menschen experimentiere wie ein Vivisektor mit seinen Versuchstieren – ihm , dem Mister John , seine Familie und seine Reichtümer genommen und , nicht zufrieden mit dem angestifteten Unheil , auch noch seine Freunde gegen ihn aufgehetzt und seine Gesundheit geschädigt .» Bah , man müßte ihn nur	2381	23	18884-Conrad__Michael_Georg.tsv
ART	ART		ART	d		Gleich dem Hiob habe ihn der grausame Gott , der überhaupt der Grund alles Übels in der Welt sei , weil er mit dem Menschen experimentiere wie ein Vivisektor mit seinen Versuchstieren – ihm ,	dem	Mister John , seine Familie und seine Reichtümer genommen und , nicht zufrieden mit dem angestifteten Unheil , auch noch seine Freunde gegen ihn aufgehetzt und seine Gesundheit geschädigt .	Er hat mich selbst darauf gebracht .Gleich dem Hiob habe ihn der grausame Gott , der überhaupt der Grund alles Übels in der Welt sei , weil er mit dem Menschen experimentiere wie ein Vivisektor mit seinen Versuchstieren – ihm , dem Mister John , seine Familie und seine Reichtümer genommen und , nicht zufrieden mit dem angestifteten Unheil , auch noch seine Freunde gegen ihn aufgehetzt und seine Gesundheit geschädigt .» Bah , man müßte ihn nur	2381	35	18884-Conrad__Michael_Georg.tsv
ART	ART		ART	d		Gleich dem Hiob habe ihn der grausame Gott , der überhaupt der Grund alles Übels in der Welt sei , weil er mit dem Menschen experimentiere wie ein Vivisektor mit seinen Versuchstieren – ihm , dem Mister John , seine Familie und seine Reichtümer genommen und , nicht zufrieden mit	dem	angestifteten Unheil , auch noch seine Freunde gegen ihn aufgehetzt und seine Gesundheit geschädigt .	Er hat mich selbst darauf gebracht .Gleich dem Hiob habe ihn der grausame Gott , der überhaupt der Grund alles Übels in der Welt sei , weil er mit dem Menschen experimentiere wie ein Vivisektor mit seinen Versuchstieren – ihm , dem Mister John , seine Familie und seine Reichtümer genommen und , nicht zufrieden mit dem angestifteten Unheil , auch noch seine Freunde gegen ihn aufgehetzt und seine Gesundheit geschädigt .» Bah , man müßte ihn nur	2381	50	18884-Conrad__Michael_Georg.tsv
ART	ART		ART	d		Ja es ereignete sich bey Absonderung	der	Todten / daß ihrer unterschiedene / welche auff oder nahe an einander lagen / einander in dem letzten Grimme Nasen und Finger abgebissen hatten .	Wallstatt zu herrlicherm Begräbnis-Gepränge weggeführet wurden .Ja es ereignete sich bey Absonderung der Todten / daß ihrer unterschiedene / welche auff oder nahe an einander lagen / einander in dem letzten Grimme Nasen und Finger abgebissen hatten .Die aber / welche von denen Deutschen	37673	6	78039-Lohenstein__Daniel_Casper_von.tsv
ART	ART		ART	d		« flüsterte ihr Jochai zu : » Ich gehe mit , um vom Fenster herab zu ersehen , wer	der	Klopfende ist .	nach dem Schlüssel an der Wand .« flüsterte ihr Jochai zu : » Ich gehe mit , um vom Fenster herab zu ersehen , wer der Klopfende ist .Großvater und Enkelin fuhren etwas zusammen .	168	19	99030-Spindler__Carl.tsv
ART	ART		ART	d		Gleich dem Hiob habe ihn	der	grausame Gott , der überhaupt der Grund alles Übels in der Welt sei , weil er mit dem Menschen experimentiere wie ein Vivisektor mit seinen Versuchstieren – ihm , dem Mister John , seine Familie und seine Reichtümer genommen und , nicht zufrieden mit dem angestifteten Unheil , auch noch seine Freunde gegen ihn aufgehetzt und seine Gesundheit geschädigt .	Er hat mich selbst darauf gebracht .Gleich dem Hiob habe ihn der grausame Gott , der überhaupt der Grund alles Übels in der Welt sei , weil er mit dem Menschen experimentiere wie ein Vivisektor mit seinen Versuchstieren – ihm , dem Mister John , seine Familie und seine Reichtümer genommen und , nicht zufrieden mit dem angestifteten Unheil , auch noch seine Freunde gegen ihn aufgehetzt und seine Gesundheit geschädigt .» Bah , man müßte ihn nur	2381	5	18884-Conrad__Michael_Georg.tsv
ART	ART		ART	d		Gleich dem Hiob habe ihn der grausame Gott , der überhaupt	der	Grund alles Übels in der Welt sei , weil er mit dem Menschen experimentiere wie ein Vivisektor mit seinen Versuchstieren – ihm , dem Mister John , seine Familie und seine Reichtümer genommen und , nicht zufrieden mit dem angestifteten Unheil , auch noch seine Freunde gegen ihn aufgehetzt und seine Gesundheit geschädigt .	Er hat mich selbst darauf gebracht .Gleich dem Hiob habe ihn der grausame Gott , der überhaupt der Grund alles Übels in der Welt sei , weil er mit dem Menschen experimentiere wie ein Vivisektor mit seinen Versuchstieren – ihm , dem Mister John , seine Familie und seine Reichtümer genommen und , nicht zufrieden mit dem angestifteten Unheil , auch noch seine Freunde gegen ihn aufgehetzt und seine Gesundheit geschädigt .» Bah , man müßte ihn nur	2381	11	18884-Conrad__Michael_Georg.tsv
ART	ART		ART	d		Gleich dem Hiob habe ihn der grausame Gott , der überhaupt der Grund alles Übels in	der	Welt sei , weil er mit dem Menschen experimentiere wie ein Vivisektor mit seinen Versuchstieren – ihm , dem Mister John , seine Familie und seine Reichtümer genommen und , nicht zufrieden mit dem angestifteten Unheil , auch noch seine Freunde gegen ihn aufgehetzt und seine Gesundheit geschädigt .	Er hat mich selbst darauf gebracht .Gleich dem Hiob habe ihn der grausame Gott , der überhaupt der Grund alles Übels in der Welt sei , weil er mit dem Menschen experimentiere wie ein Vivisektor mit seinen Versuchstieren – ihm , dem Mister John , seine Familie und seine Reichtümer genommen und , nicht zufrieden mit dem angestifteten Unheil , auch noch seine Freunde gegen ihn aufgehetzt und seine Gesundheit geschädigt .» Bah , man müßte ihn nur	2381	16	18884-Conrad__Michael_Georg.tsv
ART	ART		ART	d		Wieder im dreißigjährigen Kriege , nach	der	Nördlinger-Schlacht , gewann es Ferdinand II. für seinen Sohn .	Bayern wäre dann von selbst zugefallen .Wieder im dreißigjährigen Kriege , nach der Nördlinger-Schlacht , gewann es Ferdinand II. für seinen Sohn .Machte es der Fall des Hohenstaufischen Kaiserhauses	25	6	13206-Birlinger__Anton.tsv
ART	ART		ART	d		Jeder	der	Hausbesitzer erscheint mit einem Polizisten und ist sehr erstaunt , einen fremden Bewohner mit fremden Sachen in seinen Räumen zu finden .	Vermögen wieder in Ordnung bringen können .Jeder der Hausbesitzer erscheint mit einem Polizisten und ist sehr erstaunt , einen fremden Bewohner mit fremden Sachen in seinen Räumen zu finden .Mit denen falle ich sogar hinein .	41	1	25343-Ernst__Paul.tsv
ART	ART		ART	d		Der Kutscher , ein Paar	der	andern Leute eilten nach der Rampe .	erlangt eine Gewalt über die Anderen .Der Kutscher , ein Paar der andern Leute eilten nach der Rampe .Wie aber war sie zu der Selbstbeherrschung	2382	5	73679-Lewald__Fanny.tsv
ART	ART		ART	d		« sollte er doch	die	Antwort nicht schuldig bleiben .	, und lassen es dabei bewenden .« sollte er doch die Antwort nicht schuldig bleiben .Ich übergehe den allgemeinen Vorwurf , der	3357	4	110273-Wieland__Christoph_Martin.tsv
ART	ART		ART	d		Dieser Aberglauben scheinet aber meines Erachtens von einem Schaden-Bräuer erfunden zu seyn / denn wenn zu weilen ein Bräuer das Bier verwarloset / erdencket er Lügen / und bricht Ursach von andern Zäunen / auf daß	die	Schuld nicht ihm beygemessen werde / davon ich ein Exempel erzehlen will .	viel näher gelegene Brodtteige nicht haben ?Dieser Aberglauben scheinet aber meines Erachtens von einem Schaden-Bräuer erfunden zu seyn / denn wenn zu weilen ein Bräuer das Bier verwarloset / erdencket er Lügen / und bricht Ursach von andern Zäunen / auf daß die Schuld nicht ihm beygemessen werde / davon ich ein Exempel erzehlen will .Denn man wolle nur die absurdität erwegen	6590	36	97156-Schmidt__Johann_Georg.tsv
ART	ART		ART	eine		Dieser Aberglauben scheinet aber meines Erachtens von einem Schaden-Bräuer erfunden zu seyn / denn wenn zu weilen	ein	Bräuer das Bier verwarloset / erdencket er Lügen / und bricht Ursach von andern Zäunen / auf daß die Schuld nicht ihm beygemessen werde / davon ich ein Exempel erzehlen will .	viel näher gelegene Brodtteige nicht haben ?Dieser Aberglauben scheinet aber meines Erachtens von einem Schaden-Bräuer erfunden zu seyn / denn wenn zu weilen ein Bräuer das Bier verwarloset / erdencket er Lügen / und bricht Ursach von andern Zäunen / auf daß die Schuld nicht ihm beygemessen werde / davon ich ein Exempel erzehlen will .Denn man wolle nur die absurdität erwegen	6590	17	97156-Schmidt__Johann_Georg.tsv
ART	ART		ART	eine		Dieser Aberglauben scheinet aber meines Erachtens von einem Schaden-Bräuer erfunden zu seyn / denn wenn zu weilen ein Bräuer das Bier verwarloset / erdencket er Lügen / und bricht Ursach von andern Zäunen / auf daß die Schuld nicht ihm beygemessen werde / davon ich	ein	Exempel erzehlen will .	viel näher gelegene Brodtteige nicht haben ?Dieser Aberglauben scheinet aber meines Erachtens von einem Schaden-Bräuer erfunden zu seyn / denn wenn zu weilen ein Bräuer das Bier verwarloset / erdencket er Lügen / und bricht Ursach von andern Zäunen / auf daß die Schuld nicht ihm beygemessen werde / davon ich ein Exempel erzehlen will .Denn man wolle nur die absurdität erwegen	6590	45	97156-Schmidt__Johann_Georg.tsv
ART	ART		ART	eine		Gleich dem Hiob habe ihn der grausame Gott , der überhaupt der Grund alles Übels in der Welt sei , weil er mit dem Menschen experimentiere wie	ein	Vivisektor mit seinen Versuchstieren – ihm , dem Mister John , seine Familie und seine Reichtümer genommen und , nicht zufrieden mit dem angestifteten Unheil , auch noch seine Freunde gegen ihn aufgehetzt und seine Gesundheit geschädigt .	Er hat mich selbst darauf gebracht .Gleich dem Hiob habe ihn der grausame Gott , der überhaupt der Grund alles Übels in der Welt sei , weil er mit dem Menschen experimentiere wie ein Vivisektor mit seinen Versuchstieren – ihm , dem Mister John , seine Familie und seine Reichtümer genommen und , nicht zufrieden mit dem angestifteten Unheil , auch noch seine Freunde gegen ihn aufgehetzt und seine Gesundheit geschädigt .» Bah , man müßte ihn nur	2381	27	18884-Conrad__Michael_Georg.tsv
ART	ART		ART	eine		Der Kutscher ,	ein	Paar der andern Leute eilten nach der Rampe .	erlangt eine Gewalt über die Anderen .Der Kutscher , ein Paar der andern Leute eilten nach der Rampe .Wie aber war sie zu der Selbstbeherrschung	2382	3	73679-Lewald__Fanny.tsv
ART	ART		ART	eine		Dieser Aberglauben scheinet aber meines Erachtens von	einem	Schaden-Bräuer erfunden zu seyn / denn wenn zu weilen ein Bräuer das Bier verwarloset / erdencket er Lügen / und bricht Ursach von andern Zäunen / auf daß die Schuld nicht ihm beygemessen werde / davon ich ein Exempel erzehlen will .	viel näher gelegene Brodtteige nicht haben ?Dieser Aberglauben scheinet aber meines Erachtens von einem Schaden-Bräuer erfunden zu seyn / denn wenn zu weilen ein Bräuer das Bier verwarloset / erdencket er Lügen / und bricht Ursach von andern Zäunen / auf daß die Schuld nicht ihm beygemessen werde / davon ich ein Exempel erzehlen will .Denn man wolle nur die absurdität erwegen	6590	7	97156-Schmidt__Johann_Georg.tsv
ART	ART		ART	eine		Jeder der Hausbesitzer erscheint mit	einem	Polizisten und ist sehr erstaunt , einen fremden Bewohner mit fremden Sachen in seinen Räumen zu finden .	Vermögen wieder in Ordnung bringen können .Jeder der Hausbesitzer erscheint mit einem Polizisten und ist sehr erstaunt , einen fremden Bewohner mit fremden Sachen in seinen Räumen zu finden .Mit denen falle ich sogar hinein .	41	5	25343-Ernst__Paul.tsv
ART	ART		ART	eine		Jeder der Hausbesitzer erscheint mit einem Polizisten und ist sehr erstaunt ,	einen	fremden Bewohner mit fremden Sachen in seinen Räumen zu finden .	Vermögen wieder in Ordnung bringen können .Jeder der Hausbesitzer erscheint mit einem Polizisten und ist sehr erstaunt , einen fremden Bewohner mit fremden Sachen in seinen Räumen zu finden .Mit denen falle ich sogar hinein .	41	12	25343-Ernst__Paul.tsv
ART	ART		ART	eine		Um Zeit zu gewinnen , daß er zu mir Vertrauen fasse , bat ich ihn , auf diesem Tische da am Fenster	einen	Brief schreiben zu dürfen .	selbst umbringe , wie seine Pferde .Um Zeit zu gewinnen , daß er zu mir Vertrauen fasse , bat ich ihn , auf diesem Tische da am Fenster einen Brief schreiben zu dürfen .Ja , im Gegentheil äußerte er :	9497	22	56355-Gutzkow__Karl.tsv