DTA-Tag	TT-Tag	MM-TAg	Perceptron-Tag	Lemma	newtag	Prefix	Wort	Suffix	Sentence_neighborhood	sentence_index	index	filename
APPRART	APPRART		APPRART	am		Um Zeit zu gewinnen , daß er zu mir Vertrauen fasse , bat ich ihn , auf diesem Tische da	am	Fenster einen Brief schreiben zu dürfen .	selbst umbringe , wie seine Pferde .Um Zeit zu gewinnen , daß er zu mir Vertrauen fasse , bat ich ihn , auf diesem Tische da am Fenster einen Brief schreiben zu dürfen .Ja , im Gegentheil äußerte er :	9497	20	56355-Gutzkow__Karl.tsv
APPRART	APPRART		APPRART	am		Das Rotwerden war nun an mir , und ich sagte nichts mehr während der übrigen Zeit , die man	am	Tische zubrachte .	aus Reue gern den Knochen verschlungen .Das Rotwerden war nun an mir , und ich sagte nichts mehr während der übrigen Zeit , die man am Tische zubrachte .Ich behielt nun freilich wieder recht in	2678	19	66066-Keller__Gottfried.tsv
APPRART	APPRART		APPRART	am		Wenn die Entscheidung zugunsten Amerikas ausfällt , wird ein Teil der Claims	am	Forty Miles Creek amerikanisch .	Herr Skim , entgegnete der Scout .Wenn die Entscheidung zugunsten Amerikas ausfällt , wird ein Teil der Claims am Forty Miles Creek amerikanisch .Doch um von da aus nach der	6333	12	107542-Verne__Jules.tsv
APPRART	APPRART		APPRART	am		An seinem Bett saß stumm , die dunklen Augen fast bewegungslos auf sein Gesicht geheftet , Abdallah ben Zarujah , der Emir aus der Hedjas , und	am	andern Ende der stumpfsinnige Schützling Nini's .	hob den Vorhang und öffnete sie .An seinem Bett saß stumm , die dunklen Augen fast bewegungslos auf sein Gesicht geheftet , Abdallah ben Zarujah , der Emir aus der Hedjas , und am andern Ende der stumpfsinnige Schützling Nini's .« Trotz aller Vorsicht der Obrigkeit ,	11048	27	31528-Goedsche__Herrmann.tsv
APPRART	APPRART		APPRART	am		‹ Mein Alter aber saß	am	Bett und rechnete an den Fingern : › Eins , zwei , vier – acht .	Nit raus ?‹ Mein Alter aber saß am Bett und rechnete an den Fingern : › Eins , zwei , vier – acht .Nit raus ?	1682	5	86993-Raabe__Wilhelm.tsv
APPRART	APPRART		APPRART	beim		Abermals erfaßte ihn die Verzweiflung , und als er die Via Portuensis , die geradeswegs zu dem Viertel jenseit des Tiber führte , erreicht hatte , kam er erst	beim	Tore wieder zur Besinnung , wo ihm wiederholt wurde , was er schon vorher von den Flüchtlingen gehört hatte , daß der größte Teil dieser Stadtgegend noch nicht in Flammen stehe , daß sich das Feuer aber schon an mehreren Stellen über den Fluß verbreitet habe .	galt es , Lygia zu retten .Abermals erfaßte ihn die Verzweiflung , und als er die Via Portuensis , die geradeswegs zu dem Viertel jenseit des Tiber führte , erreicht hatte , kam er erst beim Tore wieder zur Besinnung , wo ihm wiederholt wurde , was er schon vorher von den Flüchtlingen gehört hatte , daß der größte Teil dieser Stadtgegend noch nicht in Flammen stehe , daß sich das Feuer aber schon an mehreren Stellen über den Fluß verbreitet habe .Aber diese Gedanken , die aus seinem	10483	29	98460-Sienkiewicz__Henryk.tsv
APPRART	APPRART		APPRART	im			Im	Anfang des vierzehnten Jahrhunderts nach Christi des Herrn Menschwerdung , hauste auf dem Schlößchen in Trochtelfingen , da wo man gen Bopfingen geht , Herr Gerung von Emmershofen , ein stattlicher Ritter , edel von Geschlecht wie von Gesinnung .	gar sehr ähnliche Knäblein geboren hatte .Im Anfang des vierzehnten Jahrhunderts nach Christi des Herrn Menschwerdung , hauste auf dem Schlößchen in Trochtelfingen , da wo man gen Bopfingen geht , Herr Gerung von Emmershofen , ein stattlicher Ritter , edel von Geschlecht wie von Gesinnung .Emsig und verständig stand Frau Wiltrude ihrem	50	0	94482-Sch_ppner__Alexander.tsv
APPRART	APPRART		APPRART	im		Wieder	im	dreißigjährigen Kriege , nach der Nördlinger-Schlacht , gewann es Ferdinand II. für seinen Sohn .	Bayern wäre dann von selbst zugefallen .Wieder im dreißigjährigen Kriege , nach der Nördlinger-Schlacht , gewann es Ferdinand II. für seinen Sohn .Machte es der Fall des Hohenstaufischen Kaiserhauses	25	1	13206-Birlinger__Anton.tsv
APPRART	APPRART		APPRART	im		Quid est – Es verdroß mich , daß ich in einem fremden Lande , wo ich mein Geld und ,	im	Fall der Noth , mein ἀνέχου καὶ ἀπέχου auszugeben Willens war , und wo es keinen was anging , ob ich als Edelmann oder als Bürger äß' und tränke , durchaus Adel oder Unadel documentiren sollte – und wie ?	Auch bei Erholungen will man Zweck .Quid est – Es verdroß mich , daß ich in einem fremden Lande , wo ich mein Geld und , im Fall der Noth , mein ἀνέχου καὶ ἀπέχου auszugeben Willens war , und wo es keinen was anging , ob ich als Edelmann oder als Bürger äß' und tränke , durchaus Adel oder Unadel documentiren sollte – und wie ?Sonst aber glaub' ich , je weiter	5513	20	62295-Hippel__Theodor_Gottlieb_von.tsv
APPRART	APPRART		APPRART	im		Seine jugendfrische Schönheit übermannte sie , die wahre Liebe hielt ihren Einzug , und hätte nicht ihre königliche Majestät dem	im	Wege gestanden , so würde sie die verlockenden Bäckchen , die wie zweifrische Apfel schimmerten , sofort abgeküßt haben .	Anmut eines zuckersüßen kleinen kichernden Backfischs .Seine jugendfrische Schönheit übermannte sie , die wahre Liebe hielt ihren Einzug , und hätte nicht ihre königliche Majestät dem im Wege gestanden , so würde sie die verlockenden Bäckchen , die wie zweifrische Apfel schimmerten , sofort abgeküßt haben .Er war schlank , aufrecht wie eine	12	20	6235-Balzac__Honor__de.tsv
APPRART	APPRART		APPRART	im		Ich habe schon	im	vergangenen Jahre in Neapel ( 1821 ) die Beobachtung gemacht , daß ausgezeichnete Musik – auch ein gutes Ballett , ich denke an » Othello « und » Die Vestalin « , Balletts von Viganò , – mich an das denken macht , was tagsüber schon der Gegenstand meiner Träumereien war , und daß ich dabei meine besten Einfälle habe .	, in eine köstliche Frucht verwandelt .Ich habe schon im vergangenen Jahre in Neapel ( 1821 ) die Beobachtung gemacht , daß ausgezeichnete Musik – auch ein gutes Ballett , ich denke an » Othello « und » Die Vestalin « , Balletts von Viganò , – mich an das denken macht , was tagsüber schon der Gegenstand meiner Träumereien war , und daß ich dabei meine besten Einfälle habe .Ist unsre Geliebte unsre vertrauteste Freundin geworden	2182	3	99251-Stendhal.tsv
APPRART	APPRART		APPRART	im		Mit wirbelnden Sinnen und unter tobenden Herzschlägen begann sie dieses Entsetzliche zu verstehen : Die Feinde hatten sie gefangen , hatten ihr das blutige Eisen aus der Faust gewunden und hatten sie zu ewiger Strafe verdammt ; und nun lag sie in diesem finsteren Kerker , zu gerechter Buße für die unmenschliche Tat , die sie begangen hatte	im	Grausen der Schlacht .	und klammerte sieh an das Geländer .Mit wirbelnden Sinnen und unter tobenden Herzschlägen begann sie dieses Entsetzliche zu verstehen : Die Feinde hatten sie gefangen , hatten ihr das blutige Eisen aus der Faust gewunden und hatten sie zu ewiger Strafe verdammt ; und nun lag sie in diesem finsteren Kerker , zu gerechter Buße für die unmenschliche Tat , die sie begangen hatte im Grausen der Schlacht .Ein Wörtl !	8472	58	27055-Ganghofer__Ludwig.tsv
APPRART	APPRART		APPRART	im		oft flucht ich der Stunde , wo ich sie fand , und raste	im	Geiste gegen das himmlische Geschöpf , daß es mich nur darum ins Leben geweckt hätte , um mich wieder niederzudrücken mit seiner Hoheit .	, daß es mein nicht bedurfte .oft flucht ich der Stunde , wo ich sie fand , und raste im Geiste gegen das himmlische Geschöpf , daß es mich nur darum ins Leben geweckt hätte , um mich wieder niederzudrücken mit seiner Hoheit .Es konnte nicht anders kommen , ich	203	13	57708-H_lderlin__Friedrich.tsv
APPRART	APPRART		APPRART	im		Und nun ging 's	im	windschnellen Laufe dem Dickichte zu .	des vermeintlich todt daliegenden Wildes gesetzt .Und nun ging 's im windschnellen Laufe dem Dickichte zu .Lange Zeit hat sich im Munde des	4	4	93733-Sch_ppner__Alexander.tsv
APPRART	APPRART		APPRART	im		Er ruhte	im	rauschenden Wald , rastete auf sonnbeschienenen Gehängen , sah träumend die ragenden Wände an und beobachtete , wie das versprengte Wild sich wieder sammelte .	, empfand , daß er lebte .Er ruhte im rauschenden Wald , rastete auf sonnbeschienenen Gehängen , sah träumend die ragenden Wände an und beobachtete , wie das versprengte Wild sich wieder sammelte .Franzl kam sich vor wie eine aus	3837	2	27054-Ganghofer__Ludwig.tsv
APPRART	APPRART		APPRART	im		Sein künstlerischer Chignon wehte	im	Winde der Begeisterung .	Kunstgelenke zum Vortrage einer symphonischen Dichtung .Sein künstlerischer Chignon wehte im Winde der Begeisterung .« so schrie er und arbeitete weiter	76	4	15721-Busch__Wilhelm.tsv
APPRART	APPRART		APPRART	ins		oft flucht ich der Stunde , wo ich sie fand , und raste im Geiste gegen das himmlische Geschöpf , daß es mich nur darum	ins	Leben geweckt hätte , um mich wieder niederzudrücken mit seiner Hoheit .	, daß es mein nicht bedurfte .oft flucht ich der Stunde , wo ich sie fand , und raste im Geiste gegen das himmlische Geschöpf , daß es mich nur darum ins Leben geweckt hätte , um mich wieder niederzudrücken mit seiner Hoheit .Es konnte nicht anders kommen , ich	203	25	57708-H_lderlin__Friedrich.tsv
APPRART	APPRART		APPRART	ins		Die erfreuliche Tatsache , daß die von Euer Hochgeboren	ins	Leben gerufene und der unermüdlichen Leitung Euer Hochgeboren unterstehende Gesellschaft der österreichischen Friedensfreunde bereits auf eine zehnjährige Wirksamkeit zurückblicken kann , bewegt mich dazu , Euer Hochgeboren aus diesem Anlaß auf das wärmste zu begrüßen .	Jude der Mörder des kleinen Mannes !Die erfreuliche Tatsache , daß die von Euer Hochgeboren ins Leben gerufene und der unermüdlichen Leitung Euer Hochgeboren unterstehende Gesellschaft der österreichischen Friedensfreunde bereits auf eine zehnjährige Wirksamkeit zurückblicken kann , bewegt mich dazu , Euer Hochgeboren aus diesem Anlaß auf das wärmste zu begrüßen .Auch da waren die Erfolge nur gering	7284	9	102347-Suttner__Bertha_von.tsv
APPRART	APPRART		APPRART	vom		« flüsterte ihr Jochai zu : » Ich gehe mit , um	vom	Fenster herab zu ersehen , wer der Klopfende ist .	nach dem Schlüssel an der Wand .« flüsterte ihr Jochai zu : » Ich gehe mit , um vom Fenster herab zu ersehen , wer der Klopfende ist .Großvater und Enkelin fuhren etwas zusammen .	168	12	99030-Spindler__Carl.tsv
APPRART	APPRART		APPRART	zum		« – Und unserer Annah , sagte Ernst , wird die Ehre zufallen , sie	zum	erstenmale zu läuten !	Jack richtete das Fernrohr danach hin .« – Und unserer Annah , sagte Ernst , wird die Ehre zufallen , sie zum erstenmale zu läuten !Fehlte der Insel also auch ein Kranz	6788	15	107535-Verne__Jules.tsv
APPRART	APPRART		APPRART	zum		Nun gingen Ihro Majestät wieder	zum	General von Zieten und Herrn von Kleist , und sprachen von verschiedenen Sachen .	den Reichtum und den guten Geschmack .Nun gingen Ihro Majestät wieder zum General von Zieten und Herrn von Kleist , und sprachen von verschiedenen Sachen .« Niemand aber kam uns zu begrüßen	27811	5	26867-Fontane__Theodor.tsv
APPRART	APPRART		APPRART	zum		Warum war aber meine Seele nicht von ebenso tiefen Gefühlen ergriffen , als ich jüngst	zum	ersten Male über den entsetzlichen Platz ging , wo Ludwig XVI. gestorben ?	mals mit ihren heitersten Farben geschmückt .Warum war aber meine Seele nicht von ebenso tiefen Gefühlen ergriffen , als ich jüngst zum ersten Male über den entsetzlichen Platz ging , wo Ludwig XVI. gestorben ?Da liegt sie , die Herrlichkeit des	63	15	59696-Heine__Heinrich.tsv
APPRART	APPRART		APPRART	zur		Ich beginne	zur	Ansicht der Männer zu neigen : Was für ein erbärmliches Ding ist doch Frauentugend !	Stimme des Fleisches die des Geistes ?Ich beginne zur Ansicht der Männer zu neigen : Was für ein erbärmliches Ding ist doch Frauentugend !Vermag so ein plötzliches Aufwallen des Blutes	1786	2	27165-Gautier__Th_ophile.tsv
APPRART	APPRART		APPRART	zur		Abermals erfaßte ihn die Verzweiflung , und als er die Via Portuensis , die geradeswegs zu dem Viertel jenseit des Tiber führte , erreicht hatte , kam er erst beim Tore wieder	zur	Besinnung , wo ihm wiederholt wurde , was er schon vorher von den Flüchtlingen gehört hatte , daß der größte Teil dieser Stadtgegend noch nicht in Flammen stehe , daß sich das Feuer aber schon an mehreren Stellen über den Fluß verbreitet habe .	galt es , Lygia zu retten .Abermals erfaßte ihn die Verzweiflung , und als er die Via Portuensis , die geradeswegs zu dem Viertel jenseit des Tiber führte , erreicht hatte , kam er erst beim Tore wieder zur Besinnung , wo ihm wiederholt wurde , was er schon vorher von den Flüchtlingen gehört hatte , daß der größte Teil dieser Stadtgegend noch nicht in Flammen stehe , daß sich das Feuer aber schon an mehreren Stellen über den Fluß verbreitet habe .Aber diese Gedanken , die aus seinem	10483	32	98460-Sienkiewicz__Henryk.tsv
APPRART	APPRART		APPRART	zur		« Da trat er um mehrere Schritte	zur	Seite , senkte den Blick und sagte : Es war die höchste Zeit für sie .	Sonne dieses dürren Master Chinarindo sein !« Da trat er um mehrere Schritte zur Seite , senkte den Blick und sagte : Es war die höchste Zeit für sie .« frug sie gedehnt .	3740	7	79314-May__Karl.tsv