DTA-Tag	TT-Tag	MM-TAg	Perceptron-Tag	Lemma	newtag	Prefix	Wort	Suffix	Sentence_neighborhood	sentence_index	index	filename
APZR	APPR		APPR	an		Nachdem Alles geordnet war , erfolgte der Befehl zur Eröffnung des Feuers , und von diesem Augenblick	an	spie die » Maria « ohne Unterbrechung ihre Breitseiten gegen das Ufer .	jungen Mannes wieder die Oberhand gewonnen .Nachdem Alles geordnet war , erfolgte der Befehl zur Eröffnung des Feuers , und von diesem Augenblick an spie die » Maria « ohne Unterbrechung ihre Breitseiten gegen das Ufer .Die Panagia wird mir helfen , zu	17873	17	31528-Goedsche__Herrmann.tsv
APZR	APZR		APPR	an		Die Propheten aber immer im Blik auf 's verheissene Königreich der lezten Zeitdamit Ihnen das bekannt werde , was noch kommen soll ; aber mit einem einfältigen kindlichen Glauben : daß Gott dem Wort nach manches erfüllen könne , was uns thöricht und unmöglich scheint , gleichwie er auch von Anfang	an	gethan : z.B. in Ansehung der Sündflut , Erscheinungen , und Besuch bei Abraham ; in den Offenbarungen , die dem Moses zu verschiedenenmalen wiederfahren ; ferner bei'm Durchgang durch 's rothe Meer , Speisung eines so großen Volkes in der Wüste , und Tränkung desselben aus einem Felsen , wo vorher kein Wasser floß : u. s.w. welches alles die heutigen Gelehrten vorher , eh es geschehen war , eben so wenig geglaubt , und Gott lieber in den engen Bezirk ihres kurzgefaßten Möglichkeitsystems eingeschlossen , und einen jeden Glaubigen ausgelacht hätten , wie ver mutlich die vor der Sündflut den Noah ausgelacht , als er den Schiffkasten gebaut ; und die zu Sodom den Loth , als er die Zerstörung ihrer Stadt geglaubt .	die nachfolgende Geistesrichtung meines seligen Vaters .Die Propheten aber immer im Blik auf 's verheissene Königreich der lezten Zeitdamit Ihnen das bekannt werde , was noch kommen soll ; aber mit einem einfältigen kindlichen Glauben : daß Gott dem Wort nach manches erfüllen könne , was uns thöricht und unmöglich scheint , gleichwie er auch von Anfang an gethan : z.B. in Ansehung der Sündflut , Erscheinungen , und Besuch bei Abraham ; in den Offenbarungen , die dem Moses zu verschiedenenmalen wiederfahren ; ferner bei'm Durchgang durch 's rothe Meer , Speisung eines so großen Volkes in der Wüste , und Tränkung desselben aus einem Felsen , wo vorher kein Wasser floß : u. s.w. welches alles die heutigen Gelehrten vorher , eh es geschehen war , eben so wenig geglaubt , und Gott lieber in den engen Bezirk ihres kurzgefaßten Möglichkeitsystems eingeschlossen , und einen jeden Glaubigen ausgelacht hätten , wie ver mutlich die vor der Sündflut den Noah ausgelacht , als er den Schiffkasten gebaut ; und die zu Sodom den Loth , als er die Zerstörung ihrer Stadt geglaubt .Klopstok wurde durch mich in Ludwigsburg ,	3587	51	97606-Schubart__Christian_Friedrich_Daniel.tsv
APZR	APZR		APZR	an		Auf einmal riß sein Wasserzug von oben	an	bis unten auseinander , alles stob davon und auf leerem Platz einsam stund Resli , ehe er zehn zählen konnte ; stille ward es um ihn , nur von oben her , von den Spritzenführern , hörte er fluchen , er wußte nicht warum .	wäre , ihn wieder zu treffen .Auf einmal riß sein Wasserzug von oben an bis unten auseinander , alles stob davon und auf leerem Platz einsam stund Resli , ehe er zehn zählen konnte ; stille ward es um ihn , nur von oben her , von den Spritzenführern , hörte er fluchen , er wußte nicht warum .Er machte wohl noch die Runde rund	705	7	48351-Gotthelf__Jeremias.tsv
APZR	APPR		APPR	an		Er verdient es zu seyn , er ist fähig es zu werden , und daß es ihr gelingen wird , hab' ich von der Stunde	an	nicht bezweifelt , da ich ihr Bildniß bei Learchen sah ; denn ich erkannte auf den ersten Blick Aristipps Hälfte in ihr .	mit dem eines andern vertauschen möchte .Er verdient es zu seyn , er ist fähig es zu werden , und daß es ihr gelingen wird , hab' ich von der Stunde an nicht bezweifelt , da ich ihr Bildniß bei Learchen sah ; denn ich erkannte auf den ersten Blick Aristipps Hälfte in ihr .Dieß wird und muß euch andern wackern	8226	25	110273-Wieland__Christoph_Martin.tsv
APZR	APZR		PTKVZ	aus		Diese Frau « , fuhr der Pursche im Reden fort , » heißt man nur die glückselige Margaretha , sie ist aber seit etwa einem Jahre her zur Wittbe worden , weil ihr Mann , als er von einem gewissen Herrn von Padua	aus	mit Briefen weggeschickt , unterweges von einem Banditen dergestalt tödlich verwundet worden , daß er etliche Tage hernach an den empfangenen Blessuren sterben müssen .	ohnstreitig die vornehmste zu nennen ist .Diese Frau « , fuhr der Pursche im Reden fort , » heißt man nur die glückselige Margaretha , sie ist aber seit etwa einem Jahre her zur Wittbe worden , weil ihr Mann , als er von einem gewissen Herrn von Padua aus mit Briefen weggeschickt , unterweges von einem Banditen dergestalt tödlich verwundet worden , daß er etliche Tage hernach an den empfangenen Blessuren sterben müssen .« » Ach nein !	3746	43	97160-Schnabel__Johann_Gottfried.tsv
APZR	ADV		APZR	her		Diese Frau « , fuhr der Pursche im Reden fort , » heißt man nur die glückselige Margaretha , sie ist aber seit etwa einem Jahre	her	zur Wittbe worden , weil ihr Mann , als er von einem gewissen Herrn von Padua aus mit Briefen weggeschickt , unterweges von einem Banditen dergestalt tödlich verwundet worden , daß er etliche Tage hernach an den empfangenen Blessuren sterben müssen .	ohnstreitig die vornehmste zu nennen ist .Diese Frau « , fuhr der Pursche im Reden fort , » heißt man nur die glückselige Margaretha , sie ist aber seit etwa einem Jahre her zur Wittbe worden , weil ihr Mann , als er von einem gewissen Herrn von Padua aus mit Briefen weggeschickt , unterweges von einem Banditen dergestalt tödlich verwundet worden , daß er etliche Tage hernach an den empfangenen Blessuren sterben müssen .« » Ach nein !	3746	26	97160-Schnabel__Johann_Gottfried.tsv
APZR	APZR		APZR	her		Das muß eine Zeit	her	sein .	zögerte nicht , dem Wunsche nachzukommen .Das muß eine Zeit her sein .« » Du ?	123	4	90189-Saar__Ferdinand_von.tsv
APZR	APZR		APZR	her		‹ Wer vom flachen Lande	her	in Eisleben einreitet und die ansteigende Kirche und den niedersteigenden Bergbau wahrnimmt , findet die Vorstellung seiner Kindheit : daß der Ort , wo so ein Mann wie Luther geboren und gestorben , auch dem Auge schon ausgezeichnet sein müsse , überraschend erfüllt ; neben der festen dauernden Sitte , welche die kleineren Städte von Sachsen vor dem übrigen Deutschlande schon im Äußeren durch ordentliche Erhaltung und Reinlichkeit kenntlich macht , hat die Umgebung der Kirche noch etwas besonders Ernstes und Feierliches ; älter als Luther , scheint sie doch seinetwegen erbaut , daß Gottes Wort lauter und klar darin gepredigt werde ; sein Haus ist nicht erneut , aber altertümlich genug , um die neugierigen Reisenden in die ernstere Gesinnung einer früheren Zeit unseres Vaterlandes zu versetzen .	darum auf Anton so unermüdlich losgestoßen .‹ Wer vom flachen Lande her in Eisleben einreitet und die ansteigende Kirche und den niedersteigenden Bergbau wahrnimmt , findet die Vorstellung seiner Kindheit : daß der Ort , wo so ein Mann wie Luther geboren und gestorben , auch dem Auge schon ausgezeichnet sein müsse , überraschend erfüllt ; neben der festen dauernden Sitte , welche die kleineren Städte von Sachsen vor dem übrigen Deutschlande schon im Äußeren durch ordentliche Erhaltung und Reinlichkeit kenntlich macht , hat die Umgebung der Kirche noch etwas besonders Ernstes und Feierliches ; älter als Luther , scheint sie doch seinetwegen erbaut , daß Gottes Wort lauter und klar darin gepredigt werde ; sein Haus ist nicht erneut , aber altertümlich genug , um die neugierigen Reisenden in die ernstere Gesinnung einer früheren Zeit unseres Vaterlandes zu versetzen .Er habe im Wirtshause das erste Feuer	1162	5	5093-Arnim__Ludwig_Achim_von.tsv
APZR	APZR		APZR	her		Auf einmal riß sein Wasserzug von oben an bis unten auseinander , alles stob davon und auf leerem Platz einsam stund Resli , ehe er zehn zählen konnte ; stille ward es um ihn , nur von oben	her	, von den Spritzenführern , hörte er fluchen , er wußte nicht warum .	wäre , ihn wieder zu treffen .Auf einmal riß sein Wasserzug von oben an bis unten auseinander , alles stob davon und auf leerem Platz einsam stund Resli , ehe er zehn zählen konnte ; stille ward es um ihn , nur von oben her , von den Spritzenführern , hörte er fluchen , er wußte nicht warum .Er machte wohl noch die Runde rund	705	38	48351-Gotthelf__Jeremias.tsv
APZR	APZR		APZR	heraus		– Willy an seinen Bruder Thomas Der Wechsel der Jahreszeiten zerstört die Berge und Felsen , die ewigen Pfeiler der Erde zerbröckeln sich durch Regengüsse , der Mensch durch den Lauf seines Bluts , ein Totenwurm in ihm , der ihn von innen	heraus	zernagt .	werde ich in beständiger Furcht leben .– Willy an seinen Bruder Thomas Der Wechsel der Jahreszeiten zerstört die Berge und Felsen , die ewigen Pfeiler der Erde zerbröckeln sich durch Regengüsse , der Mensch durch den Lauf seines Bluts , ein Totenwurm in ihm , der ihn von innen heraus zernagt .– Ein Italiener , Rosa , wird	5887	43	104891-Tieck__Ludwig.tsv
APZR	PTKVZ		APZR	heraus		Aber das sind Possen über alle Possen , denn ich kan nicht sehen , wie diese Feuchtigkeit , wann sie so offt verändert , coagulirt , figirt , circulirt , putrificirt , destillirt , und mit dem durchfressenden Queck-Silber vermischet wird , in ihrer vorigen Reinigkeit bleiben könne : diß sind nur Aufschneidereyen von Landfahrern und Quack-Salbern ; ich habe , die Wahrheit dessen zu erfahren , gewißlich mit recht grossem Fleiß solches alles probirt , aber nicht einen Tropffen Feuchtigkeit oder Wassers , nicht einmahl aus fünfftzig Stücken	heraus	bekommen können : ja , ich habe befunden , daß dieser geringe Schleim , so bald er von den Würmlein weggenommen ist , mit sammt den Würmlein verdorre , und nicht die geringste Spur von Licht mehr übrig behalte .	Tage in einem Glaß in Roß-Mist .Aber das sind Possen über alle Possen , denn ich kan nicht sehen , wie diese Feuchtigkeit , wann sie so offt verändert , coagulirt , figirt , circulirt , putrificirt , destillirt , und mit dem durchfressenden Queck-Silber vermischet wird , in ihrer vorigen Reinigkeit bleiben könne : diß sind nur Aufschneidereyen von Landfahrern und Quack-Salbern ; ich habe , die Wahrheit dessen zu erfahren , gewißlich mit recht grossem Fleiß solches alles probirt , aber nicht einen Tropffen Feuchtigkeit oder Wassers , nicht einmahl aus fünfftzig Stücken heraus bekommen können : ja , ich habe befunden , daß dieser geringe Schleim , so bald er von den Würmlein weggenommen ist , mit sammt den Würmlein verdorre , und nicht die geringste Spur von Licht mehr übrig behalte .11 Etliche richten dieses Nachtleuchtende Wesen also	3494	89	14949-Br_uner__Johann_Jacob.tsv
APZR	ADV		APZR	heraus		Braun u. Schneiders haben vor , eine Sammlung davon	heraus	zu geben ; Sie würden , denk ich , am Besten thun , bis dahin zu warten .	sie dann wieder in d. flieg .Braun u. Schneiders haben vor , eine Sammlung davon heraus zu geben ; Sie würden , denk ich , am Besten thun , bis dahin zu warten .– Was meine Zeichnungen und Geschichten anlangt	13	9	15898-Busch__Wilhelm.tsv
APZR	APZR		APZR	heraus		Schimmer verläst also dieselbe , und begiebt sich zu seiner übrigen Gesellschafft , welcher er diese Begebenheit gründlich zu Gemüthe führet , und erwehnte Wittbe als ein vollkommenes Bild der Tugend	heraus	streicht .	auch feurige Funcken und Flammen aussprützte .Schimmer verläst also dieselbe , und begiebt sich zu seiner übrigen Gesellschafft , welcher er diese Begebenheit gründlich zu Gemüthe führet , und erwehnte Wittbe als ein vollkommenes Bild der Tugend heraus streicht .Blos ihm zu Gefallen blieben wir also	446	31	97159-Schnabel__Johann_Gottfried.tsv
APZR	APZR		APZR	heraus		Im Innern liegt der Grund des Äußern , weil durch organische Kräfte alles von innen	heraus	gebildet ward und jedes Geschöpf eine so ganze Form der Natur ist , als ob sie nichts anders geschaffen hätte .	und jede Abweichung davon ist tierisch .Im Innern liegt der Grund des Äußern , weil durch organische Kräfte alles von innen heraus gebildet ward und jedes Geschöpf eine so ganze Form der Natur ist , als ob sie nichts anders geschaffen hätte .Das Hinterhaupt dagegen ist klein ; denn	47	15	61281-Herder__Johann_Gottfried.tsv
APZR	XY		NN	heraus		105 Dann er macht die gleich in einer guldenen Ketten solcher seltzame weiß von weitem	herauß	gehen / daß sie in sein Hand / wie sie ein ansehen hatte / sich erstreckten / vnn gleichwol die Kett hernachgehends vberall gantz befunden ward .	/ vnnd noch in Leben ist .105 Dann er macht die gleich in einer guldenen Ketten solcher seltzame weiß von weitem herauß gehen / daß sie in sein Hand / wie sie ein ansehen hatte / sich erstreckten / vnn gleichwol die Kett hernachgehends vberall gantz befunden ward .Nach fůnff Stunden / als sie wider	2072	15	14106-Bodin__Jean.tsv
APZR	VAFIN		ADV	herum		Den so einen mus man herschlahgen als wie dich und fileichd erwiesche ich eine bassende Gelehgenheid und lase Dich herum mit einen Oxenfisel das dier die Lumberei fileichd ferget , so lase ich dich	herum	du hunzheitener Batsi .	begient es weiter drohben beim Main .Den so einen mus man herschlahgen als wie dich und fileichd erwiesche ich eine bassende Gelehgenheid und lase Dich herum mit einen Oxenfisel das dier die Lumberei fileichd ferget , so lase ich dich herum du hunzheitener Batsi .Eigenlich begient das Ausland ieber der Dohnau	164	34	104520-Thoma__Ludwig.tsv
APZR	APZR		PTKVZ	hinaus		– In faden Harmlosigkeiten freilich darf ich mich dabei nicht ergehen , auf einige Verblüffung läuft es immer	hinaus	– dem Geschmack der Zeit muß man Konzessionen machen ... man muß ... Welcher Künstler ist groß geworden und hat das nicht getan ?	läßt sich darin nicht finden !.. .– In faden Harmlosigkeiten freilich darf ich mich dabei nicht ergehen , auf einige Verblüffung läuft es immer hinaus – dem Geschmack der Zeit muß man Konzessionen machen ... man muß ... Welcher Künstler ist groß geworden und hat das nicht getan ?Jetzt sind Sie 's nicht .	479	18	23119-Ebner_Eschenbach__Marie_von.tsv
APZR	ADV		APZR	hinaus		Nachdem wir diese genossen hatten , setzte sich der Vater mit der Pfeife ins Freie , d.h.	hinaus	in den ummauerten Pfarrhof , und ich samt den Brüdern sprang im Hemdtalare in der frischen Abendluft herum und wir taten als seien wir die noch kreuzenden Schwalben über uns und wir flogen behend hin und her und trugen etwas zu Nest .	vor die Johannis- und die Himbeeren .Nachdem wir diese genossen hatten , setzte sich der Vater mit der Pfeife ins Freie , d.h. hinaus in den ummauerten Pfarrhof , und ich samt den Brüdern sprang im Hemdtalare in der frischen Abendluft herum und wir taten als seien wir die noch kreuzenden Schwalben über uns und wir flogen behend hin und her und trugen etwas zu Nest .Die Morgen glänzen mir noch mit unvertrocknetem	508	17	64901-Jean_Paul.tsv
APZR	APZR		APZR	hinaus		Wo die wohl	hinaus	wollen ?	sich ja säuberlich gefunden und verbunden !Wo die wohl hinaus wollen ?« hieß es , » das ist	664	3	66071-Keller__Gottfried.tsv
APZR	APZR		APZR	hinaus		Mit abgewendetem Gesicht sprach sie da einige Worte in die Nacht	hinaus	, aber so leise und , wie es ihm schien , von verhaltenem Weinen erstickt , daß er nichts verstehen konnte .	sie gern in der seinigen ließ .Mit abgewendetem Gesicht sprach sie da einige Worte in die Nacht hinaus , aber so leise und , wie es ihm schien , von verhaltenem Weinen erstickt , daß er nichts verstehen konnte .» Liebe Julie !	2641	11	24821-Eichendorff__Joseph_von.tsv
APZR	PTKVZ		PTKVZ	hinaus		« » Nein , Meister , « sagte Uli , » aber es reißt mich fast voneinander ; etwas reißt mich	hinaus	und ein Anderes hinein , und Keines mag das Andere recht , und so bin ich übel daran und fast wie gebannt ; ich wollte , es würde mir jemand entweder hinaus , oder hineinhelfen ; es friert mich bereits , daß ich meine Füße gar nicht mehr fühle .	: » Was Schießigs hast du ?« » Nein , Meister , « sagte Uli , » aber es reißt mich fast voneinander ; etwas reißt mich hinaus und ein Anderes hinein , und Keines mag das Andere recht , und so bin ich übel daran und fast wie gebannt ; ich wollte , es würde mir jemand entweder hinaus , oder hineinhelfen ; es friert mich bereits , daß ich meine Füße gar nicht mehr fühle .« Einst traf der Meister Uli an	226	21	48349-Gotthelf__Jeremias.tsv
APZR	PTKVZ		PTKVZ	hinaus		« » Nein , Meister , « sagte Uli , » aber es reißt mich fast voneinander ; etwas reißt mich hinaus und ein Anderes hinein , und Keines mag das Andere recht , und so bin ich übel daran und fast wie gebannt ; ich wollte , es würde mir jemand entweder	hinaus	, oder hineinhelfen ; es friert mich bereits , daß ich meine Füße gar nicht mehr fühle .	: » Was Schießigs hast du ?« » Nein , Meister , « sagte Uli , » aber es reißt mich fast voneinander ; etwas reißt mich hinaus und ein Anderes hinein , und Keines mag das Andere recht , und so bin ich übel daran und fast wie gebannt ; ich wollte , es würde mir jemand entweder hinaus , oder hineinhelfen ; es friert mich bereits , daß ich meine Füße gar nicht mehr fühle .« Einst traf der Meister Uli an	226	53	48349-Gotthelf__Jeremias.tsv
APZR	APZR		PROAV	hinaus		« – Sie nickte dem Bedienten zu , der augenblicklich	hinaus	ging , und gleich darauf die Thüre von außen langsam öffnete .	, « antwortete hochmüthig die Räthin .« – Sie nickte dem Bedienten zu , der augenblicklich hinaus ging , und gleich darauf die Thüre von außen langsam öffnete .Dieser war aber ein Polizei-Kommissär in voller	18416	10	56361-Hackl_nder__Friedrich_Wilhelm_von.tsv
APZR	APZR		APZR	hinaus		da aber eben auf den Stuhl zu sitzen gekommen war , worauf sie ihre Kleider gelegt , nahm ich nicht allein alle dieselben gantz behutsam unter den Arm , sondern noch ihre Pantoffeln und Strümffe darzu , schlich mich sachte hinunter , und nach gerade immer zum Garten	hinaus	, brachte auch alle die Sachen glücklich in meine Herberge , ohne daß es jemand darinnen gewahr wurde , denn der Hauß-Knecht , so mir aufmachte , hatte kein Licht , und ich ging gerades Wegs damit nach meiner Cammer , und verdeckte diese allerley Sachen .	so würde es schon besser werden .da aber eben auf den Stuhl zu sitzen gekommen war , worauf sie ihre Kleider gelegt , nahm ich nicht allein alle dieselben gantz behutsam unter den Arm , sondern noch ihre Pantoffeln und Strümffe darzu , schlich mich sachte hinunter , und nach gerade immer zum Garten hinaus , brachte auch alle die Sachen glücklich in meine Herberge , ohne daß es jemand darinnen gewahr wurde , denn der Hauß-Knecht , so mir aufmachte , hatte kein Licht , und ich ging gerades Wegs damit nach meiner Cammer , und verdeckte diese allerley Sachen .Diese kläglichen Vorstellungen , nebst ihren schmertzhafften	9982	48	97159-Schnabel__Johann_Gottfried.tsv
APZR	ADV		APZR	hinein		Ins Dorf	hinein	ist er jedenfalls nicht ; darum bin ich heraus , um seine Spur zu finden .	ihrer liegt hier dieser Gottfried dort .Ins Dorf hinein ist er jedenfalls nicht ; darum bin ich heraus , um seine Spur zu finden .Aus Unvorsichtigkeit ziehe ich auch meinen Rock	704	2	79358-May__Karl.tsv