DTA-Tag	TT-Tag	MM-TAg	Perceptron-Tag	Lemma	newtag	Prefix	Wort	Suffix	Sentence_neighborhood	sentence_index	index	filename
CARD	CARD		CARD	105			105	Dann er macht die gleich in einer guldenen Ketten solcher seltzame weiß von weitem herauß gehen / daß sie in sein Hand / wie sie ein ansehen hatte / sich erstreckten / vnn gleichwol die Kett hernachgehends vberall gantz befunden ward .	/ vnnd noch in Leben ist .105 Dann er macht die gleich in einer guldenen Ketten solcher seltzame weiß von weitem herauß gehen / daß sie in sein Hand / wie sie ein ansehen hatte / sich erstreckten / vnn gleichwol die Kett hernachgehends vberall gantz befunden ward .Nach fůnff Stunden / als sie wider	2072	0	14106-Bodin__Jean.tsv
CARD	CARD		CARD	12			12	Vnd gab den Kauffbrieff Baruch dem son Neria des sons Mahaseja / in gegenwertigkeit Hanameel meines Vettern / vnd der Zeugen die im Kauffbrieff geschrieben stunden / vnd aller Jüden die am Hofe des Gefengnis woneten .	Geld dar / auff einer wage .12 Vnd gab den Kauffbrieff Baruch dem son Neria des sons Mahaseja / in gegenwertigkeit Hanameel meines Vettern / vnd der Zeugen die im Kauffbrieff geschrieben stunden / vnd aller Jüden die am Hofe des Gefengnis woneten .DA merckt ich / das des HERRN	3953	0	78101-Luther__Martin.tsv
CARD	CARD		CARD	1821		Ich habe schon im vergangenen Jahre in Neapel (	1821	) die Beobachtung gemacht , daß ausgezeichnete Musik – auch ein gutes Ballett , ich denke an » Othello « und » Die Vestalin « , Balletts von Viganò , – mich an das denken macht , was tagsüber schon der Gegenstand meiner Träumereien war , und daß ich dabei meine besten Einfälle habe .	, in eine köstliche Frucht verwandelt .Ich habe schon im vergangenen Jahre in Neapel ( 1821 ) die Beobachtung gemacht , daß ausgezeichnete Musik – auch ein gutes Ballett , ich denke an » Othello « und » Die Vestalin « , Balletts von Viganò , – mich an das denken macht , was tagsüber schon der Gegenstand meiner Träumereien war , und daß ich dabei meine besten Einfälle habe .Ist unsre Geliebte unsre vertrauteste Freundin geworden	2182	9	99251-Stendhal.tsv
CARD	CARD		CARD	82			82	Dise bekanten / daß sie / damit sie dem Großhofmeister Mumold das leben fristeten / des Königs Sohn vmb das leben gebracht hettē .	Jedoch ist diß nichts newes .82 Dise bekanten / daß sie / damit sie dem Großhofmeister Mumold das leben fristeten / des Königs Sohn vmb das leben gebracht hettē .97 Vnd es schemt es hab Plato	2435	0	14106-Bodin__Jean.tsv
CARD	CARD		CARD	893		Es waren aber sechs Dutzet altfränkische silberne Tischbecher , ein groß gulden Pokal , etliche Duplet , vier silberne und ein guldenes Salzfaß , eine altfränkische guldne Kette , unterschiedliche Diamanten , Rubinen , Saphiren und Schmaragden , beides in Ringen und andern Kleinodien gefasset ; item ein ganz Lädlein voll großer Perlen , aber alle verdorben oder abgestanden , und dann in einem versporten ledernen Sack achtzig von den ältisten Joachimstalern aus feinem Silber , sodann	893	Goldstücke mit dem französischen Wappen und einem Adler , welche Münze niemand kennen wollte , weil man , wie sie sagten , die Schrift nicht lesen konnte .	erst durch den Schuß geöffnet hatte .Es waren aber sechs Dutzet altfränkische silberne Tischbecher , ein groß gulden Pokal , etliche Duplet , vier silberne und ein guldenes Salzfaß , eine altfränkische guldne Kette , unterschiedliche Diamanten , Rubinen , Saphiren und Schmaragden , beides in Ringen und andern Kleinodien gefasset ; item ein ganz Lädlein voll großer Perlen , aber alle verdorben oder abgestanden , und dann in einem versporten ledernen Sack achtzig von den ältisten Joachimstalern aus feinem Silber , sodann 893 Goldstücke mit dem französischen Wappen und einem Adler , welche Münze niemand kennen wollte , weil man , wie sie sagten , die Schrift nicht lesen konnte .Als der Schuß geschehen , wieherte mein	4148	77	50637-Grimmelshausen__Hans_Jakob_Christoffel_von.tsv
CARD	CARD		CARD	9			9	) Wie man Abrechnung mit seiner Moralität halten solle .	sondern ein aufrichtiger und gerechter Freund !9 ) Wie man Abrechnung mit seiner Moralität halten solle .7 ) Sei Dir ein angenehmer Gesellschafter	2468	0	68043-Knigge__Adolph_Freiherr_von.tsv
CARD	CARD		CARD	acht		‹ Mein Alter aber saß am Bett und rechnete an den Fingern : › Eins , zwei , vier –	acht	.	Nit raus ?‹ Mein Alter aber saß am Bett und rechnete an den Fingern : › Eins , zwei , vier – acht .Nit raus ?	1682	20	86993-Raabe__Wilhelm.tsv
CARD	ADJD		ADJD	achtzig		Es waren aber sechs Dutzet altfränkische silberne Tischbecher , ein groß gulden Pokal , etliche Duplet , vier silberne und ein guldenes Salzfaß , eine altfränkische guldne Kette , unterschiedliche Diamanten , Rubinen , Saphiren und Schmaragden , beides in Ringen und andern Kleinodien gefasset ; item ein ganz Lädlein voll großer Perlen , aber alle verdorben oder abgestanden , und dann in einem versporten ledernen Sack	achtzig	von den ältisten Joachimstalern aus feinem Silber , sodann 893 Goldstücke mit dem französischen Wappen und einem Adler , welche Münze niemand kennen wollte , weil man , wie sie sagten , die Schrift nicht lesen konnte .	erst durch den Schuß geöffnet hatte .Es waren aber sechs Dutzet altfränkische silberne Tischbecher , ein groß gulden Pokal , etliche Duplet , vier silberne und ein guldenes Salzfaß , eine altfränkische guldne Kette , unterschiedliche Diamanten , Rubinen , Saphiren und Schmaragden , beides in Ringen und andern Kleinodien gefasset ; item ein ganz Lädlein voll großer Perlen , aber alle verdorben oder abgestanden , und dann in einem versporten ledernen Sack achtzig von den ältisten Joachimstalern aus feinem Silber , sodann 893 Goldstücke mit dem französischen Wappen und einem Adler , welche Münze niemand kennen wollte , weil man , wie sie sagten , die Schrift nicht lesen konnte .Als der Schuß geschehen , wieherte mein	4148	67	50637-Grimmelshausen__Hans_Jakob_Christoffel_von.tsv
CARD	ADJD		CARD	dreißigtausend		So gelang es ihm , ungefähr	dreißigtausend	gedruckte Bände und vierzehntausend Handschriften zu sammeln .	, mit so bedeutenden Kosten gründete .So gelang es ihm , ungefähr dreißigtausend gedruckte Bände und vierzehntausend Handschriften zu sammeln .So überwies er auch die Ueberbleibsel seiner	4059	6	78504-Manzoni__Alessandro.tsv
CARD	CARD		CARD	fünfzig		Die letzten	funfzig	Jahre , die alles umgeworfen oder erschüttert , haben nur eins nicht erschüttert – Lafayettes Tugend .	, das kann er nicht fassen .Die letzten funfzig Jahre , die alles umgeworfen oder erschüttert , haben nur eins nicht erschüttert – Lafayettes Tugend .Ein ehrlicher Mann !	1498	2	6286-B_rne__Ludwig.tsv
CARD	CARD		CARD	hundert		Lange , nachdem sie Frau geworden , hatte sie nicht verstanden , woher ihr gegen den Mann , den sie frei gewählt hatte , wie er sie , oftmals dieses grollende Gefühl kam , dieser sprungbereite Haß , der sich in tausend kleinen Szenen entlud , – da es zur großen Aussprache zwischen ihnen niemals kam , – der	hundert	eingebildete und konstruierte Vorwände heftiger Entladungen er fand , – bis der wahre Grund ihrer geheimen Feindschaft , ihrem bohrenden Spähen , ihrer wachgehetzten Weibheit klargeworden war : die Versprechungen ihres Körpers schienen für diesen Mann erfüllt .	, welche Juden untereinander oft abstößt .Lange , nachdem sie Frau geworden , hatte sie nicht verstanden , woher ihr gegen den Mann , den sie frei gewählt hatte , wie er sie , oftmals dieses grollende Gefühl kam , dieser sprungbereite Haß , der sich in tausend kleinen Szenen entlud , – da es zur großen Aussprache zwischen ihnen niemals kam , – der hundert eingebildete und konstruierte Vorwände heftiger Entladungen er fand , – bis der wahre Grund ihrer geheimen Feindschaft , ihrem bohrenden Spähen , ihrer wachgehetzten Weibheit klargeworden war : die Versprechungen ihres Körpers schienen für diesen Mann erfüllt .Und Frau Edda fuhr dahin , Einkäufe	5360	59	79543-Meisel_Hess__Grete.tsv
CARD	CARD		CARD	hundert		Argus hett	hundert	augen zum sehen , aber hundert hend muß ein Keller und Haußknecht haben , wie Briareus , auff das er unauffhörlich unnd unermüdet zäpff , schöpft , gewinn , hol , trag , ketsch , biet , stell , giß , schenck , füll .	und unser äugen vor übernächtlichen schlaf .Argus hett hundert augen zum sehen , aber hundert hend muß ein Keller und Haußknecht haben , wie Briareus , auff das er unauffhörlich unnd unermüdet zäpff , schöpft , gewinn , hol , trag , ketsch , biet , stell , giß , schenck , füll .Trinck allzeit vor dem durst : so	358	2	25786-Fischart__Johann.tsv
CARD	CARD		CARD	sechs		Es waren aber	sechs	Dutzet altfränkische silberne Tischbecher , ein groß gulden Pokal , etliche Duplet , vier silberne und ein guldenes Salzfaß , eine altfränkische guldne Kette , unterschiedliche Diamanten , Rubinen , Saphiren und Schmaragden , beides in Ringen und andern Kleinodien gefasset ; item ein ganz Lädlein voll großer Perlen , aber alle verdorben oder abgestanden , und dann in einem versporten ledernen Sack achtzig von den ältisten Joachimstalern aus feinem Silber , sodann 893 Goldstücke mit dem französischen Wappen und einem Adler , welche Münze niemand kennen wollte , weil man , wie sie sagten , die Schrift nicht lesen konnte .	erst durch den Schuß geöffnet hatte .Es waren aber sechs Dutzet altfränkische silberne Tischbecher , ein groß gulden Pokal , etliche Duplet , vier silberne und ein guldenes Salzfaß , eine altfränkische guldne Kette , unterschiedliche Diamanten , Rubinen , Saphiren und Schmaragden , beides in Ringen und andern Kleinodien gefasset ; item ein ganz Lädlein voll großer Perlen , aber alle verdorben oder abgestanden , und dann in einem versporten ledernen Sack achtzig von den ältisten Joachimstalern aus feinem Silber , sodann 893 Goldstücke mit dem französischen Wappen und einem Adler , welche Münze niemand kennen wollte , weil man , wie sie sagten , die Schrift nicht lesen konnte .Als der Schuß geschehen , wieherte mein	4148	3	50637-Grimmelshausen__Hans_Jakob_Christoffel_von.tsv
CARD	ADJD		CARD	sechshunderteinundsechzigtausend		Warum hatten sie die	sechshunderteinundsechzigtausend	Einwohner des Staates , der die Hälfte des gewöhnlich Neuengland genannten Gebietes einnimmt , um zwei Einheiten vermehrt ?	Wie steht es mit Lissy Wag ?Warum hatten sie die sechshunderteinundsechzigtausend Einwohner des Staates , der die Hälfte des gewöhnlich Neuengland genannten Gebietes einnimmt , um zwei Einheiten vermehrt ?« entgegnete Jovita , als sie auf	5865	4	107536-Verne__Jules.tsv
CARD	ADJD		CARD	tausend		Lange , nachdem sie Frau geworden , hatte sie nicht verstanden , woher ihr gegen den Mann , den sie frei gewählt hatte , wie er sie , oftmals dieses grollende Gefühl kam , dieser sprungbereite Haß , der sich in	tausend	kleinen Szenen entlud , – da es zur großen Aussprache zwischen ihnen niemals kam , – der hundert eingebildete und konstruierte Vorwände heftiger Entladungen er fand , – bis der wahre Grund ihrer geheimen Feindschaft , ihrem bohrenden Spähen , ihrer wachgehetzten Weibheit klargeworden war : die Versprechungen ihres Körpers schienen für diesen Mann erfüllt .	, welche Juden untereinander oft abstößt .Lange , nachdem sie Frau geworden , hatte sie nicht verstanden , woher ihr gegen den Mann , den sie frei gewählt hatte , wie er sie , oftmals dieses grollende Gefühl kam , dieser sprungbereite Haß , der sich in tausend kleinen Szenen entlud , – da es zur großen Aussprache zwischen ihnen niemals kam , – der hundert eingebildete und konstruierte Vorwände heftiger Entladungen er fand , – bis der wahre Grund ihrer geheimen Feindschaft , ihrem bohrenden Spähen , ihrer wachgehetzten Weibheit klargeworden war : die Versprechungen ihres Körpers schienen für diesen Mann erfüllt .Und Frau Edda fuhr dahin , Einkäufe	5360	41	79543-Meisel_Hess__Grete.tsv
CARD	CARD		CARD	vier		‹ Mein Alter aber saß am Bett und rechnete an den Fingern : › Eins , zwei ,	vier	– acht .	Nit raus ?‹ Mein Alter aber saß am Bett und rechnete an den Fingern : › Eins , zwei , vier – acht .Nit raus ?	1682	18	86993-Raabe__Wilhelm.tsv
CARD	CARD		CARD	vier		Es waren aber sechs Dutzet altfränkische silberne Tischbecher , ein groß gulden Pokal , etliche Duplet ,	vier	silberne und ein guldenes Salzfaß , eine altfränkische guldne Kette , unterschiedliche Diamanten , Rubinen , Saphiren und Schmaragden , beides in Ringen und andern Kleinodien gefasset ; item ein ganz Lädlein voll großer Perlen , aber alle verdorben oder abgestanden , und dann in einem versporten ledernen Sack achtzig von den ältisten Joachimstalern aus feinem Silber , sodann 893 Goldstücke mit dem französischen Wappen und einem Adler , welche Münze niemand kennen wollte , weil man , wie sie sagten , die Schrift nicht lesen konnte .	erst durch den Schuß geöffnet hatte .Es waren aber sechs Dutzet altfränkische silberne Tischbecher , ein groß gulden Pokal , etliche Duplet , vier silberne und ein guldenes Salzfaß , eine altfränkische guldne Kette , unterschiedliche Diamanten , Rubinen , Saphiren und Schmaragden , beides in Ringen und andern Kleinodien gefasset ; item ein ganz Lädlein voll großer Perlen , aber alle verdorben oder abgestanden , und dann in einem versporten ledernen Sack achtzig von den ältisten Joachimstalern aus feinem Silber , sodann 893 Goldstücke mit dem französischen Wappen und einem Adler , welche Münze niemand kennen wollte , weil man , wie sie sagten , die Schrift nicht lesen konnte .Als der Schuß geschehen , wieherte mein	4148	17	50637-Grimmelshausen__Hans_Jakob_Christoffel_von.tsv
CARD	ADJD		CARD	vierzehntausend		So gelang es ihm , ungefähr dreißigtausend gedruckte Bände und	vierzehntausend	Handschriften zu sammeln .	, mit so bedeutenden Kosten gründete .So gelang es ihm , ungefähr dreißigtausend gedruckte Bände und vierzehntausend Handschriften zu sammeln .So überwies er auch die Ueberbleibsel seiner	4059	10	78504-Manzoni__Alessandro.tsv
CARD	CARD		CARD	zehn		D' amis sûrs et fidèles ; Homburg indessen sollte noch erreicht werden , und um	zehn	Uhr abends rückten wir in seine Straßen ein .	trübseligen Anblick dem Auge zu entziehen .D' amis sûrs et fidèles ; Homburg indessen sollte noch erreicht werden , und um zehn Uhr abends rückten wir in seine Straßen ein .Auch Dorf Glindow hat von diesem allem	8533	15	26867-Fontane__Theodor.tsv
CARD	CARD		CARD	zwei		Wirklich wurden ihm	zwei	Jahre später einige Goldproben aus Neu-Süd-Wales zugesendet , und er entschied die Auswanderung einer großen Anzahl Arbeiter aus Cornwallis nach den Goldregionen Neu-Hollands .	werden ihn wiederfinden , nicht wahr ?Wirklich wurden ihm zwei Jahre später einige Goldproben aus Neu-Süd-Wales zugesendet , und er entschied die Auswanderung einer großen Anzahl Arbeiter aus Cornwallis nach den Goldregionen Neu-Hollands .erwiderte Paganel , und rieb sie heftig	1071	3	107493-Verne__Jules.tsv
CARD	CARD		CARD	zwei		‹ Mein Alter aber saß am Bett und rechnete an den Fingern : › Eins ,	zwei	, vier – acht .	Nit raus ?‹ Mein Alter aber saß am Bett und rechnete an den Fingern : › Eins , zwei , vier – acht .Nit raus ?	1682	16	86993-Raabe__Wilhelm.tsv
CARD	CARD		CARD	zwei		Indem ich die Rechnung mit der Haushälterin abschloß , fand ich , daß während der letzten	zwei	Wochen den Schülerinnen zweimal ein Gabelfrühstück serviert worden ist , welches aus Brot und Käse bestand .	nicht zu oft eintreten zu lassen .Indem ich die Rechnung mit der Haushälterin abschloß , fand ich , daß während der letzten zwei Wochen den Schülerinnen zweimal ein Gabelfrühstück serviert worden ist , welches aus Brot und Käse bestand .Das meine ist nicht der Hang zu	10915	16	15086-Bront___Charlotte.tsv
CARD	CARD		CARD	zwei		Bald nach meiner Zurückkunft nach Milet gerieth ich auf den Einfall , das berühmte allegorische Mährchen vom Prodikus , den Hercules auf dem Scheidewege , in	zwei	Seitenstücken zu malen ; so daß Lais in dem einen die Tugend , in dem andern die Wollust vorstellt , und ( wie du bereits errathen hast ) der junge Göttersohn im einen der Erstern , im andern ihrer reizenden Gegnerin die Hand reicht .	er nicht sehr lange ausdauern könnte .Bald nach meiner Zurückkunft nach Milet gerieth ich auf den Einfall , das berühmte allegorische Mährchen vom Prodikus , den Hercules auf dem Scheidewege , in zwei Seitenstücken zu malen ; so daß Lais in dem einen die Tugend , in dem andern die Wollust vorstellt , und ( wie du bereits errathen hast ) der junge Göttersohn im einen der Erstern , im andern ihrer reizenden Gegnerin die Hand reicht .Du weißt , in welchem Grade die	6108	26	110273-Wieland__Christoph_Martin.tsv
CARD	CARD		CARD	zwei		Warum hatten sie die sechshunderteinundsechzigtausend Einwohner des Staates , der die Hälfte des gewöhnlich Neuengland genannten Gebietes einnimmt , um	zwei	Einheiten vermehrt ?	Wie steht es mit Lissy Wag ?Warum hatten sie die sechshunderteinundsechzigtausend Einwohner des Staates , der die Hälfte des gewöhnlich Neuengland genannten Gebietes einnimmt , um zwei Einheiten vermehrt ?« entgegnete Jovita , als sie auf	5865	20	107536-Verne__Jules.tsv
CARD	ADJD		ADV	zwei		Mein Vater hatte mir	zwo	Sachen sehr eingeprägt , nämlich die Gewißheit des Wiedervergeltungsrechts und den Lehrsatz der Wohltätigkeit unsers Beispiels .	die wir in unsrer Jugend bekommen .Mein Vater hatte mir zwo Sachen sehr eingeprägt , nämlich die Gewißheit des Wiedervergeltungsrechts und den Lehrsatz der Wohltätigkeit unsers Beispiels .– Doch trenne ich mich leichter von	3155	4	72269-La_Roche__Sophie_von.tsv