DTA-Tag	TT-Tag	MM-TAg	Perceptron-Tag	Lemma	newtag	Prefix	Wort	Suffix	Sentence_neighborhood	sentence_index	index	filename
KOKOM	KOKOM		KOKOM	als		Ihr Haar war dunkelblond , ein wenig heller	als	das des Bruders , die Augen fast schwarz , funkelnd und stolz , zugleich aber zuweilen ungewöhnlich gütig .	nicht der Weichheit und Grazie beraubte .Ihr Haar war dunkelblond , ein wenig heller als das des Bruders , die Augen fast schwarz , funkelnd und stolz , zugleich aber zuweilen ungewöhnlich gütig .Rasumichin war mit seiner plötzlichen , im	9034	8	22509-Dostoevskij__F_dor_Michajlovi_.tsv
KOKOM	KOKOM		APPR	als		ich sah nichts ....	als	jenen schwarzen Abgrund vor mir , in mir , in welchem Alles !	lehnte meine Stirn an den Marmor .ich sah nichts .... als jenen schwarzen Abgrund vor mir , in mir , in welchem Alles !Langsam ging er der Thür zu .	5477	4	57424-Hahn_Hahn__Ida_Gr_fin_von.tsv
KOKOM	KOKOM		KOKOM	als		Begleitete mich dagegen jenes junge Mädchen , so müßte ich ja in Aller Augen weit mehr	als	der Kaufmann Nicolaus Korpanoff meines Podaroshna erscheinen .	Verdacht wegen meiner Person zu zerstreuen .Begleitete mich dagegen jenes junge Mädchen , so müßte ich ja in Aller Augen weit mehr als der Kaufmann Nicolaus Korpanoff meines Podaroshna erscheinen .» Ja , sagte er sich ,	5271	16	107503-Verne__Jules.tsv
KOKOM	KOKOM		KOKOM	als		Den so einen mus man herschlahgen	als	wie dich und fileichd erwiesche ich eine bassende Gelehgenheid und lase Dich herum mit einen Oxenfisel das dier die Lumberei fileichd ferget , so lase ich dich herum du hunzheitener Batsi .	begient es weiter drohben beim Main .Den so einen mus man herschlahgen als wie dich und fileichd erwiesche ich eine bassende Gelehgenheid und lase Dich herum mit einen Oxenfisel das dier die Lumberei fileichd ferget , so lase ich dich herum du hunzheitener Batsi .Eigenlich begient das Ausland ieber der Dohnau	164	6	104520-Thoma__Ludwig.tsv
KOKOM	APPR		KOKOM	als		Nicht	als	ob wir des frommen Glaubens lebten , auch nur eine von Ihnen für uns gewinnen zu können .	machten wir unserem Arzt die Abschiedsvisite .Nicht als ob wir des frommen Glaubens lebten , auch nur eine von Ihnen für uns gewinnen zu können .Aus den vertiertesten Gesichtern brach ein Schein	7934	1	14315-Braun__Lily.tsv
KOKOM	KOKOM		KOKOM	als		Die Frau Basen und die jungen Madels , die sonst wenig ins Freie kommen , unterlassen es nicht , sich in großer Anzahl einzufinden , und wenn sich nun der Zug der Weiber zu bewegen anfängt und der Wind sich in die großen Schleifen setzt , so ist es nicht anders ,	als	wenn ein ganzes Heer von schwarzen Raben oder Adlern jählings wach werde und den rauschenden Flug beginnen wolle .	der sich eben in Bewegung setzte .Die Frau Basen und die jungen Madels , die sonst wenig ins Freie kommen , unterlassen es nicht , sich in großer Anzahl einzufinden , und wenn sich nun der Zug der Weiber zu bewegen anfängt und der Wind sich in die großen Schleifen setzt , so ist es nicht anders , als wenn ein ganzes Heer von schwarzen Raben oder Adlern jählings wach werde und den rauschenden Flug beginnen wolle .Ich weiß , auf welche Weise er	530	52	62373-Hoffmann__E__T__A_.tsv
KOKOM	KOKOM		KOKOM	als		Man erkannte unter ihnen – heute strahlender	als	je – den Oberst Bloomsberry , Tom Hunter mit den Stelzbeinen und ihren Collegen Bilsby mit den ruhelosen Füßen .	gegen die amerikanische Gesellschaft zu bilden .Man erkannte unter ihnen – heute strahlender als je – den Oberst Bloomsberry , Tom Hunter mit den Stelzbeinen und ihren Collegen Bilsby mit den ruhelosen Füßen .Dennoch war der Major Donellan bereits im	1105	7	107521-Verne__Jules.tsv
KOKOM	KOKOM		APPR	als		– – Ich glaube wirklich , ich habe damals gut gespielt ; denn mich erfüllte nichts	als	die Schönheit des Werkes und der begeisterte Drang , die Freude des Verständnisses auch andern mitzuteilen ; meine alte Meisterin hätte mich gelobt , so denke ich noch jetzt ; aber sie besuchte niemals eine öffentliche Aufführung .	alle sollen durch dich selig werden !– – Ich glaube wirklich , ich habe damals gut gespielt ; denn mich erfüllte nichts als die Schönheit des Werkes und der begeisterte Drang , die Freude des Verständnisses auch andern mitzuteilen ; meine alte Meisterin hätte mich gelobt , so denke ich noch jetzt ; aber sie besuchte niemals eine öffentliche Aufführung .Mutig schlug ich ein paar Akkordfolgen an	28	16	99882-Storm__Theodor.tsv
KOKOM	KOKOM		KON	als		Nur eine Art beklommener Scheu kam jetzt doch über den jungen Fürsten , eine gewisse Verlegenheit , ja wenn er ganz aufrichtig sagen wollte , was ihm geschah , so mußte er eingestehen , ein gewisses Mistrauen regte sich in ihm , und ein wenig auf dem Stuhle rückend , gleichsam	als	wollte er abbrechen , sagte er : Was ist ?	über des Mannes ganzer Erscheinung lag .Nur eine Art beklommener Scheu kam jetzt doch über den jungen Fürsten , eine gewisse Verlegenheit , ja wenn er ganz aufrichtig sagen wollte , was ihm geschah , so mußte er eingestehen , ein gewisses Mistrauen regte sich in ihm , und ein wenig auf dem Stuhle rückend , gleichsam als wollte er abbrechen , sagte er : Was ist ?Er hatte also einen werdenden Autor vor	30348	51	56355-Gutzkow__Karl.tsv
KOKOM	KOKOM		KOKOM	als		Beide Eigenschaften , deren innige Wechselwirkung und Vereinigung den Poeten eigentlich ausmacht , finden sich bei diesem Schriftsteller in ungewöhnlich hohem Grad , und nichts fehlt ,	als	daß sie sich auch wirklich miteinander vereinigt äußerten , daß seine Selbsttätigkeit sich mehr in sein Empfinden , daß seine Empfänglichkeit sich mehr in sein Denken mischte .	behaupten , seinem Leser mitteilen muß .Beide Eigenschaften , deren innige Wechselwirkung und Vereinigung den Poeten eigentlich ausmacht , finden sich bei diesem Schriftsteller in ungewöhnlich hohem Grad , und nichts fehlt , als daß sie sich auch wirklich miteinander vereinigt äußerten , daß seine Selbsttätigkeit sich mehr in sein Empfinden , daß seine Empfänglichkeit sich mehr in sein Denken mischte .Sein ernster Charakter läßt ihn zwar nie	434	27	96456-Schiller__Friedrich.tsv
KOKOM	KOKOM		KOKOM	wie		Gleich dem Hiob habe ihn der grausame Gott , der überhaupt der Grund alles Übels in der Welt sei , weil er mit dem Menschen experimentiere	wie	ein Vivisektor mit seinen Versuchstieren – ihm , dem Mister John , seine Familie und seine Reichtümer genommen und , nicht zufrieden mit dem angestifteten Unheil , auch noch seine Freunde gegen ihn aufgehetzt und seine Gesundheit geschädigt .	Er hat mich selbst darauf gebracht .Gleich dem Hiob habe ihn der grausame Gott , der überhaupt der Grund alles Übels in der Welt sei , weil er mit dem Menschen experimentiere wie ein Vivisektor mit seinen Versuchstieren – ihm , dem Mister John , seine Familie und seine Reichtümer genommen und , nicht zufrieden mit dem angestifteten Unheil , auch noch seine Freunde gegen ihn aufgehetzt und seine Gesundheit geschädigt .» Bah , man müßte ihn nur	2381	26	18884-Conrad__Michael_Georg.tsv
KOKOM	KOKOM		KOKOM	wie		Seine jugendfrische Schönheit übermannte sie , die wahre Liebe hielt ihren Einzug , und hätte nicht ihre königliche Majestät dem im Wege gestanden , so würde sie die verlockenden Bäckchen , die	wie	zweifrische Apfel schimmerten , sofort abgeküßt haben .	Anmut eines zuckersüßen kleinen kichernden Backfischs .Seine jugendfrische Schönheit übermannte sie , die wahre Liebe hielt ihren Einzug , und hätte nicht ihre königliche Majestät dem im Wege gestanden , so würde sie die verlockenden Bäckchen , die wie zweifrische Apfel schimmerten , sofort abgeküßt haben .Er war schlank , aufrecht wie eine	12	32	6235-Balzac__Honor__de.tsv
KOKOM	KOKOM		KOKOM	wie		So kam er mit würdigem Anstande herbei , der Herzogin die Hand zu küssen , die indessen ihren Gemahl , den Herzog , hatte rufen lassen , dem sie , während Don Quixote näher kam , seine Abgesandtschaft erzählte ; und da beide den ersten Teil dieser Historie gelesen hatten und daraus die wunderliche Sinnesart des Don Quixote kannten , so erwarteten sie ihn mit dem größten Vergnügen und der heftigsten Neugier , indem sie sich vornahmen , seiner Laune zu folgen und in allem , was er sagen würde , mit ihm übereinzustimmen , ihn , solange er bei ihnen bliebe , ganz	wie	einen irrenden Ritter zu behandeln , mit allen jenen Zeremonien , die in den Ritterbüchern gebräuchlich sind , welche sie gelesen hatten und überdies sehr liebten .	und Höflichkeit bis zum Himmel erhob .So kam er mit würdigem Anstande herbei , der Herzogin die Hand zu küssen , die indessen ihren Gemahl , den Herzog , hatte rufen lassen , dem sie , während Don Quixote näher kam , seine Abgesandtschaft erzählte ; und da beide den ersten Teil dieser Historie gelesen hatten und daraus die wunderliche Sinnesart des Don Quixote kannten , so erwarteten sie ihn mit dem größten Vergnügen und der heftigsten Neugier , indem sie sich vornahmen , seiner Laune zu folgen und in allem , was er sagen würde , mit ihm übereinzustimmen , ihn , solange er bei ihnen bliebe , ganz wie einen irrenden Ritter zu behandeln , mit allen jenen Zeremonien , die in den Ritterbüchern gebräuchlich sind , welche sie gelesen hatten und überdies sehr liebten .« versetzte Don Quixote , » wende	6146	104	17702-Cervantes_Saavedra__Miguel_de.tsv
KOKOM	KOKOM		KOKOM	wie		Im Anfang des vierzehnten Jahrhunderts nach Christi des Herrn Menschwerdung , hauste auf dem Schlößchen in Trochtelfingen , da wo man gen Bopfingen geht , Herr Gerung von Emmershofen , ein stattlicher Ritter , edel von Geschlecht	wie	von Gesinnung .	gar sehr ähnliche Knäblein geboren hatte .Im Anfang des vierzehnten Jahrhunderts nach Christi des Herrn Menschwerdung , hauste auf dem Schlößchen in Trochtelfingen , da wo man gen Bopfingen geht , Herr Gerung von Emmershofen , ein stattlicher Ritter , edel von Geschlecht wie von Gesinnung .Emsig und verständig stand Frau Wiltrude ihrem	50	37	94482-Sch_ppner__Alexander.tsv
KOKOM	KOKOM		KOKOM	wie		Eine Sittsamkeit in ihren Reden , die mir noch bei keinem Mädchen so aufgefallen ist	wie	bei dieser – alles die Frucht einer guten Erziehung .	schon auf den rechten Weg bringen .Eine Sittsamkeit in ihren Reden , die mir noch bei keinem Mädchen so aufgefallen ist wie bei dieser – alles die Frucht einer guten Erziehung .‹ › Dein Vater , Patchen ,	1997	15	22329-Diderot__Denis.tsv
KOKOM	KOKOM		KOKOM	wie		Chilon war blaß	wie	die Wand und zwischen seinen Füßen tröpfelten Blutstropfen auf das Mosaikpflaster des Atriums herab .	Klängen der beiden Lauten zu deklamieren .Chilon war blaß wie die Wand und zwischen seinen Füßen tröpfelten Blutstropfen auf das Mosaikpflaster des Atriums herab .Auch Marcus legte seine Tunika ab und	5122	3	98460-Sienkiewicz__Henryk.tsv
KOKOM	KOKOM		KOKOM	wie		Er benahm sich	wie	einer , der nicht gehört haben will , und sagte : » Willst du für deinen Buben das Erbgut aufrecht halten , so mußt du für ihn zur Holdenwehr im Winter einen Ersatzmann stellen .	Der Heiner macht schon alles .Er benahm sich wie einer , der nicht gehört haben will , und sagte : » Willst du für deinen Buben das Erbgut aufrecht halten , so mußt du für ihn zur Holdenwehr im Winter einen Ersatzmann stellen .Da geh mit dem Jakob vom Käser	4783	3	27055-Ganghofer__Ludwig.tsv
KOKOM	KOKOM		KOKOM	wie		Mußte man auch auf die Hoffnung verzichten , in den Polargebieten ebenso goldreiche Gegenden	wie	etwa Peru aufzufinden , so war das doch noch kein Grund , die Aufsuchung einer Nordwestpassage nach China aufzugeben .	Action nicht ohne Nutzen sein werde .Mußte man auch auf die Hoffnung verzichten , in den Polargebieten ebenso goldreiche Gegenden wie etwa Peru aufzufinden , so war das doch noch kein Grund , die Aufsuchung einer Nordwestpassage nach China aufzugeben .Da Alles , was mit der Geschichte	3619	14	107557-Verne__Jules.tsv
KOKOM	KOKOM		KOKOM	wie		Wo die Fichten sich beugten	wie	Rohr , was sollte man da nicht kreideweiße Gesichter sehen und von den blassen Lippen Stoßgebete murmeln und die Heiligen angerufen hören .	, wie ein Schneetreiben flog es .Wo die Fichten sich beugten wie Rohr , was sollte man da nicht kreideweiße Gesichter sehen und von den blassen Lippen Stoßgebete murmeln und die Heiligen angerufen hören .Die eine Wand des letzten Zeltes war	3103	5	965-Alexis__Willibald.tsv
KOKOM	PWAV		PWAV	wie		Argus hett hundert augen zum sehen , aber hundert hend muß ein Keller und Haußknecht haben ,	wie	Briareus , auff das er unauffhörlich unnd unermüdet zäpff , schöpft , gewinn , hol , trag , ketsch , biet , stell , giß , schenck , füll .	und unser äugen vor übernächtlichen schlaf .Argus hett hundert augen zum sehen , aber hundert hend muß ein Keller und Haußknecht haben , wie Briareus , auff das er unauffhörlich unnd unermüdet zäpff , schöpft , gewinn , hol , trag , ketsch , biet , stell , giß , schenck , füll .Trinck allzeit vor dem durst : so	358	17	25786-Fischart__Johann.tsv
KOKOM	KOKOM		PWAV	wie		Da tanzten , in begehrlichen Windungen unzüchtig vermischt , helle , rosenbehangene Frauen , mit langen weißen Falten , welche kirchlich flatterten ; im Halse ragte ihnen ,	wie	in einen Sumpf gekeilt , ein jähes Beil und gelbes Blut träufelte nieder .	blaue Vampyre erschlafften , die Hoffnungen .Da tanzten , in begehrlichen Windungen unzüchtig vermischt , helle , rosenbehangene Frauen , mit langen weißen Falten , welche kirchlich flatterten ; im Halse ragte ihnen , wie in einen Sumpf gekeilt , ein jähes Beil und gelbes Blut träufelte nieder .» Wenn die zehn Jahre um sind	602	28	6140-Bahr__Hermann.tsv
KOKOM	PWAV		PWAV	wie		« Diese Unterredung endete ,	wie	jede frühere .	meine Louise !« Diese Unterredung endete , wie jede frühere .« » Mein holdes Kind !	5356	5	83757-Paalzow__Henriette_von.tsv
KOKOM	KOKOM		KOKOM	wie		Das Gesetz , was nicht	wie	die Sonne alle erleuchtet , ruht nicht auf dem Gleichgewicht aller ; ist nicht Naturgesetz .	Naturrecht !Das Gesetz , was nicht wie die Sonne alle erleuchtet , ruht nicht auf dem Gleichgewicht aller ; ist nicht Naturgesetz .Auch der einzelne hat Rechte Nationen gegenüber	1164	5	4090-Arnim__Bettina_von.tsv
KOKOM	PWAV		PWAV	wie		Zu einem Landarzte ,	wie	er sein soll und muß , sind Eigenschaften erforderlich , welche die Stadtärzte nicht immer besitzen .	er mich , den Kopf zurückwerfend .Zu einem Landarzte , wie er sein soll und muß , sind Eigenschaften erforderlich , welche die Stadtärzte nicht immer besitzen .« » Stellung !	485	4	90191-Saar__Ferdinand_von.tsv
KOKOM	KOKOM		KOKOM	wie		Nur Pitt Holbers schien im voraus von der Art und Weise des Ausganges überzeugt zu sein , schob die hageren Finger gemütlich zwischen Leib und Gürtel und streckte die unendlichen Beine so weit	wie	möglich von sich , als seien sie ihm bei der Beobachtung seines schweigsamen Freundes im Wege .	er die Aufforderung wirklich vernommen habe .Nur Pitt Holbers schien im voraus von der Art und Weise des Ausganges überzeugt zu sein , schob die hageren Finger gemütlich zwischen Leib und Gürtel und streckte die unendlichen Beine so weit wie möglich von sich , als seien sie ihm bei der Beobachtung seines schweigsamen Freundes im Wege .Willst du die Höhle des Königsschatzes sehen	10666	33	79314-May__Karl.tsv