DTA-Tag	TT-Tag	MM-TAg	Perceptron-Tag	Lemma	newtag	Prefix	Wort	Suffix	Sentence_neighborhood	sentence_index	index	filename
KOUI	KOUI		KOUI	ohne		Die Damen , von Arm zu Arm hinüber befördert , betraten das Land ,	ohne	auch nur eine Falte ihrer Kleider benetzt zu haben , und bald darauf hatten Alle sammt Waffen und Lebensmitteln auf dem gefürchteten Ufer von Neu-Seeland festen Fuß gefaßt .	Mitschuldigen des Ben Joyce bewacht werden .Die Damen , von Arm zu Arm hinüber befördert , betraten das Land , ohne auch nur eine Falte ihrer Kleider benetzt zu haben , und bald darauf hatten Alle sammt Waffen und Lebensmitteln auf dem gefürchteten Ufer von Neu-Seeland festen Fuß gefaßt .– Aber das ist ein gefährlicher Versuch	7745	14	107493-Verne__Jules.tsv
KOUI	KOUI		KOUI	ohne		Ich bin immer rein , wasche mich so oft ich pipi gemacht habe ausgezeichnet sowohl durch Wollust , als durch Zartgefühl , denn dieser Ort , den Sie so reizend finden , ist immer so heiß , daß ich ihn nie ins Wasser stecken kann ,	ohne	eine Wollust zu empfinden , die an die Befriedigung heranreicht .	einmal , so ist es vernünftig .Ich bin immer rein , wasche mich so oft ich pipi gemacht habe ausgezeichnet sowohl durch Wollust , als durch Zartgefühl , denn dieser Ort , den Sie so reizend finden , ist immer so heiß , daß ich ihn nie ins Wasser stecken kann , ohne eine Wollust zu empfinden , die an die Befriedigung heranreicht .Schonen Sie sich , teurer Vater ,	2616	46	88417-Restif_de_la_Bretonne__Nicolas__dm_.tsv
KOUI	APPR		KOUI	ohne		Er blickte auf , da stand ein Mann im Gesträuche , welchen unser Bürger freundlichst grüßte ,	ohne	jedoch einer Antwort gewürdigt zu werden : darüber verwundert , betrachtete er den Fremden näher und fand , daß sich eigentlich kein Gesicht , sondern nur eine Art Nebel an der Stelle desselben befand .	» Jesus , Maria und Joseph !Word Die vor .Word Die vor .	2	17	94030-Sch_ppner__Alexander.tsv
KOUI	APPR		KOUI	statt		Und doch sind selbst diese Denkmäler der Vorzeit für nichts in Vergleichung einer fast unglaublichen Urkunde zu achten , die in einer , wenn ich nicht irre , aus den Menechmen des Plautus genommenen Zeile das größte Geheimniß der vergangenen Zeit enthüllt , mit der Unterschrift ,	statt	des Namens , Vultus tyranni .	sagen wissen als solch eine Fensterscheibe .Und doch sind selbst diese Denkmäler der Vorzeit für nichts in Vergleichung einer fast unglaublichen Urkunde zu achten , die in einer , wenn ich nicht irre , aus den Menechmen des Plautus genommenen Zeile das größte Geheimniß der vergangenen Zeit enthüllt , mit der Unterschrift , statt des Namens , Vultus tyranni .Welches Licht wird nicht mein glänzendes Museum	8608	47	104263-Th_mmel__Moritz_August_von.tsv
KOUI	KOUI		APPR	um			Um	Zeit zu gewinnen , daß er zu mir Vertrauen fasse , bat ich ihn , auf diesem Tische da am Fenster einen Brief schreiben zu dürfen .	selbst umbringe , wie seine Pferde .Um Zeit zu gewinnen , daß er zu mir Vertrauen fasse , bat ich ihn , auf diesem Tische da am Fenster einen Brief schreiben zu dürfen .Ja , im Gegentheil äußerte er :	9497	0	56355-Gutzkow__Karl.tsv
KOUI	KOUI		KOUI	um			Um	mir Luft zu verschaffen , entwarf ich mehrere Schauspiele und schrieb die Expositionen von den meisten .	mitten in den friedlichen Zustand hereinbricht .Um mir Luft zu verschaffen , entwarf ich mehrere Schauspiele und schrieb die Expositionen von den meisten .Religion , Sitte , Gesetz , Stand	7608	0	32619-Goethe__Johann_Wolfgang.tsv
KOUI	APPR		APPR	um		–	Um	mich vom Schreck zu erholen , muß ich dich küssen .	so braun , klar und durchsichtig !– Um mich vom Schreck zu erholen , muß ich dich küssen .Und dazu die Kinderaugen !	1259	1	104911-Tieck__Ludwig.tsv
KOUI	KOUI		KOUI	um		« flüsterte ihr Jochai zu : » Ich gehe mit ,	um	vom Fenster herab zu ersehen , wer der Klopfende ist .	nach dem Schlüssel an der Wand .« flüsterte ihr Jochai zu : » Ich gehe mit , um vom Fenster herab zu ersehen , wer der Klopfende ist .Großvater und Enkelin fuhren etwas zusammen .	168	11	99030-Spindler__Carl.tsv
KOUI	APPR		KOUI	um		Es wurde sogar das Gerücht verbreitet , die Soldaten rissen die Häuser nieder , nicht	um	dem Feuer Einhalt zu tun , sondern um nichts von der Stadt übrig zu lassen .	römischen Vergangenheit und des römischen Ruhmes .Es wurde sogar das Gerücht verbreitet , die Soldaten rissen die Häuser nieder , nicht um dem Feuer Einhalt zu tun , sondern um nichts von der Stadt übrig zu lassen .« Inzwischen fuhren die Soldaten , unterstützt	4656	15	98460-Sienkiewicz__Henryk.tsv
KOUI	KOUI		KOUI	um		Natur hatte das Ihre gethan ,	um	ihm diese Mühe zu ersparen , das wußte mein Vater , und so hätte er sie sich auch ersparen können .	erbärmliches und böswilliges on dit ist .Natur hatte das Ihre gethan , um ihm diese Mühe zu ersparen , das wußte mein Vater , und so hätte er sie sich auch ersparen können .Es ist daher besser , ich werfe	5364	6	99260-Sterne__Laurence.tsv
KOUI	KOUI		KOUI	um		oft flucht ich der Stunde , wo ich sie fand , und raste im Geiste gegen das himmlische Geschöpf , daß es mich nur darum ins Leben geweckt hätte ,	um	mich wieder niederzudrücken mit seiner Hoheit .	, daß es mein nicht bedurfte .oft flucht ich der Stunde , wo ich sie fand , und raste im Geiste gegen das himmlische Geschöpf , daß es mich nur darum ins Leben geweckt hätte , um mich wieder niederzudrücken mit seiner Hoheit .Es konnte nicht anders kommen , ich	203	30	57708-H_lderlin__Friedrich.tsv
KOUI	KOUI		KOUI	um		« » Wenn jemand von Schloß Hubertus kommt ,	um	meine Geräte zu holen , « sagte er , » ich habe droben alles bereitgestellt .	winkte er den Diener zu sich .« » Wenn jemand von Schloß Hubertus kommt , um meine Geräte zu holen , « sagte er , » ich habe droben alles bereitgestellt .An der Kruckenstube wurde die Tür aufgerissen	10999	9	27054-Ganghofer__Ludwig.tsv
KOUI	KOUI		KOUI	um		Warum hatten sie die sechshunderteinundsechzigtausend Einwohner des Staates , der die Hälfte des gewöhnlich Neuengland genannten Gebietes einnimmt ,	um	zwei Einheiten vermehrt ?	Wie steht es mit Lissy Wag ?Warum hatten sie die sechshunderteinundsechzigtausend Einwohner des Staates , der die Hälfte des gewöhnlich Neuengland genannten Gebietes einnimmt , um zwei Einheiten vermehrt ?« entgegnete Jovita , als sie auf	5865	19	107536-Verne__Jules.tsv
KOUI	KOUI		KOUI	um		« – » Hoho , « erwiderte Meister Abraham , » hoho , am Ende ist unser Prinzeßlein eine Art von Gymnotus electricus oder Raja torpedo oder Trichiurus indicus , wie in gewisser Art meine süße Chiara es war , oder auch wohl nur eine muntere Hausmaus , wie jene , die dem wackern Signor Cotugno eine tüchtige Ohrfeige versetzte , als er sie beim Rücken erfaßte ,	um	sie zu sezieren , was Ihr freilich mit der Prinzessin nicht im Sinn haben konntet !	Schlag fährt mir durch alle Glieder .« – » Hoho , « erwiderte Meister Abraham , » hoho , am Ende ist unser Prinzeßlein eine Art von Gymnotus electricus oder Raja torpedo oder Trichiurus indicus , wie in gewisser Art meine süße Chiara es war , oder auch wohl nur eine muntere Hausmaus , wie jene , die dem wackern Signor Cotugno eine tüchtige Ohrfeige versetzte , als er sie beim Rücken erfaßte , um sie zu sezieren , was Ihr freilich mit der Prinzessin nicht im Sinn haben konntet !Doch ich springe hin , öffne den	879	68	62300-Hoffmann__E__T__A_.tsv
KOUI	KOUI		KOUI	um		Auf dem Divan gegenüber , Furien , der Hölle entstiegen , saßen in ihre Yaschmaks verhüllt , zwei reichgekleidete türkische Frauen , in den Augen grausamen teuflischen Triumph ; in kurzer Entfernung von ihnen mit finsterm bleichem Gesicht , wie einer furchtbaren Nothwendigkeit gehorchend , der türkische Würdenträger , die Feder , in der Hand , das Papier vor sich auf dem Schoos ,	um	die Geständnisse der Unglücklichen aufzuzeichnen .	dunkle Asche der verglühten Kohle lag .Auf dem Divan gegenüber , Furien , der Hölle entstiegen , saßen in ihre Yaschmaks verhüllt , zwei reichgekleidete türkische Frauen , in den Augen grausamen teuflischen Triumph ; in kurzer Entfernung von ihnen mit finsterm bleichem Gesicht , wie einer furchtbaren Nothwendigkeit gehorchend , der türkische Würdenträger , die Feder , in der Hand , das Papier vor sich auf dem Schoos , um die Geständnisse der Unglücklichen aufzuzeichnen .« Ein Blick genügte dem Arzt ,	6590	64	31528-Goedsche__Herrmann.tsv
KOUI	KOUI		APPR	um		Ueber dem Peitschenstrich , welcher das ganze Gesicht durchquerte , waren zwei in blöder Wut stierende Augen zu sehen , welche sich auf den Hadschi richteten ; die beiden Arme wurden erhoben ; die Hände ballten sich zu Fäusten , und dann that der vor Grimm nicht mehr zurechnungsfähige Mann einen Sprung ,	um	Halef zu packen ; dieser aber wich gewandt zur Seite aus , versetzte ihm einen zweiten Hieb , welcher quer über die Oberlippe strich und schlug ihm dann den schweren Knopf der Peitsche so in den Nacken , daß er niederstürzte .	sechsmal bis herunter zur Erde reichte .Ueber dem Peitschenstrich , welcher das ganze Gesicht durchquerte , waren zwei in blöder Wut stierende Augen zu sehen , welche sich auf den Hadschi richteten ; die beiden Arme wurden erhoben ; die Hände ballten sich zu Fäusten , und dann that der vor Grimm nicht mehr zurechnungsfähige Mann einen Sprung , um Halef zu packen ; dieser aber wich gewandt zur Seite aus , versetzte ihm einen zweiten Hieb , welcher quer über die Oberlippe strich und schlug ihm dann den schweren Knopf der Peitsche so in den Nacken , daß er niederstürzte .Dieser größte und berühmteste Krieger unter allen	4067	53	79316-May__Karl.tsv
KOUI	APPR		APPR	um		Was nicht einzelnes Atom ist das	um	sich selber dreht , sondern lebendige Kraft die in sich gebunden und geschlossen nach außen strahlt , das bildet und schließt das durchdringbare nähere oder fernere Wesen sich ein , verselbt es und verinnert es , und da diese Kraft überall einfach und ganz ist , so wird , wie weit sie auch reicht , einfach und ganz was ihr sich eint : nur der Umfang kann wachsen , nicht die Rundheit und die Bindung .	keine Mache , sondern ein Gesetz .Was nicht einzelnes Atom ist das um sich selber dreht , sondern lebendige Kraft die in sich gebunden und geschlossen nach außen strahlt , das bildet und schließt das durchdringbare nähere oder fernere Wesen sich ein , verselbt es und verinnert es , und da diese Kraft überall einfach und ganz ist , so wird , wie weit sie auch reicht , einfach und ganz was ihr sich eint : nur der Umfang kann wachsen , nicht die Rundheit und die Bindung .Die Gotteskunde ist aufgehendes und übergehendes Menschtum	276	6	56347-Gundolf__Friedrich.tsv
KOUI	KOUI		KOUI	um		Er kämpfte ,	um	seiner Partei zum Siege zu verhelfen , und nicht um einen Orden zu ergattern , wie zur Zeit Ihres Kaisers .	mit geistsprühenden und enthusiastisch leuchtenden Augen .Er kämpfte , um seiner Partei zum Siege zu verhelfen , und nicht um einen Orden zu ergattern , wie zur Zeit Ihres Kaisers .Abends im Salon , wenn oft an	4341	3	99250-Stendhal.tsv
KOUI	KOUI		KOUI	um		Einst in einer Mondnacht kam eine Frau , die glaubte , es sei morgens fünf Uhr , in das Kloster ,	um	zu beichten .	und zum Beichten noch nicht Zeit !Word Als zu Offenburg das Kloster der schwarzen Franziskaner noch bestand , ging darin ein gespenstiger Pater um , welcher den Kopf unter dem Arm trug .Word Als zu Offenburg das Kloster der	1	21	5591-Baader__Bernhard.tsv
KOUI	APPR		KOUI	um		Als die Glocke Elf schlug , wollte er es wieder anziehen	um	nach Hause zu gehn , da sah er zu seinem Schrecken , daß eine Schlange darauf lag .	aller Frühe ins Feld zur Arbeit .Als die Glocke Elf schlug , wollte er es wieder anziehen um nach Hause zu gehn , da sah er zu seinem Schrecken , daß eine Schlange darauf lag .‹ Da war sie ganz außer sich	22	11	110586-Wolf__Johann_Wilhelm.tsv
KOUI	KOUI		KOUI	um		Und hier standen so viele Zimmer leer und waren nur dazu da ,	um	hohl zu klingen , wenn man an die Tür schlug .	versperrt und die Räume offenbar unbewohnt .Und hier standen so viele Zimmer leer und waren nur dazu da , um hohl zu klingen , wenn man an die Tür schlug .Karl war schon an großen Strecken der	2489	13	64917-Kafka__Franz.tsv
KOUI	KOUI		KOUI	um		« Wir halfen ihm , die Zeltstangen anders zu legen , und ließen ihn dann mit den Maultieren voran ,	um	unser Führer zu sein .	» Ah !« Wir halfen ihm , die Zeltstangen anders zu legen , und ließen ihn dann mit den Maultieren voran , um unser Führer zu sein .« Ich zog meinen Rock aus und	1037	20	79326-May__Karl.tsv
KOUI	KOUI		KOUI	um		Wir können ihnen das uns Gestohlene nur dann wieder abnehmen , wenn wir ihnen sofort nachjagen ,	um	sie einzuholen , bevor es ihnen gelungen ist , ihren eigenen , großen Stamm zu erreichen .	, als sie unser Lager überfielen .Wir können ihnen das uns Gestohlene nur dann wieder abnehmen , wenn wir ihnen sofort nachjagen , um sie einzuholen , bevor es ihnen gelungen ist , ihren eigenen , großen Stamm zu erreichen .Dann antwortete ich : » Das ist	5361	17	79322-May__Karl.tsv
KOUI	KOUI		KOUI	um		Ins Dorf hinein ist er jedenfalls nicht ; darum bin ich heraus ,	um	seine Spur zu finden .	ihrer liegt hier dieser Gottfried dort .Ins Dorf hinein ist er jedenfalls nicht ; darum bin ich heraus , um seine Spur zu finden .Aus Unvorsichtigkeit ziehe ich auch meinen Rock	704	13	79358-May__Karl.tsv
KOUI	APPR		APPR	um		« sagte Ilja Iljitsch zu Sachar , der wieder hereinkam , » du kümmerst dich	um	gar nichts !	, vier Jahre nach ihrer Verheiratung .« sagte Ilja Iljitsch zu Sachar , der wieder hereinkam , » du kümmerst dich um gar nichts !« Wie glücklich bin ich !	1544	15	48338-Gon_arov__Ivan_Aleksandrovi_.tsv