DTA-Tag	TT-Tag	MM-TAg	Perceptron-Tag	Lemma	newtag	Prefix	Wort	Suffix	Sentence_neighborhood	sentence_index	index	filename
PWS	PWS		PWS	was		Ich beginne zur Ansicht der Männer zu neigen :	Was	für ein erbärmliches Ding ist doch Frauentugend !	Stimme des Fleisches die des Geistes ?Ich beginne zur Ansicht der Männer zu neigen : Was für ein erbärmliches Ding ist doch Frauentugend !Vermag so ein plötzliches Aufwallen des Blutes	1786	9	27165-Gautier__Th_ophile.tsv
PWS	PWS		PWS	was			Was	sollten sie ?	verschwinden – was kümmert es sie ?Was sollten sie ?Millionen Sphären rollen über den Häuptern der	9147	0	104263-Th_mmel__Moritz_August_von.tsv
PWS	PWS		PWS	was			Was	geschieht aber ?	Verletzung zum Beweisthum seiner Unschuld getragen .Was geschieht aber ?Zu Wittenberg in Sachsen ist einmal eine	4008	0	4-Abraham_a_Sancta_Clara.tsv
PWS	PWS		PWS	was		Nur eine Art beklommener Scheu kam jetzt doch über den jungen Fürsten , eine gewisse Verlegenheit , ja wenn er ganz aufrichtig sagen wollte , was ihm geschah , so mußte er eingestehen , ein gewisses Mistrauen regte sich in ihm , und ein wenig auf dem Stuhle rückend , gleichsam als wollte er abbrechen , sagte er :	Was	ist ?	über des Mannes ganzer Erscheinung lag .Nur eine Art beklommener Scheu kam jetzt doch über den jungen Fürsten , eine gewisse Verlegenheit , ja wenn er ganz aufrichtig sagen wollte , was ihm geschah , so mußte er eingestehen , ein gewisses Mistrauen regte sich in ihm , und ein wenig auf dem Stuhle rückend , gleichsam als wollte er abbrechen , sagte er : Was ist ?Er hatte also einen werdenden Autor vor	30348	59	56355-Gutzkow__Karl.tsv
PWS	PWS		PWS	was			Was	trägst du in diesem Korbe ?	» Rede !Was trägst du in diesem Korbe ?Die Zofe , zum Tode erschrocken ,	19	0	94173-Sch_ppner__Alexander.tsv
PWS	PWS		PWS	was		Darum hab' ich mir gedacht , ob du uns nicht die Liebe erweisen und mit Dorsday reden könntest ‹ –	Was	?	schon früher einmal dem Papa beigesprungen .Darum hab' ich mir gedacht , ob du uns nicht die Liebe erweisen und mit Dorsday reden könntest ‹ – Was ?‹ – › Im Residenzklub hat Papa	364	20	97230-Schnitzler__Arthur.tsv
PWS	PWS		PIS	was		Quid est – Es verdroß mich , daß ich in einem fremden Lande , wo ich mein Geld und , im Fall der Noth , mein ἀνέχου καὶ ἀπέχου auszugeben Willens war , und wo es keinen	was	anging , ob ich als Edelmann oder als Bürger äß' und tränke , durchaus Adel oder Unadel documentiren sollte – und wie ?	Auch bei Erholungen will man Zweck .Quid est – Es verdroß mich , daß ich in einem fremden Lande , wo ich mein Geld und , im Fall der Noth , mein ἀνέχου καὶ ἀπέχου auszugeben Willens war , und wo es keinen was anging , ob ich als Edelmann oder als Bürger äß' und tränke , durchaus Adel oder Unadel documentiren sollte – und wie ?Sonst aber glaub' ich , je weiter	5513	37	62295-Hippel__Theodor_Gottlieb_von.tsv
PWS	PRELS		PWS	was		Es war doch alles mögliche ,	was	diese Lena erreicht hatte , und eine gute Portion Fleiss und Tüchtigkeit gehörte bei allem Glück dazu , es so weit zu bringen .	wenigen Monaten in Berlin schon gelernt .Es war doch alles mögliche , was diese Lena erreicht hatte , und eine gute Portion Fleiss und Tüchtigkeit gehörte bei allem Glück dazu , es so weit zu bringen .« wandte Lotte schüchtern ein .	1754	6	23055-Duncker__Dora.tsv
PWS	PRELS		PWS	was		So kam er mit würdigem Anstande herbei , der Herzogin die Hand zu küssen , die indessen ihren Gemahl , den Herzog , hatte rufen lassen , dem sie , während Don Quixote näher kam , seine Abgesandtschaft erzählte ; und da beide den ersten Teil dieser Historie gelesen hatten und daraus die wunderliche Sinnesart des Don Quixote kannten , so erwarteten sie ihn mit dem größten Vergnügen und der heftigsten Neugier , indem sie sich vornahmen , seiner Laune zu folgen und in allem ,	was	er sagen würde , mit ihm übereinzustimmen , ihn , solange er bei ihnen bliebe , ganz wie einen irrenden Ritter zu behandeln , mit allen jenen Zeremonien , die in den Ritterbüchern gebräuchlich sind , welche sie gelesen hatten und überdies sehr liebten .	und Höflichkeit bis zum Himmel erhob .So kam er mit würdigem Anstande herbei , der Herzogin die Hand zu küssen , die indessen ihren Gemahl , den Herzog , hatte rufen lassen , dem sie , während Don Quixote näher kam , seine Abgesandtschaft erzählte ; und da beide den ersten Teil dieser Historie gelesen hatten und daraus die wunderliche Sinnesart des Don Quixote kannten , so erwarteten sie ihn mit dem größten Vergnügen und der heftigsten Neugier , indem sie sich vornahmen , seiner Laune zu folgen und in allem , was er sagen würde , mit ihm übereinzustimmen , ihn , solange er bei ihnen bliebe , ganz wie einen irrenden Ritter zu behandeln , mit allen jenen Zeremonien , die in den Ritterbüchern gebräuchlich sind , welche sie gelesen hatten und überdies sehr liebten .« versetzte Don Quixote , » wende	6146	86	17702-Cervantes_Saavedra__Miguel_de.tsv
PWS	PWS		PWS	was		Abermals erfaßte ihn die Verzweiflung , und als er die Via Portuensis , die geradeswegs zu dem Viertel jenseit des Tiber führte , erreicht hatte , kam er erst beim Tore wieder zur Besinnung , wo ihm wiederholt wurde ,	was	er schon vorher von den Flüchtlingen gehört hatte , daß der größte Teil dieser Stadtgegend noch nicht in Flammen stehe , daß sich das Feuer aber schon an mehreren Stellen über den Fluß verbreitet habe .	galt es , Lygia zu retten .Abermals erfaßte ihn die Verzweiflung , und als er die Via Portuensis , die geradeswegs zu dem Viertel jenseit des Tiber führte , erreicht hatte , kam er erst beim Tore wieder zur Besinnung , wo ihm wiederholt wurde , was er schon vorher von den Flüchtlingen gehört hatte , daß der größte Teil dieser Stadtgegend noch nicht in Flammen stehe , daß sich das Feuer aber schon an mehreren Stellen über den Fluß verbreitet habe .Aber diese Gedanken , die aus seinem	10483	40	98460-Sienkiewicz__Henryk.tsv
PWS	PWS		PIS	was		» Und	was	sollte das sein , was hier noch zu retten wäre ?	keine Träne in sein Auge kam .» Und was sollte das sein , was hier noch zu retten wäre ?Er atmete tief , und sein Kopf	1574	2	79543-Meisel_Hess__Grete.tsv
PWS	PWS		PWS	was		Wird dieser Wechsel zurückgewiesen ,	was	bleibt uns davon !	Was ist das Leben ?Wird dieser Wechsel zurückgewiesen , was bleibt uns davon !Sie werden mich verstehen .	20448	5	966-Alexis__Willibald.tsv
PWS	PWS		PWS	was		Wo die Fichten sich beugten wie Rohr ,	was	sollte man da nicht kreideweiße Gesichter sehen und von den blassen Lippen Stoßgebete murmeln und die Heiligen angerufen hören .	, wie ein Schneetreiben flog es .Wo die Fichten sich beugten wie Rohr , was sollte man da nicht kreideweiße Gesichter sehen und von den blassen Lippen Stoßgebete murmeln und die Heiligen angerufen hören .Die eine Wand des letzten Zeltes war	3103	8	965-Alexis__Willibald.tsv
PWS	PWS		PWS	was			was	da geschehen : Geehrte Fürstin !	Aprite das geld solte gezahlet werden .was da geschehen : Geehrte Fürstin !Als er aber hierbei ihren stand erwoge	2795	0	3459-Anton_Ulrich_Herzog_von_Braunschweig.tsv
PWS	PWS		PIS	was		Vor allen Dingen –	was	empfinde ich ?	Und wie heißen die anderen Lehrerinnen ?Vor allen Dingen – was empfinde ich ?« Noch habe ich der Besuche Mr.	3543	4	15086-Bront___Charlotte.tsv
PWS	PRELS		PWS	was		« – » Hoho , « erwiderte Meister Abraham , » hoho , am Ende ist unser Prinzeßlein eine Art von Gymnotus electricus oder Raja torpedo oder Trichiurus indicus , wie in gewisser Art meine süße Chiara es war , oder auch wohl nur eine muntere Hausmaus , wie jene , die dem wackern Signor Cotugno eine tüchtige Ohrfeige versetzte , als er sie beim Rücken erfaßte , um sie zu sezieren ,	was	Ihr freilich mit der Prinzessin nicht im Sinn haben konntet !	Schlag fährt mir durch alle Glieder .« – » Hoho , « erwiderte Meister Abraham , » hoho , am Ende ist unser Prinzeßlein eine Art von Gymnotus electricus oder Raja torpedo oder Trichiurus indicus , wie in gewisser Art meine süße Chiara es war , oder auch wohl nur eine muntere Hausmaus , wie jene , die dem wackern Signor Cotugno eine tüchtige Ohrfeige versetzte , als er sie beim Rücken erfaßte , um sie zu sezieren , was Ihr freilich mit der Prinzessin nicht im Sinn haben konntet !Doch ich springe hin , öffne den	879	73	62300-Hoffmann__E__T__A_.tsv
PWS	PWS		PWS	was		Aber	was	noch mehr ist , er hat Mittel gefunden , die Syrakusaner für seinen Plan einzunehmen und in eine so fanatische Begeisterung zu setzen , daß jedermann sich in die Wette beeifert , seine Absichten zu befördern , seine Befehle zu vollziehen und seinen Beifall zu verdienen .	einem Tauben die Ohren gellen möchten .Aber was noch mehr ist , er hat Mittel gefunden , die Syrakusaner für seinen Plan einzunehmen und in eine so fanatische Begeisterung zu setzen , daß jedermann sich in die Wette beeifert , seine Absichten zu befördern , seine Befehle zu vollziehen und seinen Beifall zu verdienen .153 Wie diese prophetische Vermuthung Aristipps vornehmlich	7563	1	110273-Wieland__Christoph_Martin.tsv
PWS	PWS		PWS	was		Wir werden ihn schon noch zwingen , uns zu zeigen ,	was	er mit seiner Sonntagsbüchse zu leisten vermag !	» Seht ihn an !Wir werden ihn schon noch zwingen , uns zu zeigen , was er mit seiner Sonntagsbüchse zu leisten vermag !« lachte er höhnisch , und die	384	11	79397-May__Karl.tsv
PWS	PWS		PWS	was		Nur eine Art beklommener Scheu kam jetzt doch über den jungen Fürsten , eine gewisse Verlegenheit , ja wenn er ganz aufrichtig sagen wollte ,	was	ihm geschah , so mußte er eingestehen , ein gewisses Mistrauen regte sich in ihm , und ein wenig auf dem Stuhle rückend , gleichsam als wollte er abbrechen , sagte er : Was ist ?	über des Mannes ganzer Erscheinung lag .Nur eine Art beklommener Scheu kam jetzt doch über den jungen Fürsten , eine gewisse Verlegenheit , ja wenn er ganz aufrichtig sagen wollte , was ihm geschah , so mußte er eingestehen , ein gewisses Mistrauen regte sich in ihm , und ein wenig auf dem Stuhle rückend , gleichsam als wollte er abbrechen , sagte er : Was ist ?Er hatte also einen werdenden Autor vor	30348	25	56355-Gutzkow__Karl.tsv
PWS	ADJA		PWS	welches		Dann aus eurer Gestalt uñ Sitten erkenne ich vor gewiß / daß ihr in diesen Morgenlåndern nicht gezeuget seyd ; werdet euch demnach unbeschweret finden / mich eures Zustandes zuberichten /	welches	euch zum ärgesten nicht gedeyen sol .	/ über welchen sie zihen musten .Dann aus eurer Gestalt uñ Sitten erkenne ich vor gewiß / daß ihr in diesen Morgenlåndern nicht gezeuget seyd ; werdet euch demnach unbeschweret finden / mich eures Zustandes zuberichten / welches euch zum ärgesten nicht gedeyen sol .Es hatte aber der älteste von den	3047	31	15210-Buchholtz__Andreas_Heinrich.tsv
PWS	PWS		PWS	wer			Wer	weis denn , ob sie je mir wieder leuchten werden , denn meine Reise ist weit , und mancherlei Gefahren werden Unheil drohend mir entgegen treten .	, die so lange mir leuchteten .Wer weis denn , ob sie je mir wieder leuchten werden , denn meine Reise ist weit , und mancherlei Gefahren werden Unheil drohend mir entgegen treten .So viele wünschen sich einen schnellen Tod	4069	0	97246-Schopenhauer__Johanna.tsv
PWS	PWS		PWS	wer			Wer	in Kanzleien hat kollationieren hören , kann sich eine Vorstellung von dieser Vorlesung machen , schnell , eintönig , aber doch artikuliert und deutlich genug .	zu Wasser auf der Brenta fort .Wer in Kanzleien hat kollationieren hören , kann sich eine Vorstellung von dieser Vorlesung machen , schnell , eintönig , aber doch artikuliert und deutlich genug .ich wüßte nichts , als daß ich	2071	0	32620-Goethe__Johann_Wolfgang.tsv
PWS	PWS		PWS	wer		Beschäftigen wir uns also nicht mit dem , was das Geschick uns möglicher Weise vorbehalten hat , sondern halten wir uns an das gute englische Sprichwort :	Wer	zum Hängen geboren ist , wird nie den Tod des Ertrinkens sterben .	zu leichte Zielscheibe für eine Kugel .Beschäftigen wir uns also nicht mit dem , was das Geschick uns möglicher Weise vorbehalten hat , sondern halten wir uns an das gute englische Sprichwort : Wer zum Hängen geboren ist , wird nie den Tod des Ertrinkens sterben .Sie können versichert sein , daß ich	3474	27	107489-Verne__Jules.tsv
PWS	PWS		PWS	wer		« flüsterte ihr Jochai zu : » Ich gehe mit , um vom Fenster herab zu ersehen ,	wer	der Klopfende ist .	nach dem Schlüssel an der Wand .« flüsterte ihr Jochai zu : » Ich gehe mit , um vom Fenster herab zu ersehen , wer der Klopfende ist .Großvater und Enkelin fuhren etwas zusammen .	168	18	99030-Spindler__Carl.tsv
PWS	PWS		PWS	wer		Rette sich ,	wer	kann !	in die Kirche hinein : Mörder !Rette sich , wer kann !Alle spähten im ersten Moment ratlos nach	1401	3	62191-Heyse__Paul.tsv