DTA-Tag	TT-Tag	MM-TAg	Perceptron-Tag	Lemma	newtag	Prefix	Wort	Suffix	Sentence_neighborhood	sentence_index	index	filename
PRELS	PRELS		PRELS	die		Sie nahm es und wie silberner Glockenton tönte mir ihr : » Grazie , Signore « ,	das	ein süßes Lächeln begleitete .	auf den Knieen als nötig war .Sie nahm es und wie silberner Glockenton tönte mir ihr : » Grazie , Signore « , das ein süßes Lächeln begleitete .› Steigt hinauf , ‹ flüsterte meine	225	17	79878-Meysenbug__Malwida_Freiin_von.tsv
PRELS	ART		PRELS	die		Er schaute sie an , heimlich , mit dem inneren Auge ,	das	streng war , und er sah die Veränderung , von der sie gesprochen ; er empfing das Bild , das sie gefordert .	, bis die berufene Helferin eintraf .Er schaute sie an , heimlich , mit dem inneren Auge , das streng war , und er sah die Veränderung , von der sie gesprochen ; er empfing das Bild , das sie gefordert .Die Schirmacher hatte in der Eile die	16135	12	108455-Wassermann__Jakob.tsv
PRELS	VVFIN		VVFIN	die		Då drap et sik ,	dat	dem huinen de lampe iutgonk .	'e : » Ik saihe lecht .Då drap et sik , dat dem huinen de lampe iutgonk .Då sach de hane : » Ik	8	5	71463-Kuhn__Adalbert.tsv
PRELS	PRELS		PRELS	die		So kam er mit würdigem Anstande herbei , der Herzogin die Hand zu küssen , die indessen ihren Gemahl , den Herzog , hatte rufen lassen ,	dem	sie , während Don Quixote näher kam , seine Abgesandtschaft erzählte ; und da beide den ersten Teil dieser Historie gelesen hatten und daraus die wunderliche Sinnesart des Don Quixote kannten , so erwarteten sie ihn mit dem größten Vergnügen und der heftigsten Neugier , indem sie sich vornahmen , seiner Laune zu folgen und in allem , was er sagen würde , mit ihm übereinzustimmen , ihn , solange er bei ihnen bliebe , ganz wie einen irrenden Ritter zu behandeln , mit allen jenen Zeremonien , die in den Ritterbüchern gebräuchlich sind , welche sie gelesen hatten und überdies sehr liebten .	und Höflichkeit bis zum Himmel erhob .So kam er mit würdigem Anstande herbei , der Herzogin die Hand zu küssen , die indessen ihren Gemahl , den Herzog , hatte rufen lassen , dem sie , während Don Quixote näher kam , seine Abgesandtschaft erzählte ; und da beide den ersten Teil dieser Historie gelesen hatten und daraus die wunderliche Sinnesart des Don Quixote kannten , so erwarteten sie ihn mit dem größten Vergnügen und der heftigsten Neugier , indem sie sich vornahmen , seiner Laune zu folgen und in allem , was er sagen würde , mit ihm übereinzustimmen , ihn , solange er bei ihnen bliebe , ganz wie einen irrenden Ritter zu behandeln , mit allen jenen Zeremonien , die in den Ritterbüchern gebräuchlich sind , welche sie gelesen hatten und überdies sehr liebten .« versetzte Don Quixote , » wende	6146	27	17702-Cervantes_Saavedra__Miguel_de.tsv
PRELS	PRELS		PRELS	die		Gleich dem Hiob habe ihn der grausame Gott ,	der	überhaupt der Grund alles Übels in der Welt sei , weil er mit dem Menschen experimentiere wie ein Vivisektor mit seinen Versuchstieren – ihm , dem Mister John , seine Familie und seine Reichtümer genommen und , nicht zufrieden mit dem angestifteten Unheil , auch noch seine Freunde gegen ihn aufgehetzt und seine Gesundheit geschädigt .	Er hat mich selbst darauf gebracht .Gleich dem Hiob habe ihn der grausame Gott , der überhaupt der Grund alles Übels in der Welt sei , weil er mit dem Menschen experimentiere wie ein Vivisektor mit seinen Versuchstieren – ihm , dem Mister John , seine Familie und seine Reichtümer genommen und , nicht zufrieden mit dem angestifteten Unheil , auch noch seine Freunde gegen ihn aufgehetzt und seine Gesundheit geschädigt .» Bah , man müßte ihn nur	2381	9	18884-Conrad__Michael_Georg.tsv
PRELS	PRELS		PRELS	die		Er schaute sie an , heimlich , mit dem inneren Auge , das streng war , und er sah die Veränderung , von	der	sie gesprochen ; er empfing das Bild , das sie gefordert .	, bis die berufene Helferin eintraf .Er schaute sie an , heimlich , mit dem inneren Auge , das streng war , und er sah die Veränderung , von der sie gesprochen ; er empfing das Bild , das sie gefordert .Die Schirmacher hatte in der Eile die	16135	23	108455-Wassermann__Jakob.tsv
PRELS	PRELS		PRELS	die		Und ich habe sie ,	die	uns doch vollständig Fremden , sogar mit Blumen beschenkt .	Willkommens mit ihnen rauchen zu dürfen !Und ich habe sie , die uns doch vollständig Fremden , sogar mit Blumen beschenkt .Ich besuche meine Brüder .	8717	5	79326-May__Karl.tsv
PRELS	PRELS		PRELS	die		« – Nun bemerkte sie das heftige Heben meiner Brust , und die Zähren ,	die	über meine Wangen rollten .	Unschuld von den Kindern meines Herzens !« – Nun bemerkte sie das heftige Heben meiner Brust , und die Zähren , die über meine Wangen rollten .Ich drücke noch die Hand einer zärtlichen	10701	15	72270-La_Roche__Sophie_von.tsv
PRELS	PRELS		PRELS	die		Ich möchte gestorben sein – ein Engel – ein Geist von der ,	die	Du so geliebt hast .	« seufzte Elmerice .Ich möchte gestorben sein – ein Engel – ein Geist von der , die Du so geliebt hast .« – » Könnte ich Dir doch	3234	13	83757-Paalzow__Henriette_von.tsv
PRELS	PRELS		PRELS	die		– Aber wo ist Signor Formica , wo ist mein würdiger Arzt , daß ich ihm tausendmal für meine Heilung danke ,	die	nur er vollbracht .	hätt' ich meinen wahnsinnigen Anschlag ausgeführt .– Aber wo ist Signor Formica , wo ist mein würdiger Arzt , daß ich ihm tausendmal für meine Heilung danke , die nur er vollbracht .– Fern sei es von mir ,	387	22	62350-Hoffmann__E__T__A_.tsv
PRELS	PRELS		PRELS	die		Seine jugendfrische Schönheit übermannte sie , die wahre Liebe hielt ihren Einzug , und hätte nicht ihre königliche Majestät dem im Wege gestanden , so würde sie die verlockenden Bäckchen ,	die	wie zweifrische Apfel schimmerten , sofort abgeküßt haben .	Anmut eines zuckersüßen kleinen kichernden Backfischs .Seine jugendfrische Schönheit übermannte sie , die wahre Liebe hielt ihren Einzug , und hätte nicht ihre königliche Majestät dem im Wege gestanden , so würde sie die verlockenden Bäckchen , die wie zweifrische Apfel schimmerten , sofort abgeküßt haben .Er war schlank , aufrecht wie eine	12	31	6235-Balzac__Honor__de.tsv
PRELS	PRELS		PRELS	die		Das Rotwerden war nun an mir , und ich sagte nichts mehr während der übrigen Zeit ,	die	man am Tische zubrachte .	aus Reue gern den Knochen verschlungen .Das Rotwerden war nun an mir , und ich sagte nichts mehr während der übrigen Zeit , die man am Tische zubrachte .Ich behielt nun freilich wieder recht in	2678	17	66066-Keller__Gottfried.tsv
PRELS	PRELS		PRELS	die		So kam er mit würdigem Anstande herbei , der Herzogin die Hand zu küssen ,	die	indessen ihren Gemahl , den Herzog , hatte rufen lassen , dem sie , während Don Quixote näher kam , seine Abgesandtschaft erzählte ; und da beide den ersten Teil dieser Historie gelesen hatten und daraus die wunderliche Sinnesart des Don Quixote kannten , so erwarteten sie ihn mit dem größten Vergnügen und der heftigsten Neugier , indem sie sich vornahmen , seiner Laune zu folgen und in allem , was er sagen würde , mit ihm übereinzustimmen , ihn , solange er bei ihnen bliebe , ganz wie einen irrenden Ritter zu behandeln , mit allen jenen Zeremonien , die in den Ritterbüchern gebräuchlich sind , welche sie gelesen hatten und überdies sehr liebten .	und Höflichkeit bis zum Himmel erhob .So kam er mit würdigem Anstande herbei , der Herzogin die Hand zu küssen , die indessen ihren Gemahl , den Herzog , hatte rufen lassen , dem sie , während Don Quixote näher kam , seine Abgesandtschaft erzählte ; und da beide den ersten Teil dieser Historie gelesen hatten und daraus die wunderliche Sinnesart des Don Quixote kannten , so erwarteten sie ihn mit dem größten Vergnügen und der heftigsten Neugier , indem sie sich vornahmen , seiner Laune zu folgen und in allem , was er sagen würde , mit ihm übereinzustimmen , ihn , solange er bei ihnen bliebe , ganz wie einen irrenden Ritter zu behandeln , mit allen jenen Zeremonien , die in den Ritterbüchern gebräuchlich sind , welche sie gelesen hatten und überdies sehr liebten .« versetzte Don Quixote , » wende	6146	15	17702-Cervantes_Saavedra__Miguel_de.tsv
PRELS	PRELS		PRELS	die		So kam er mit würdigem Anstande herbei , der Herzogin die Hand zu küssen , die indessen ihren Gemahl , den Herzog , hatte rufen lassen , dem sie , während Don Quixote näher kam , seine Abgesandtschaft erzählte ; und da beide den ersten Teil dieser Historie gelesen hatten und daraus die wunderliche Sinnesart des Don Quixote kannten , so erwarteten sie ihn mit dem größten Vergnügen und der heftigsten Neugier , indem sie sich vornahmen , seiner Laune zu folgen und in allem , was er sagen würde , mit ihm übereinzustimmen , ihn , solange er bei ihnen bliebe , ganz wie einen irrenden Ritter zu behandeln , mit allen jenen Zeremonien ,	die	in den Ritterbüchern gebräuchlich sind , welche sie gelesen hatten und überdies sehr liebten .	und Höflichkeit bis zum Himmel erhob .So kam er mit würdigem Anstande herbei , der Herzogin die Hand zu küssen , die indessen ihren Gemahl , den Herzog , hatte rufen lassen , dem sie , während Don Quixote näher kam , seine Abgesandtschaft erzählte ; und da beide den ersten Teil dieser Historie gelesen hatten und daraus die wunderliche Sinnesart des Don Quixote kannten , so erwarteten sie ihn mit dem größten Vergnügen und der heftigsten Neugier , indem sie sich vornahmen , seiner Laune zu folgen und in allem , was er sagen würde , mit ihm übereinzustimmen , ihn , solange er bei ihnen bliebe , ganz wie einen irrenden Ritter zu behandeln , mit allen jenen Zeremonien , die in den Ritterbüchern gebräuchlich sind , welche sie gelesen hatten und überdies sehr liebten .« versetzte Don Quixote , » wende	6146	116	17702-Cervantes_Saavedra__Miguel_de.tsv
PRELS	PRELS		PRELS	die		Nun aber hör ich ihn sagen : Die Welt ,	die	Cäsarn dient , ist meiner nicht mehr wert .	auch nachher mit seinem Unglücke bekannt .Nun aber hör ich ihn sagen : Die Welt , die Cäsarn dient , ist meiner nicht mehr wert .Schrecken !	886	10	73651-Lessing__Gotthold_Ephraim.tsv
PRELS	PRELS		PRELS	die		Wenn alle Künstler , welche εποιησε gebraucht , unter die späten gehören : so gehören darum nicht alle ,	die	sich des εποιει bedienet , unter die ältern .	Winckelmann selbst mag hierüber Richter sein !Wenn alle Künstler , welche εποιησε gebraucht , unter die späten gehören : so gehören darum nicht alle , die sich des εποιει bedienet , unter die ältern .Sehr wohl ; Longins Worte , aber	419	19	73654-Lessing__Gotthold_Ephraim.tsv
PRELS	ART		ART	die		– Hypothesen sind Wesen , die vater- und mutterlos sind ,	die	indeß Vernunft und Erfahrung zu natürlichen Vormündern haben .	Mensch , der ohne Täuschungen wäre ?– Hypothesen sind Wesen , die vater- und mutterlos sind , die indeß Vernunft und Erfahrung zu natürlichen Vormündern haben .– Doch glaub' ich mich an dem	5153	11	62296-Hippel__Theodor_Gottlieb_von.tsv
PRELS	PRELS		PRELS	die		Mit wirbelnden Sinnen und unter tobenden Herzschlägen begann sie dieses Entsetzliche zu verstehen : Die Feinde hatten sie gefangen , hatten ihr das blutige Eisen aus der Faust gewunden und hatten sie zu ewiger Strafe verdammt ; und nun lag sie in diesem finsteren Kerker , zu gerechter Buße für die unmenschliche Tat ,	die	sie begangen hatte im Grausen der Schlacht .	und klammerte sieh an das Geländer .Mit wirbelnden Sinnen und unter tobenden Herzschlägen begann sie dieses Entsetzliche zu verstehen : Die Feinde hatten sie gefangen , hatten ihr das blutige Eisen aus der Faust gewunden und hatten sie zu ewiger Strafe verdammt ; und nun lag sie in diesem finsteren Kerker , zu gerechter Buße für die unmenschliche Tat , die sie begangen hatte im Grausen der Schlacht .Ein Wörtl !	8472	54	27055-Ganghofer__Ludwig.tsv
PRELS	PWS		PRELS	was		Ich habe schon im vergangenen Jahre in Neapel ( 1821 ) die Beobachtung gemacht , daß ausgezeichnete Musik – auch ein gutes Ballett , ich denke an » Othello « und » Die Vestalin « , Balletts von Viganò , – mich an das denken macht ,	was	tagsüber schon der Gegenstand meiner Träumereien war , und daß ich dabei meine besten Einfälle habe .	, in eine köstliche Frucht verwandelt .Ich habe schon im vergangenen Jahre in Neapel ( 1821 ) die Beobachtung gemacht , daß ausgezeichnete Musik – auch ein gutes Ballett , ich denke an » Othello « und » Die Vestalin « , Balletts von Viganò , – mich an das denken macht , was tagsüber schon der Gegenstand meiner Träumereien war , und daß ich dabei meine besten Einfälle habe .Ist unsre Geliebte unsre vertrauteste Freundin geworden	2182	47	99251-Stendhal.tsv
PRELS	ADJA		PRELS	welche		Ja es ereignete sich bey Absonderung der Todten / daß ihrer unterschiedene /	welche	auff oder nahe an einander lagen / einander in dem letzten Grimme Nasen und Finger abgebissen hatten .	Wallstatt zu herrlicherm Begräbnis-Gepränge weggeführet wurden .Ja es ereignete sich bey Absonderung der Todten / daß ihrer unterschiedene / welche auff oder nahe an einander lagen / einander in dem letzten Grimme Nasen und Finger abgebissen hatten .Die aber / welche von denen Deutschen	37673	13	78039-Lohenstein__Daniel_Casper_von.tsv
PRELS	PRELS		PRELS	welche		Alt ist die Historie , bekannt ist die Geschicht ' , ausgeschrien ist die Begebenheit ,	welche	sich mit dem guten Alt-Vater Noe zugetragen .	O wehe , o wehe solchen !Alt ist die Historie , bekannt ist die Geschicht ' , ausgeschrien ist die Begebenheit , welche sich mit dem guten Alt-Vater Noe zugetragen .Volsäus zu Londen , Albericus zu Prag	3249	16	4-Abraham_a_Sancta_Clara.tsv
PRELS	PRELS		PRELS	welche		So kam er mit würdigem Anstande herbei , der Herzogin die Hand zu küssen , die indessen ihren Gemahl , den Herzog , hatte rufen lassen , dem sie , während Don Quixote näher kam , seine Abgesandtschaft erzählte ; und da beide den ersten Teil dieser Historie gelesen hatten und daraus die wunderliche Sinnesart des Don Quixote kannten , so erwarteten sie ihn mit dem größten Vergnügen und der heftigsten Neugier , indem sie sich vornahmen , seiner Laune zu folgen und in allem , was er sagen würde , mit ihm übereinzustimmen , ihn , solange er bei ihnen bliebe , ganz wie einen irrenden Ritter zu behandeln , mit allen jenen Zeremonien , die in den Ritterbüchern gebräuchlich sind ,	welche	sie gelesen hatten und überdies sehr liebten .	und Höflichkeit bis zum Himmel erhob .So kam er mit würdigem Anstande herbei , der Herzogin die Hand zu küssen , die indessen ihren Gemahl , den Herzog , hatte rufen lassen , dem sie , während Don Quixote näher kam , seine Abgesandtschaft erzählte ; und da beide den ersten Teil dieser Historie gelesen hatten und daraus die wunderliche Sinnesart des Don Quixote kannten , so erwarteten sie ihn mit dem größten Vergnügen und der heftigsten Neugier , indem sie sich vornahmen , seiner Laune zu folgen und in allem , was er sagen würde , mit ihm übereinzustimmen , ihn , solange er bei ihnen bliebe , ganz wie einen irrenden Ritter zu behandeln , mit allen jenen Zeremonien , die in den Ritterbüchern gebräuchlich sind , welche sie gelesen hatten und überdies sehr liebten .« versetzte Don Quixote , » wende	6146	123	17702-Cervantes_Saavedra__Miguel_de.tsv
PRELS	PRELS		PRELS	welche		Wenn alle Künstler ,	welche	εποιησε gebraucht , unter die späten gehören : so gehören darum nicht alle , die sich des εποιει bedienet , unter die ältern .	Winckelmann selbst mag hierüber Richter sein !Wenn alle Künstler , welche εποιησε gebraucht , unter die späten gehören : so gehören darum nicht alle , die sich des εποιει bedienet , unter die ältern .Sehr wohl ; Longins Worte , aber	419	4	73654-Lessing__Gotthold_Ephraim.tsv
PRELS	PRELS		PRELS	welche		Die Gefangene – denn es war eine weibliche Stimme ,	welche	ich vernommen hatte – hatte mit ihren Worten wohl ihre letzten Kräfte erschöpft .	« » Wo hast du ihn ?Die Gefangene – denn es war eine weibliche Stimme , welche ich vernommen hatte – hatte mit ihren Worten wohl ihre letzten Kräfte erschöpft .Von hier bis Wam-poa braucht ein Dampfer	1861	10	79318-May__Karl.tsv
PRELS	PWAT		PRELS	welche		ich sah nichts .... als jenen schwarzen Abgrund vor mir , in mir , in	welchem	Alles !	lehnte meine Stirn an den Marmor .ich sah nichts .... als jenen schwarzen Abgrund vor mir , in mir , in welchem Alles !Langsam ging er der Thür zu .	5477	15	57424-Hahn_Hahn__Ida_Gr_fin_von.tsv