DTA-Tag	TT-Tag	MM-TAg	Perceptron-Tag	Lemma	newtag	Prefix	Wort	Suffix	Sentence_neighborhood	sentence_index	index	filename
PWAT	PWAT		PWAT	welche		Es waren aber sechs Dutzet altfränkische silberne Tischbecher , ein groß gulden Pokal , etliche Duplet , vier silberne und ein guldenes Salzfaß , eine altfränkische guldne Kette , unterschiedliche Diamanten , Rubinen , Saphiren und Schmaragden , beides in Ringen und andern Kleinodien gefasset ; item ein ganz Lädlein voll großer Perlen , aber alle verdorben oder abgestanden , und dann in einem versporten ledernen Sack achtzig von den ältisten Joachimstalern aus feinem Silber , sodann 893 Goldstücke mit dem französischen Wappen und einem Adler ,	welche	Münze niemand kennen wollte , weil man , wie sie sagten , die Schrift nicht lesen konnte .	erst durch den Schuß geöffnet hatte .Es waren aber sechs Dutzet altfränkische silberne Tischbecher , ein groß gulden Pokal , etliche Duplet , vier silberne und ein guldenes Salzfaß , eine altfränkische guldne Kette , unterschiedliche Diamanten , Rubinen , Saphiren und Schmaragden , beides in Ringen und andern Kleinodien gefasset ; item ein ganz Lädlein voll großer Perlen , aber alle verdorben oder abgestanden , und dann in einem versporten ledernen Sack achtzig von den ältisten Joachimstalern aus feinem Silber , sodann 893 Goldstücke mit dem französischen Wappen und einem Adler , welche Münze niemand kennen wollte , weil man , wie sie sagten , die Schrift nicht lesen konnte .Als der Schuß geschehen , wieherte mein	4148	87	50637-Grimmelshausen__Hans_Jakob_Christoffel_von.tsv
PWAT	PWAT		PWAT	welche		« » Ich hasse niemand ; aber , Gott weiß es , diese Priester ,	welche	ausschließende Seligkeit an Lehrformeln binden , haben mich gezwungen , sie zu verabscheuen , weil sie jeden hassen und verfolgen , der , so wie ich , glaubt , daß Leben und nicht Lehre hier rechtschaffen und dort selig mache .	sind an allen meinen Leiden schuld !« » Ich hasse niemand ; aber , Gott weiß es , diese Priester , welche ausschließende Seligkeit an Lehrformeln binden , haben mich gezwungen , sie zu verabscheuen , weil sie jeden hassen und verfolgen , der , so wie ich , glaubt , daß Leben und nicht Lehre hier rechtschaffen und dort selig mache .Dies nebst der gedruckten Zueignungsschrift , die	56	15	83243-Nicolai__Friedrich.tsv
PWAT	PWAT		PIS	welche		25 Hat es vns gut gedaucht einmütiglich versamlet / Menner erwelen / vnd zu euch senden / mit vnsern liebsten Barnaba vnd Paulo / 26	welche	Menschen jre seele dar gegeben haben fur den Namen vnsers HErrn Jhesu Christi. 27 So haben wir gesand Judan vnd Silan / welche auch mit worten das selbige verkündigen werden .	vnd Syria / vnd Cilicia sind .25 Hat es vns gut gedaucht einmütiglich versamlet / Menner erwelen / vnd zu euch senden / mit vnsern liebsten Barnaba vnd Paulo / 26 welche Menschen jre seele dar gegeben haben fur den Namen vnsers HErrn Jhesu Christi. 27 So haben wir gesand Judan vnd Silan / welche auch mit worten das selbige verkündigen werden .7 Die Gottlosen werden vmbgestürtzt vnd nicht	24535	25	78101-Luther__Martin.tsv
PWAT	PWAT		PWAT	welche		Einer von Adel fragte einen Bauern , um	welche	Zeit die Bauern am lustigsten wären .	Ex duobus malis minus est eligendum .Einer von Adel fragte einen Bauern , um welche Zeit die Bauern am lustigsten wären .156. Aus zwey Uebeln muß man das	3659	8	97256-Schreger__Odilo.tsv
PWAT	PWAT		PWAT	welche		Zwei solche Steine stehn bei Lüthorst , unter denen zwei Männer begraben liegen ,	welche	Ackergeräthe aus dem Felde gestohlen hatten ; zwei andere an der entgegengesetzten Seite des Dorfes , da wo der Weg nach Wangelstedt führt .	und auf dem Kreuzplatze bei Oldendorf .Zwei solche Steine stehn bei Lüthorst , unter denen zwei Männer begraben liegen , welche Ackergeräthe aus dem Felde gestohlen hatten ; zwei andere an der entgegengesetzten Seite des Dorfes , da wo der Weg nach Wangelstedt führt .Ein Stein dieser Art steht nahe bei	5	14	91057-Schambach__Georg.tsv
PWAT	PWAT		PWAT	welche		Da sie das Material der Seligkeit sind , so ist diese Seligkeit ohne sie gar nicht möglich ;	welche	Freude muß also im Himmel über sie sein !	welches er ihnen hoch anzurechnen hat .Da sie das Material der Seligkeit sind , so ist diese Seligkeit ohne sie gar nicht möglich ; welche Freude muß also im Himmel über sie sein !Der himmlische Vater hat es nun einmal	6705	18	79321-May__Karl.tsv
PWAT	PWAT		PWAT	welchem		In dieser Ausrede war ein Körnchen Wahrheit ; seit dem Konzil in Konstanz – auf	welchem	Herr Ludwig im Bart bei Beredung alter Händel den Vetter Heinrich von Landshut als › Sohn eines Kochs ‹ beschimpft , und Herzog Heinrich diese Schmach in einem meuchlerischen Überfall mit sieben Schwertstreichen an seinem Vetter Ludwig gerächt hatte – , seit diesem heiligen Konzil zu Konstanz erschienen die Dinge zwischen Ingolstadt und Landshut sehr bedrohlich .	wurden gemeißelt und mit Blei umgossen .In dieser Ausrede war ein Körnchen Wahrheit ; seit dem Konzil in Konstanz – auf welchem Herr Ludwig im Bart bei Beredung alter Händel den Vetter Heinrich von Landshut als › Sohn eines Kochs ‹ beschimpft , und Herzog Heinrich diese Schmach in einem meuchlerischen Überfall mit sieben Schwertstreichen an seinem Vetter Ludwig gerächt hatte – , seit diesem heiligen Konzil zu Konstanz erschienen die Dinge zwischen Ingolstadt und Landshut sehr bedrohlich .Mit liebevoller Sorgfalt behütete man die Annasusanne	3049	15	27055-Ganghofer__Ludwig.tsv
PWAT	PWAT		PRELS	welchem		Unterweges gingen sie an dem Sägebocke des Schulmeisters vorbei , an	welchem	dieser im Schweiße seines Antlitzes hantierte .	denn der Alte ganz des Teufels ?Unterweges gingen sie an dem Sägebocke des Schulmeisters vorbei , an welchem dieser im Schweiße seines Antlitzes hantierte .Denn er konnte keine Nachtwachen vertragen ;	5955	11	64595-Immermann__Karl.tsv
PWAT	PWAT		PRELS	welchem		Wir waren jedoch nicht wenig verwundert , hier von einem nicht ungeschickten Künstler ein Bild ausgeführt zu sehen , welches das Gegenstück jenes Schildes vorstellt , an	welchem	der » Reisende in das südliche Frankreich « sich so umständlich ergeht und ergötzt ; man sah auch hier ein Wirtshaus mit dem bedenklichen Zeichen und umstehende Betrachter vorgestellt .	Der Empfang war schon charakteristisch genug .Wir waren jedoch nicht wenig verwundert , hier von einem nicht ungeschickten Künstler ein Bild ausgeführt zu sehen , welches das Gegenstück jenes Schildes vorstellt , an welchem der » Reisende in das südliche Frankreich « sich so umständlich ergeht und ergötzt ; man sah auch hier ein Wirtshaus mit dem bedenklichen Zeichen und umstehende Betrachter vorgestellt .In so froher als belehrender Unterhaltung legten	2874	27	32624-Goethe__Johann_Wolfgang.tsv
PWAT	PWAT		PWAT	welchen		Er blickte auf , da stand ein Mann im Gesträuche ,	welchen	unser Bürger freundlichst grüßte , ohne jedoch einer Antwort gewürdigt zu werden : darüber verwundert , betrachtete er den Fremden näher und fand , daß sich eigentlich kein Gesicht , sondern nur eine Art Nebel an der Stelle desselben befand .	» Jesus , Maria und Joseph !Word Die vor .Word Die vor .	2	11	94030-Sch_ppner__Alexander.tsv
PWAT	PWAT		PWAT	welchen		Weil er nun in Armenien erfuhr : daß Labienus und Pacor den Römischen Feldhauptmann Saxa geschlagen / Antiochien / Apamea / Jerusalem und gantz Syrien biß auff die Stadt Tyrus / Cilicien biß auff die Stadt Stratonicea eingenommen hatte / und König Artabazes dem Ventidius /	welchen	Antonius mit Kriegs-Macht in Cilicien schickte / etliche tausend Reuter zusendete / zohe Segimer mit diesen Hülffs-Völckern auch dahin .	für was ärgers als eine Dienstbarkeit .Weil er nun in Armenien erfuhr : daß Labienus und Pacor den Römischen Feldhauptmann Saxa geschlagen / Antiochien / Apamea / Jerusalem und gantz Syrien biß auff die Stadt Tyrus / Cilicien biß auff die Stadt Stratonicea eingenommen hatte / und König Artabazes dem Ventidius / welchen Antonius mit Kriegs-Macht in Cilicien schickte / etliche tausend Reuter zusendete / zohe Segimer mit diesen Hülffs-Völckern auch dahin .Hiermit machte er Anstalt : daß Segimer	54643	46	78039-Lohenstein__Daniel_Casper_von.tsv
PWAT	PWAT		PWAT	welchen		Der Major drang ruhig vorwärts , mit regelrechten Bewegungen , an	welchen	ein Schwimmmeister nichts auszusetzen gehabt hätte .	« Worüber war er nicht böse ?Der Major drang ruhig vorwärts , mit regelrechten Bewegungen , an welchen ein Schwimmmeister nichts auszusetzen gehabt hätte .rief Glenarvan ; wenn sie je in	230	11	107493-Verne__Jules.tsv
PWAT	PWAT		PWAT	welchen		Nun ist underwegen ein seer tieffer bach gewesen unnd gar ein schmaler steg darübergangen , über	welchen	der voll pfaff hat gon müssen .	Disen růff erneüwert er zů mermalen .Nun ist underwegen ein seer tieffer bach gewesen unnd gar ein schmaler steg darübergangen , über welchen der voll pfaff hat gon müssen .Dargegen versprich ich dir ein wechsine kertzen	1268	16	110201-Wickram__Georg.tsv
PWAT	PWAT		PWAT	welchen		Verstand und Geschicklichkeit zu zeigen , war der Bug , durch	welchen	man ihre Eigenliebe ein Vergnügen im Wissen und Arbeiten finden lehrte .	Schöpfer tief in die junge Seelen .Verstand und Geschicklichkeit zu zeigen , war der Bug , durch welchen man ihre Eigenliebe ein Vergnügen im Wissen und Arbeiten finden lehrte .– Rüste dich , mit uns zu	92	11	72275-La_Roche__Sophie_von.tsv
PWAT	PWAT		PWAT	welchen		Der Geist gab zur Antwort : Der Herr /	welchen	du gesehn / ist deines Vatern Bruder gewest / ein gottsfürchtiger Mann / welcher vielmals / wider die Ungläubige / gefochten .	Walde / etliche Stunden / irre .Der Geist gab zur Antwort : Der Herr / welchen du gesehn / ist deines Vatern Bruder gewest / ein gottsfürchtiger Mann / welcher vielmals / wider die Ungläubige / gefochten .Um Martini 1684sten Jahrs / geht ein	3924	9	26907-Francisci__Erasmus.tsv
PWAT	PWAT		PWAT	welcher		– In faden Harmlosigkeiten freilich darf ich mich dabei nicht ergehen , auf einige Verblüffung läuft es immer hinaus – dem Geschmack der Zeit muß man Konzessionen machen ... man muß ...	Welcher	Künstler ist groß geworden und hat das nicht getan ?	läßt sich darin nicht finden !.. .– In faden Harmlosigkeiten freilich darf ich mich dabei nicht ergehen , auf einige Verblüffung läuft es immer hinaus – dem Geschmack der Zeit muß man Konzessionen machen ... man muß ... Welcher Künstler ist groß geworden und hat das nicht getan ?Jetzt sind Sie 's nicht .	479	32	23119-Ebner_Eschenbach__Marie_von.tsv
PWAT	PWAT		PWAT	welcher		Es ist zu untersuchen , aus	welcher	Quelle das eine und das andere entsprang .	fiel , und Deutschland wurde frei .Es ist zu untersuchen , aus welcher Quelle das eine und das andere entsprang .Es geschah dieses ohne Widersetzlichkeit , ja	31	6	6284-B_rne__Ludwig.tsv
PWAT	ADJA		PWAT	welcher		über welches abgelaufene Zeitalter schwebte ihr Geist – auf	welcher	Staffel der Vergangenheit mußte sie mich stehen sehen , als ihre ausgestreckte Hand mir das Bild des sterbenden Heilandes mit der herzzerreißenden Frage vorhielt : Nun diesen Fittich senkt , und kindisch sich verweilt , Auf einen Hügel hebt , Wie sie den bescheidnen Wänden Auf Blumen schwebend sich nur von ihrem Aushauche nährt .	So höre wenigstens mich ihr nachlallen .über welches abgelaufene Zeitalter schwebte ihr Geist – auf welcher Staffel der Vergangenheit mußte sie mich stehen sehen , als ihre ausgestreckte Hand mir das Bild des sterbenden Heilandes mit der herzzerreißenden Frage vorhielt : Nun diesen Fittich senkt , und kindisch sich verweilt , Auf einen Hügel hebt , Wie sie den bescheidnen Wänden Auf Blumen schwebend sich nur von ihrem Aushauche nährt .die geübtesten Wortführer der Natur würden daran	915	9	104263-Th_mmel__Moritz_August_von.tsv
PWAT	PWAT		PWAT	welcher		Es wäre fürwahr nicht die sterbliche Schönheit / nicht die Hurtigkeit des Geistes / nicht die Ubermaaß der Tugend die Angel / an	welcher	unsere Seele hencken bliebe ; sondern das wunderbare Gesetze des Verhängnüsses / welches uns diesen oder jenen zu lieben leitete / oder durch einen Nothzwang gleichsam mit den Haaren darzu züge .	oder auch was annehmlichers nicht sehen ?Es wäre fürwahr nicht die sterbliche Schönheit / nicht die Hurtigkeit des Geistes / nicht die Ubermaaß der Tugend die Angel / an welcher unsere Seele hencken bliebe ; sondern das wunderbare Gesetze des Verhängnüsses / welches uns diesen oder jenen zu lieben leitete / oder durch einen Nothzwang gleichsam mit den Haaren darzu züge .Warumb fürchtet sich der Elephant und Hirsch	46629	23	78039-Lohenstein__Daniel_Casper_von.tsv
PWAT	NN		PWAT	welches			Welches	Interesse könnte diese Frau , die aus Polen stammt und in mir ganz fremden Verhältnissen aufwuchs , veranlassen , sich um unsere Vergangenheit zu bekümmern ?	Spionage ?Welches Interesse könnte diese Frau , die aus Polen stammt und in mir ganz fremden Verhältnissen aufwuchs , veranlassen , sich um unsere Vergangenheit zu bekümmern ?In Bielau ?	2094	0	56355-Gutzkow__Karl.tsv
PWAT	PWAT		PWAT	welches		über	welches	abgelaufene Zeitalter schwebte ihr Geist – auf welcher Staffel der Vergangenheit mußte sie mich stehen sehen , als ihre ausgestreckte Hand mir das Bild des sterbenden Heilandes mit der herzzerreißenden Frage vorhielt : Nun diesen Fittich senkt , und kindisch sich verweilt , Auf einen Hügel hebt , Wie sie den bescheidnen Wänden Auf Blumen schwebend sich nur von ihrem Aushauche nährt .	So höre wenigstens mich ihr nachlallen .über welches abgelaufene Zeitalter schwebte ihr Geist – auf welcher Staffel der Vergangenheit mußte sie mich stehen sehen , als ihre ausgestreckte Hand mir das Bild des sterbenden Heilandes mit der herzzerreißenden Frage vorhielt : Nun diesen Fittich senkt , und kindisch sich verweilt , Auf einen Hügel hebt , Wie sie den bescheidnen Wänden Auf Blumen schwebend sich nur von ihrem Aushauche nährt .die geübtesten Wortführer der Natur würden daran	915	1	104263-Th_mmel__Moritz_August_von.tsv
PWAT	PWS		PWS	welches		Denn zu betteln war in Abdera nicht erlaubt ;	welches	( im Vorbeigehen zu sagen ) das einzige war , was die Fremden an der abderitischen Polizei zu loben fanden .	man sie um ihren Beistand ansprach .Denn zu betteln war in Abdera nicht erlaubt ; welches ( im Vorbeigehen zu sagen ) das einzige war , was die Fremden an der abderitischen Polizei zu loben fanden .Indessen , da die Sykophanten wenigstens den	616	9	110271-Wieland__Christoph_Martin.tsv
PWAT	PWAT		PWAT	welches		War' ich so glücklich , wie Sie ,	welches	Opfer wäre mir wohl zu groß ?	sie fürchtet davon die schlimmsten Folgen .War' ich so glücklich , wie Sie , welches Opfer wäre mir wohl zu groß ?Sollten Sie es nicht wissen , brauche	1326	8	104907-Tieck__Ludwig.tsv
PWAT	VVFIN		PWAT	wer		Bevor er indes die Stadt betrat , unterwies er seine Kinder ausführlich , besonders aber in zwei Dingen , daß sie nämlich erstens die dürftige Lage , in welche sie das Schicksal ohne ihre Schuld alle zusammen gestürzt , geduldig ertragen möchten , und daß sie zum andern , so lieb ihnen ihr Leben sei , mit der größten Sorgfalt verborgen halten möchten , woher sie gekommen und	wessen	Kinder sie seien .	, sobald du wieder gesund bist .Bevor er indes die Stadt betrat , unterwies er seine Kinder ausführlich , besonders aber in zwei Dingen , daß sie nämlich erstens die dürftige Lage , in welche sie das Schicksal ohne ihre Schuld alle zusammen gestürzt , geduldig ertragen möchten , und daß sie zum andern , so lieb ihnen ihr Leben sei , mit der größten Sorgfalt verborgen halten möchten , woher sie gekommen und wessen Kinder sie seien .« Die Dame , die spürte ,	8678	68	13915-Boccaccio__Giovanni.tsv
PWAT	PIAT		PWAT	wieviele		« » Und	wieviele	Meilen macht das aus ?	gehabt hatte , es zu lenken .« » Und wieviele Meilen macht das aus ?Nunmehr konnten die Renntiere für sich selber	6533	3	107522-Verne__Jules.tsv