DTA-Tag	TT-Tag	MM-TAg	Perceptron-Tag	Lemma	newtag	Prefix	Wort	Suffix	Sentence_neighborhood	sentence_index	index	filename
PTKVZ	PTKVZ		PTKVZ	an		Er schaute sie	an	, heimlich , mit dem inneren Auge , das streng war , und er sah die Veränderung , von der sie gesprochen ; er empfing das Bild , das sie gefordert .	, bis die berufene Helferin eintraf .Er schaute sie an , heimlich , mit dem inneren Auge , das streng war , und er sah die Veränderung , von der sie gesprochen ; er empfing das Bild , das sie gefordert .Die Schirmacher hatte in der Eile die	16135	3	108455-Wassermann__Jakob.tsv
PTKVZ	PTKVZ		PTKVZ	an		Er ruhte im rauschenden Wald , rastete auf sonnbeschienenen Gehängen , sah träumend die ragenden Wände	an	und beobachtete , wie das versprengte Wild sich wieder sammelte .	, empfand , daß er lebte .Er ruhte im rauschenden Wald , rastete auf sonnbeschienenen Gehängen , sah träumend die ragenden Wände an und beobachtete , wie das versprengte Wild sich wieder sammelte .Franzl kam sich vor wie eine aus	3837	16	27054-Ganghofer__Ludwig.tsv
PTKVZ	PTKVZ		PTKVZ	an		Dann zog er ein weißes Beinkleid	an	, elegante Strümpfe , einen grünen Rock und schüttete seinen ganzen Vorrat von Parfüm in sein Taschentuch .	und sang leise vor sich hin .Dann zog er ein weißes Beinkleid an , elegante Strümpfe , einen grünen Rock und schüttete seinen ganzen Vorrat von Parfüm in sein Taschentuch .Er verschwand schnell in seinem Hause .	4945	6	26038-Flaubert__Gustave.tsv
PTKVZ	PTKVZ		PTKVZ	auf		Stolz sprang	auf	und setzte sich wieder .	Gang und eine klangvolle Stimme besaß .Stolz sprang auf und setzte sich wieder .Er blickte in den Spiegel ; er	1674	2	48338-Gon_arov__Ivan_Aleksandrovi_.tsv
PTKVZ	PTKVZ		PTKVZ	auf		– – – Dann sprang Otbert	auf	und verschwand hinter dem Thürvorhang zu meiner Rechten .	– aber dann ists zu spät !– – – Dann sprang Otbert auf und verschwand hinter dem Thürvorhang zu meiner Rechten .– Dann seufzen sie : Ja ,	1806	6	57424-Hahn_Hahn__Ida_Gr_fin_von.tsv
PTKVZ	ADJD		ADJD	auf		Als nun jhr Führer das Hörnlein hörete / rieff er den seinen zu : Auff / auff / ihr Brüder	auff	!	schier ein unwiederbringliches übel verursachet hätte .Als nun jhr Führer das Hörnlein hörete / rieff er den seinen zu : Auff / auff / ihr Brüder auff !Nun hatte gleichwol Markus ursach gnug /	2590	20	15210-Buchholtz__Andreas_Heinrich.tsv
PTKVZ	APPR		PTKVZ	aus		Wie sahen sie	aus	!	sie sich kaum mehr schleppen konnten .Wie sahen sie aus !Wir haben keine Zeit , uns lange	4617	3	79309-May__Karl.tsv
PTKVZ	PROAV		PTKVZ	dahin		Kurz , ich erkläre mich schlechterdings wider alle Neuerungen , und gebe meine Stimme	dahin	: daß alles bey dem alten wohlhergebrachten Reichsherkommen gelassen werde .	Wo sind ihre Bestallungsbriefe dazu ?Kurz , ich erkläre mich schlechterdings wider alle Neuerungen , und gebe meine Stimme dahin : daß alles bey dem alten wohlhergebrachten Reichsherkommen gelassen werde .Was haben sie für eine Vollmacht aufzuweisen	1932	14	48520-Gottsched__Johann_Christoph.tsv
PTKVZ	PTKVZ		PTKVZ	ein		Endlich begann Egloff wieder zu sprechen : » Sie sehen , dieses Haus schüchtert mich so	ein	, ich unterlasse wahrscheinlich wichtige Dinge .	Hand , und dann schwiegen sie .Endlich begann Egloff wieder zu sprechen : » Sie sehen , dieses Haus schüchtert mich so ein , ich unterlasse wahrscheinlich wichtige Dinge .« – » Gottlos , « wiederholte	653	16	66883-Keyserling__Eduard_von.tsv
PTKVZ	ART		PTKVZ	ein		« Er trat , angetan mit dem neuen Kleidungsstück ,	ein	.	werde sie auch später wieder bekämpfen .« Er trat , angetan mit dem neuen Kleidungsstück , ein .Ganz plötzlich ward es still .	646	10	80060-M_hsam__Erich.tsv
PTKVZ	PTKVZ		PTKVZ	ein		D' amis sûrs et fidèles ; Homburg indessen sollte noch erreicht werden , und um zehn Uhr abends rückten wir in seine Straßen	ein	.	trübseligen Anblick dem Auge zu entziehen .D' amis sûrs et fidèles ; Homburg indessen sollte noch erreicht werden , und um zehn Uhr abends rückten wir in seine Straßen ein .Auch Dorf Glindow hat von diesem allem	8533	23	26867-Fontane__Theodor.tsv
PTKVZ	APPR		PTKVZ	entgegen		Wer weis denn , ob sie je mir wieder leuchten werden , denn meine Reise ist weit , und mancherlei Gefahren werden Unheil drohend mir	entgegen	treten .	, die so lange mir leuchteten .Wer weis denn , ob sie je mir wieder leuchten werden , denn meine Reise ist weit , und mancherlei Gefahren werden Unheil drohend mir entgegen treten .So viele wünschen sich einen schnellen Tod	4069	25	97246-Schopenhauer__Johanna.tsv
PTKVZ	PTKVZ		PTKVZ	herbei		So kam er mit würdigem Anstande	herbei	, der Herzogin die Hand zu küssen , die indessen ihren Gemahl , den Herzog , hatte rufen lassen , dem sie , während Don Quixote näher kam , seine Abgesandtschaft erzählte ; und da beide den ersten Teil dieser Historie gelesen hatten und daraus die wunderliche Sinnesart des Don Quixote kannten , so erwarteten sie ihn mit dem größten Vergnügen und der heftigsten Neugier , indem sie sich vornahmen , seiner Laune zu folgen und in allem , was er sagen würde , mit ihm übereinzustimmen , ihn , solange er bei ihnen bliebe , ganz wie einen irrenden Ritter zu behandeln , mit allen jenen Zeremonien , die in den Ritterbüchern gebräuchlich sind , welche sie gelesen hatten und überdies sehr liebten .	und Höflichkeit bis zum Himmel erhob .So kam er mit würdigem Anstande herbei , der Herzogin die Hand zu küssen , die indessen ihren Gemahl , den Herzog , hatte rufen lassen , dem sie , während Don Quixote näher kam , seine Abgesandtschaft erzählte ; und da beide den ersten Teil dieser Historie gelesen hatten und daraus die wunderliche Sinnesart des Don Quixote kannten , so erwarteten sie ihn mit dem größten Vergnügen und der heftigsten Neugier , indem sie sich vornahmen , seiner Laune zu folgen und in allem , was er sagen würde , mit ihm übereinzustimmen , ihn , solange er bei ihnen bliebe , ganz wie einen irrenden Ritter zu behandeln , mit allen jenen Zeremonien , die in den Ritterbüchern gebräuchlich sind , welche sie gelesen hatten und überdies sehr liebten .« versetzte Don Quixote , » wende	6146	6	17702-Cervantes_Saavedra__Miguel_de.tsv
PTKVZ	ADV		ADV	herum		Den so einen mus man herschlahgen als wie dich und fileichd erwiesche ich eine bassende Gelehgenheid und lase Dich	herum	mit einen Oxenfisel das dier die Lumberei fileichd ferget , so lase ich dich herum du hunzheitener Batsi .	begient es weiter drohben beim Main .Den so einen mus man herschlahgen als wie dich und fileichd erwiesche ich eine bassende Gelehgenheid und lase Dich herum mit einen Oxenfisel das dier die Lumberei fileichd ferget , so lase ich dich herum du hunzheitener Batsi .Eigenlich begient das Ausland ieber der Dohnau	164	19	104520-Thoma__Ludwig.tsv
PTKVZ	PTKVZ		PTKVZ	hin		« Der Lange trug sie	hin	und sprach » ich wollte ihn wohl herausholen , wenn ich ihn nur sehen könnte .	geholt werden , nun schafft Rat .« Der Lange trug sie hin und sprach » ich wollte ihn wohl herausholen , wenn ich ihn nur sehen könnte .» Daß du mir einen Ring herbeibringst	31	5	50958-Grimm__Jacob_und_Wilhelm.tsv
PTKVZ	PTKVZ		PTKVZ	los		« » Heut ' ist der Teufel	los	!	Oh bleasure !« » Heut ' ist der Teufel los !Oh fortune !	3788	7	79304-May__Karl.tsv
PTKVZ	PTKVZ		PTKVZ	mit		« flüsterte ihr Jochai zu : » Ich gehe	mit	, um vom Fenster herab zu ersehen , wer der Klopfende ist .	nach dem Schlüssel an der Wand .« flüsterte ihr Jochai zu : » Ich gehe mit , um vom Fenster herab zu ersehen , wer der Klopfende ist .Großvater und Enkelin fuhren etwas zusammen .	168	9	99030-Spindler__Carl.tsv
PTKVZ	APPR		PTKVZ	nach		Sie dachte	nach	.	dieser Zufall seine Ursache gehabt haben ?Sie dachte nach .Aber war Zufall nicht nur ein Wort	4352	2	97181-Schnitzler__Arthur.tsv
PTKVZ	PTKVZ		PTKVZ	nieder		Es wurde sogar das Gerücht verbreitet , die Soldaten rissen die Häuser	nieder	, nicht um dem Feuer Einhalt zu tun , sondern um nichts von der Stadt übrig zu lassen .	römischen Vergangenheit und des römischen Ruhmes .Es wurde sogar das Gerücht verbreitet , die Soldaten rissen die Häuser nieder , nicht um dem Feuer Einhalt zu tun , sondern um nichts von der Stadt übrig zu lassen .« Inzwischen fuhren die Soldaten , unterstützt	4656	12	98460-Sienkiewicz__Henryk.tsv
PTKVZ	VVFIN		NN	weis		Wer	weis	denn , ob sie je mir wieder leuchten werden , denn meine Reise ist weit , und mancherlei Gefahren werden Unheil drohend mir entgegen treten .	, die so lange mir leuchteten .Wer weis denn , ob sie je mir wieder leuchten werden , denn meine Reise ist weit , und mancherlei Gefahren werden Unheil drohend mir entgegen treten .So viele wünschen sich einen schnellen Tod	4069	1	97246-Schopenhauer__Johanna.tsv
PTKVZ	ADV		PTKVZ	weiter		Er ergriff ihre Hand , küßte sie , drückte sie an sein Herz , und wagte nichts	weiter	.	, oder fast gänzliche Veränderung derselben .Er ergriff ihre Hand , küßte sie , drückte sie an sein Herz , und wagte nichts weiter .u. s.f. Il mio cor , ah	4482	17	59726-Heinse__Wilhelm.tsv
PTKVZ	APPR		PTKVZ	zu		« flüsterte ihr Jochai	zu	: » Ich gehe mit , um vom Fenster herab zu ersehen , wer der Klopfende ist .	nach dem Schlüssel an der Wand .« flüsterte ihr Jochai zu : » Ich gehe mit , um vom Fenster herab zu ersehen , wer der Klopfende ist .Großvater und Enkelin fuhren etwas zusammen .	168	4	99030-Spindler__Carl.tsv
PTKVZ	PTKVZ		PTKVZ	zu		Und nun ging 's im windschnellen Laufe dem Dickichte	zu	.	des vermeintlich todt daliegenden Wildes gesetzt .Und nun ging 's im windschnellen Laufe dem Dickichte zu .Lange Zeit hat sich im Munde des	4	9	93733-Sch_ppner__Alexander.tsv
PTKVZ	PTKVZ		PTKVZ	zurück		Kehrte Siegmund Faber	zurück	, dann lag es mir ob , mich , nicht sie , vor einem wahrhaftigen Ehrenmanne zu entschuldigen .	War sie meine Schwester , meinesgleichen ?Kehrte Siegmund Faber zurück , dann lag es mir ob , mich , nicht sie , vor einem wahrhaftigen Ehrenmanne zu entschuldigen .Schämte sie sich nicht , als Braut	1028	3	26910-Fran_ois__Louise_von.tsv
PTKVZ	PTKVZ		PTKVZ	zurück		Ich stieß sie nur	zurück	.	Denn das ist schon fast Despotismus .Ich stieß sie nur zurück .Außerdem werde ich es niemand erlauben ,	1976	4	22509-Dostoevskij__F_dor_Michajlovi_.tsv