DTA-Tag	TT-Tag	MM-TAg	Perceptron-Tag	Lemma	newtag	Prefix	Wort	Suffix	Sentence_neighborhood	sentence_index	index	filename
PIAT	PIAT		PIAT	alle		Wenn	alle	Künstler , welche εποιησε gebraucht , unter die späten gehören : so gehören darum nicht alle , die sich des εποιει bedienet , unter die ältern .	Winckelmann selbst mag hierüber Richter sein !Wenn alle Künstler , welche εποιησε gebraucht , unter die späten gehören : so gehören darum nicht alle , die sich des εποιει bedienet , unter die ältern .Sehr wohl ; Longins Worte , aber	419	1	73654-Lessing__Gotthold_Ephraim.tsv
PIAT	PIAT		PIAT	alle		Kurz , ich erkläre mich schlechterdings wider	alle	Neuerungen , und gebe meine Stimme dahin : daß alles bey dem alten wohlhergebrachten Reichsherkommen gelassen werde .	Wo sind ihre Bestallungsbriefe dazu ?Kurz , ich erkläre mich schlechterdings wider alle Neuerungen , und gebe meine Stimme dahin : daß alles bey dem alten wohlhergebrachten Reichsherkommen gelassen werde .Was haben sie für eine Vollmacht aufzuweisen	1932	7	48520-Gottsched__Johann_Christoph.tsv
PIAT	PIAT		PIAT	alle		Infolge der allgemeinen Wohlhabenheit sind seit Napoleons Sturze fast	alle	Häuserfassaden von Verrières neu erstanden .	denn ländlichen Einwohnerschaft ein behagliches Dasein .Infolge der allgemeinen Wohlhabenheit sind seit Napoleons Sturze fast alle Häuserfassaden von Verrières neu erstanden .Sein Wasser treibt eine Menge Sägemühlen .	9064	9	99250-Stendhal.tsv
PIAT	PIAT		PIS	alle		So kam er mit würdigem Anstande herbei , der Herzogin die Hand zu küssen , die indessen ihren Gemahl , den Herzog , hatte rufen lassen , dem sie , während Don Quixote näher kam , seine Abgesandtschaft erzählte ; und da beide den ersten Teil dieser Historie gelesen hatten und daraus die wunderliche Sinnesart des Don Quixote kannten , so erwarteten sie ihn mit dem größten Vergnügen und der heftigsten Neugier , indem sie sich vornahmen , seiner Laune zu folgen und in allem , was er sagen würde , mit ihm übereinzustimmen , ihn , solange er bei ihnen bliebe , ganz wie einen irrenden Ritter zu behandeln , mit	allen	jenen Zeremonien , die in den Ritterbüchern gebräuchlich sind , welche sie gelesen hatten und überdies sehr liebten .	und Höflichkeit bis zum Himmel erhob .So kam er mit würdigem Anstande herbei , der Herzogin die Hand zu küssen , die indessen ihren Gemahl , den Herzog , hatte rufen lassen , dem sie , während Don Quixote näher kam , seine Abgesandtschaft erzählte ; und da beide den ersten Teil dieser Historie gelesen hatten und daraus die wunderliche Sinnesart des Don Quixote kannten , so erwarteten sie ihn mit dem größten Vergnügen und der heftigsten Neugier , indem sie sich vornahmen , seiner Laune zu folgen und in allem , was er sagen würde , mit ihm übereinzustimmen , ihn , solange er bei ihnen bliebe , ganz wie einen irrenden Ritter zu behandeln , mit allen jenen Zeremonien , die in den Ritterbüchern gebräuchlich sind , welche sie gelesen hatten und überdies sehr liebten .« versetzte Don Quixote , » wende	6146	112	17702-Cervantes_Saavedra__Miguel_de.tsv
PIAT	PIAT		PIAT	alle		12 Vnd gab den Kauffbrieff Baruch dem son Neria des sons Mahaseja / in gegenwertigkeit Hanameel meines Vettern / vnd der Zeugen die im Kauffbrieff geschrieben stunden / vnd	aller	Jüden die am Hofe des Gefengnis woneten .	Geld dar / auff einer wage .12 Vnd gab den Kauffbrieff Baruch dem son Neria des sons Mahaseja / in gegenwertigkeit Hanameel meines Vettern / vnd der Zeugen die im Kauffbrieff geschrieben stunden / vnd aller Jüden die am Hofe des Gefengnis woneten .DA merckt ich / das des HERRN	3953	29	78101-Luther__Martin.tsv
PIAT	PIS		PIAT	alle		Gleich dem Hiob habe ihn der grausame Gott , der überhaupt der Grund	alles	Übels in der Welt sei , weil er mit dem Menschen experimentiere wie ein Vivisektor mit seinen Versuchstieren – ihm , dem Mister John , seine Familie und seine Reichtümer genommen und , nicht zufrieden mit dem angestifteten Unheil , auch noch seine Freunde gegen ihn aufgehetzt und seine Gesundheit geschädigt .	Er hat mich selbst darauf gebracht .Gleich dem Hiob habe ihn der grausame Gott , der überhaupt der Grund alles Übels in der Welt sei , weil er mit dem Menschen experimentiere wie ein Vivisektor mit seinen Versuchstieren – ihm , dem Mister John , seine Familie und seine Reichtümer genommen und , nicht zufrieden mit dem angestifteten Unheil , auch noch seine Freunde gegen ihn aufgehetzt und seine Gesundheit geschädigt .» Bah , man müßte ihn nur	2381	13	18884-Conrad__Michael_Georg.tsv
PIAT	PIS		PIAT	alle		Es war doch	alles	mögliche , was diese Lena erreicht hatte , und eine gute Portion Fleiss und Tüchtigkeit gehörte bei allem Glück dazu , es so weit zu bringen .	wenigen Monaten in Berlin schon gelernt .Es war doch alles mögliche , was diese Lena erreicht hatte , und eine gute Portion Fleiss und Tüchtigkeit gehörte bei allem Glück dazu , es so weit zu bringen .« wandte Lotte schüchtern ein .	1754	3	23055-Duncker__Dora.tsv
PIAT	PIAT		PIAT	beide		« Es ist mir nicht erlaubt , eine Beschreibung des Apparates zu geben , doch darf ich versichern , daß , als der » junge Adler « uns alles erklärt hatte , wir	beide	Tatellah-Satah und ich , von der Sicherheit und der Verläßlichkeit des Apparates derart überzeugt waren , daß in uns sofort der Wunsch aufstieg , uns seiner recht bald einmal bedienen zu dürfen .	« » Ah ?« Es ist mir nicht erlaubt , eine Beschreibung des Apparates zu geben , doch darf ich versichern , daß , als der » junge Adler « uns alles erklärt hatte , wir beide Tatellah-Satah und ich , von der Sicherheit und der Verläßlichkeit des Apparates derart überzeugt waren , daß in uns sofort der Wunsch aufstieg , uns seiner recht bald einmal bedienen zu dürfen .Oder doch , oder doch ?	7274	33	79326-May__Karl.tsv
PIAT	PIAT		PIAT	beide		Hiarbas ware / wegen seiner sonderbaren geschicklichkeit und grossen tugend / bei jederman sehr beliebet : hingegen die	beide	andere / wegen ihres lasterhaften gemütes / sehr verhasset .	vorneme herren ihre kinder auferziehen liessen .Hiarbas ware / wegen seiner sonderbaren geschicklichkeit und grossen tugend / bei jederman sehr beliebet : hingegen die beide andere / wegen ihres lasterhaften gemütes / sehr verhasset .Der König liebte uns / als seine	28787	18	3459-Anton_Ulrich_Herzog_von_Braunschweig.tsv
PIAT	PIAT		PIAT	beide		Der Gedanke , die Talente dieser anmutigen Künstlerin mit den seinigen zu verbinden , ihre	beiden	Existenzen zu einer zu verschmelzen , eine künftige Familie kleiner , ihres Vaters und ihrer Mutter würdiger Cascabels zu gründen , lag für den wackeren Gaukler auf der Hand .	scharfsinnigen Manne gewiß nicht überraschen wird .Der Gedanke , die Talente dieser anmutigen Künstlerin mit den seinigen zu verbinden , ihre beiden Existenzen zu einer zu verschmelzen , eine künftige Familie kleiner , ihres Vaters und ihrer Mutter würdiger Cascabels zu gründen , lag für den wackeren Gaukler auf der Hand .... « fiel Ortik ein .	2928	15	107522-Verne__Jules.tsv
PIAT	PIAT		PIAT	einige		Wirklich wurden ihm zwei Jahre später	einige	Goldproben aus Neu-Süd-Wales zugesendet , und er entschied die Auswanderung einer großen Anzahl Arbeiter aus Cornwallis nach den Goldregionen Neu-Hollands .	werden ihn wiederfinden , nicht wahr ?Wirklich wurden ihm zwei Jahre später einige Goldproben aus Neu-Süd-Wales zugesendet , und er entschied die Auswanderung einer großen Anzahl Arbeiter aus Cornwallis nach den Goldregionen Neu-Hollands .erwiderte Paganel , und rieb sie heftig	1071	6	107493-Verne__Jules.tsv
PIAT	PIAT		PIAT	einige		– In faden Harmlosigkeiten freilich darf ich mich dabei nicht ergehen , auf	einige	Verblüffung läuft es immer hinaus – dem Geschmack der Zeit muß man Konzessionen machen ... man muß ... Welcher Künstler ist groß geworden und hat das nicht getan ?	läßt sich darin nicht finden !.. .– In faden Harmlosigkeiten freilich darf ich mich dabei nicht ergehen , auf einige Verblüffung läuft es immer hinaus – dem Geschmack der Zeit muß man Konzessionen machen ... man muß ... Welcher Künstler ist groß geworden und hat das nicht getan ?Jetzt sind Sie 's nicht .	479	13	23119-Ebner_Eschenbach__Marie_von.tsv
PIAT	PIAT		PIAT	etliche		Es waren aber sechs Dutzet altfränkische silberne Tischbecher , ein groß gulden Pokal ,	etliche	Duplet , vier silberne und ein guldenes Salzfaß , eine altfränkische guldne Kette , unterschiedliche Diamanten , Rubinen , Saphiren und Schmaragden , beides in Ringen und andern Kleinodien gefasset ; item ein ganz Lädlein voll großer Perlen , aber alle verdorben oder abgestanden , und dann in einem versporten ledernen Sack achtzig von den ältisten Joachimstalern aus feinem Silber , sodann 893 Goldstücke mit dem französischen Wappen und einem Adler , welche Münze niemand kennen wollte , weil man , wie sie sagten , die Schrift nicht lesen konnte .	erst durch den Schuß geöffnet hatte .Es waren aber sechs Dutzet altfränkische silberne Tischbecher , ein groß gulden Pokal , etliche Duplet , vier silberne und ein guldenes Salzfaß , eine altfränkische guldne Kette , unterschiedliche Diamanten , Rubinen , Saphiren und Schmaragden , beides in Ringen und andern Kleinodien gefasset ; item ein ganz Lädlein voll großer Perlen , aber alle verdorben oder abgestanden , und dann in einem versporten ledernen Sack achtzig von den ältisten Joachimstalern aus feinem Silber , sodann 893 Goldstücke mit dem französischen Wappen und einem Adler , welche Münze niemand kennen wollte , weil man , wie sie sagten , die Schrift nicht lesen konnte .Als der Schuß geschehen , wieherte mein	4148	14	50637-Grimmelshausen__Hans_Jakob_Christoffel_von.tsv
PIAT	PIAT		PIAT	jede		– Mit Ew. Gnaden Verlaub , sagte Trim : – König Wilhelm war der Meinung , daß Alles in der Welt voraus bestimmt sei ; er pflegte zu seinen Soldaten zu sagen :	jede	Kugel hätte ihren Zettel .	, als meines Onkel Toby's Stadt .– Mit Ew. Gnaden Verlaub , sagte Trim : – König Wilhelm war der Meinung , daß Alles in der Welt voraus bestimmt sei ; er pflegte zu seinen Soldaten zu sagen : jede Kugel hätte ihren Zettel .– Es war gerade , als Du	86	33	99260-Sterne__Laurence.tsv
PIAT	NN		NE	kein		Früher sollte er auch verheirathet gewesen sein und sollte Familie gehabt haben , aber man hatte nie	Kin	der in dem alten Hause gesehen und schloß daraus , daß sie gleich der Mutter gestorben sein müßten .	er das alte Haus geerbt hatte .Früher sollte er auch verheirathet gewesen sein und sollte Familie gehabt haben , aber man hatte nie Kin der in dem alten Hause gesehen und schloß daraus , daß sie gleich der Mutter gestorben sein müßten .Dieses Gebäude war so lange ein Gegenstand	2923	17	61564-Hesekiel__George.tsv
PIAT	PIAT		PIAT	keine		Mußte man auch auf die Hoffnung verzichten , in den Polargebieten ebenso goldreiche Gegenden wie etwa Peru aufzufinden , so war das doch noch	kein	Grund , die Aufsuchung einer Nordwestpassage nach China aufzugeben .	Action nicht ohne Nutzen sein werde .Mußte man auch auf die Hoffnung verzichten , in den Polargebieten ebenso goldreiche Gegenden wie etwa Peru aufzufinden , so war das doch noch kein Grund , die Aufsuchung einer Nordwestpassage nach China aufzugeben .Da Alles , was mit der Geschichte	3619	24	107557-Verne__Jules.tsv
PIAT	PIAT		PIAT	keine		Eine Sittsamkeit in ihren Reden , die mir noch bei	keinem	Mädchen so aufgefallen ist wie bei dieser – alles die Frucht einer guten Erziehung .	schon auf den rechten Weg bringen .Eine Sittsamkeit in ihren Reden , die mir noch bei keinem Mädchen so aufgefallen ist wie bei dieser – alles die Frucht einer guten Erziehung .‹ › Dein Vater , Patchen ,	1997	10	22329-Diderot__Denis.tsv
PIAT	PIAT		PIAT	keine		Quid est – Es verdroß mich , daß ich in einem fremden Lande , wo ich mein Geld und , im Fall der Noth , mein ἀνέχου καὶ ἀπέχου auszugeben Willens war , und wo es	keinen	was anging , ob ich als Edelmann oder als Bürger äß' und tränke , durchaus Adel oder Unadel documentiren sollte – und wie ?	Auch bei Erholungen will man Zweck .Quid est – Es verdroß mich , daß ich in einem fremden Lande , wo ich mein Geld und , im Fall der Noth , mein ἀνέχου καὶ ἀπέχου auszugeben Willens war , und wo es keinen was anging , ob ich als Edelmann oder als Bürger äß' und tränke , durchaus Adel oder Unadel documentiren sollte – und wie ?Sonst aber glaub' ich , je weiter	5513	36	62295-Hippel__Theodor_Gottlieb_von.tsv
PIAT	PIAT		PIAT	keine		Denn wie er	keinen	Paßport bey dem Gouverneur auf zuweisen hatte / sagte dieser mit einer zwar höflichen doch unanständigen Mine ; er möchte sich so lange gedulten / biß auf gethanen Bericht andre Ordre deswegen vor Sr. Majestät einlieffe / weil ihm bey hoher Lebens-Straffe und sonder Betrachtung des Standes gebothen / diesen Befehl genau nachzukommen .	die andern Gefangenen vor Renardens Zimmer .Denn wie er keinen Paßport bey dem Gouverneur auf zuweisen hatte / sagte dieser mit einer zwar höflichen doch unanständigen Mine ; er möchte sich so lange gedulten / biß auf gethanen Bericht andre Ordre deswegen vor Sr. Majestät einlieffe / weil ihm bey hoher Lebens-Straffe und sonder Betrachtung des Standes gebothen / diesen Befehl genau nachzukommen .Wie nun Rosantes seinen Fürstlichen Stand offenbahret	1374	3	64549-Hunold__Christian_Friedrich.tsv
PIAT	PIAT		PIAT	mancherlei		Wer weis denn , ob sie je mir wieder leuchten werden , denn meine Reise ist weit , und	mancherlei	Gefahren werden Unheil drohend mir entgegen treten .	, die so lange mir leuchteten .Wer weis denn , ob sie je mir wieder leuchten werden , denn meine Reise ist weit , und mancherlei Gefahren werden Unheil drohend mir entgegen treten .So viele wünschen sich einen schnellen Tod	4069	19	97246-Schopenhauer__Johanna.tsv
PIAT	PIS		PIAT	mehr		Begleitete mich dagegen jenes junge Mädchen , so müßte ich ja in Aller Augen weit	mehr	als der Kaufmann Nicolaus Korpanoff meines Podaroshna erscheinen .	Verdacht wegen meiner Person zu zerstreuen .Begleitete mich dagegen jenes junge Mädchen , so müßte ich ja in Aller Augen weit mehr als der Kaufmann Nicolaus Korpanoff meines Podaroshna erscheinen .» Ja , sagte er sich ,	5271	15	107503-Verne__Jules.tsv
PIAT	PIAT		PIAT	mehrere		« Da trat er um	mehrere	Schritte zur Seite , senkte den Blick und sagte : Es war die höchste Zeit für sie .	Sonne dieses dürren Master Chinarindo sein !« Da trat er um mehrere Schritte zur Seite , senkte den Blick und sagte : Es war die höchste Zeit für sie .« frug sie gedehnt .	3740	5	79314-May__Karl.tsv
PIAT	PIAT		PIAT	mehrere		An den Tisch der Grafen und edlen Herren von der Lippe sprangen nämlich in geschäftiger Eile	mehrere	Diener , setzten daran einen großen mit Lorbeeren geschmückten Sessel und verkündeten , daß der Graf Simon von der Lippe soeben gestorben sei und gleich erscheinen werde .	hier hießen sie ihn Platz nehmen .An den Tisch der Grafen und edlen Herren von der Lippe sprangen nämlich in geschäftiger Eile mehrere Diener , setzten daran einen großen mit Lorbeeren geschmückten Sessel und verkündeten , daß der Graf Simon von der Lippe soeben gestorben sei und gleich erscheinen werde .so schrie ihn der alte Ritter an	63	16	53994-Gr_sse__Johann_Georg_Theodor.tsv
PIAT	PIAT		PIAT	mehrere		Abermals erfaßte ihn die Verzweiflung , und als er die Via Portuensis , die geradeswegs zu dem Viertel jenseit des Tiber führte , erreicht hatte , kam er erst beim Tore wieder zur Besinnung , wo ihm wiederholt wurde , was er schon vorher von den Flüchtlingen gehört hatte , daß der größte Teil dieser Stadtgegend noch nicht in Flammen stehe , daß sich das Feuer aber schon an	mehreren	Stellen über den Fluß verbreitet habe .	galt es , Lygia zu retten .Abermals erfaßte ihn die Verzweiflung , und als er die Via Portuensis , die geradeswegs zu dem Viertel jenseit des Tiber führte , erreicht hatte , kam er erst beim Tore wieder zur Besinnung , wo ihm wiederholt wurde , was er schon vorher von den Flüchtlingen gehört hatte , daß der größte Teil dieser Stadtgegend noch nicht in Flammen stehe , daß sich das Feuer aber schon an mehreren Stellen über den Fluß verbreitet habe .Aber diese Gedanken , die aus seinem	10483	69	98460-Sienkiewicz__Henryk.tsv
PIAT	PIAT		PIAT	wenig		Während der Abwesenheit Bardiks hatte ein Haufen Männer , welche sich die Dunkelheit zu nutze machten , Alles binnen	wenig	Stunden zerstört .	einen Hammer und zertrümmerte die Sparbüchse .Während der Abwesenheit Bardiks hatte ein Haufen Männer , welche sich die Dunkelheit zu nutze machten , Alles binnen wenig Stunden zerstört .Jedenfalls wollte er über die Sache in's	534	19	107513-Verne__Jules.tsv