DTA-Tag	TT-Tag	MM-TAg	Perceptron-Tag	Lemma	newtag	Prefix	Wort	Suffix	Sentence_neighborhood	sentence_index	index	filename
PTKA	PTKA		PTKA	allzu		Die Gräfin begegnete ihm : Mein lieber Adgandester / ist er so lange bey Hofe gewest / und ein so grosser Staats-Mann worden / hat aber wegen	allzu	grosser Gewogenheit seines Fürsten / und seines ihn überschüttenden Glückes nicht gelernet : daß grosse Herrscher keiner Verbindligkeit unterworffen / die Zahlung ihrer Schulden aber eine freywillige Begnadigung seyn solle ?	Besitzthume mir allein Catumer überlegen ist ?Die Gräfin begegnete ihm : Mein lieber Adgandester / ist er so lange bey Hofe gewest / und ein so grosser Staats-Mann worden / hat aber wegen allzu grosser Gewogenheit seines Fürsten / und seines ihn überschüttenden Glückes nicht gelernet : daß grosse Herrscher keiner Verbindligkeit unterworffen / die Zahlung ihrer Schulden aber eine freywillige Begnadigung seyn solle ?also ich eben so wohl ein taugliches	23680	27	78039-Lohenstein__Daniel_Casper_von.tsv
PTKA	PTKA		PTKA	allzu		wie oft muß ich dir sagen , daß Hufeland Leuten von deiner Konstitution jede	allzu	rasche Bewegung streng untersagt ; wie du jetzt glühst !	» Nein !wie oft muß ich dir sagen , daß Hufeland Leuten von deiner Konstitution jede allzu rasche Bewegung streng untersagt ; wie du jetzt glühst !Der Baron stand auf und sah seine	268	14	58304-Hauff__Wilhelm.tsv
PTKA	PTKA		APPRART	am		« Theodor schwieg , Wilhelm sah ihn lange an ; dann sagte er : Wilhelm erglühte ; unverwandt , mit leuchtenden Blicken hing sein Auge an dem Munde des Hageren ; seine Hand ballte sich , ihm selber unbewußt , zusammen ; er fragte : Wilhelm stand nachdenklich ; dann antwortete er : » Ich weiß nicht , worüber ich mich	am	meisten verwundern soll , ob über das unbegreifliche Zusammen treffen deines Traumes mit demjenigen , was mir mit dem Männchen begegnet ist , oder vielmehr darüber , daß es mir in diesem Augenblick vorkommen will , als müßte ich auch von einem Eichhorn etwas wissen , welches der Hagere mir gebraten und mit mir verzehrt habe .	heute an den Galgen gehängt worden !« Theodor schwieg , Wilhelm sah ihn lange an ; dann sagte er : Wilhelm erglühte ; unverwandt , mit leuchtenden Blicken hing sein Auge an dem Munde des Hageren ; seine Hand ballte sich , ihm selber unbewußt , zusammen ; er fragte : Wilhelm stand nachdenklich ; dann antwortete er : » Ich weiß nicht , worüber ich mich am meisten verwundern soll , ob über das unbegreifliche Zusammen treffen deines Traumes mit demjenigen , was mir mit dem Männchen begegnet ist , oder vielmehr darüber , daß es mir in diesem Augenblick vorkommen will , als müßte ich auch von einem Eichhorn etwas wissen , welches der Hagere mir gebraten und mit mir verzehrt habe .Der Offizier des Korps klopfte mich auf	637	61	58805-Hebbel__Friedrich.tsv
PTKA	PTKA		PTKA	am		Er zweifelte keinen Augenblick daran , daß , wenn die Barricade übergehen sollte , er an der Spitze der Männer , die er in den Kampf geführt , fallen würde ; aber daran dachte er	am	wenigsten .	der Barricade eingefügten Tonne saß Oldenburg .Er zweifelte keinen Augenblick daran , daß , wenn die Barricade übergehen sollte , er an der Spitze der Männer , die er in den Kampf geführt , fallen würde ; aber daran dachte er am wenigsten .fragte Herr Schmenckel und kraute sich ungläubig	549	35	99024-Spielhagen__Friedrich.tsv
PTKA	APPR		PTKA	zu		Mit wirbelnden Sinnen und unter tobenden Herzschlägen begann sie dieses Entsetzliche zu verstehen : Die Feinde hatten sie gefangen , hatten ihr das blutige Eisen aus der Faust gewunden und hatten sie zu ewiger Strafe verdammt ; und nun lag sie in diesem finsteren Kerker ,	zu	gerechter Buße für die unmenschliche Tat , die sie begangen hatte im Grausen der Schlacht .	und klammerte sieh an das Geländer .Mit wirbelnden Sinnen und unter tobenden Herzschlägen begann sie dieses Entsetzliche zu verstehen : Die Feinde hatten sie gefangen , hatten ihr das blutige Eisen aus der Faust gewunden und hatten sie zu ewiger Strafe verdammt ; und nun lag sie in diesem finsteren Kerker , zu gerechter Buße für die unmenschliche Tat , die sie begangen hatte im Grausen der Schlacht .Ein Wörtl !	8472	46	27055-Ganghofer__Ludwig.tsv
PTKA	APPR		PTKA	zu		Auch Vreneli hätte es nie erfahren , wenn Uli es ihm später nicht selbst erzählt , wie er , nachdem er einige ausgewischt , unter das schwarze Dach eines Ofenhauses gestanden , weil er	zu	alt dazu gewesen , eine Schlägerei auf Tod und Leben fortzusetzen .	wenn man ihr den Gring abschreiße .Auch Vreneli hätte es nie erfahren , wenn Uli es ihm später nicht selbst erzählt , wie er , nachdem er einige ausgewischt , unter das schwarze Dach eines Ofenhauses gestanden , weil er zu alt dazu gewesen , eine Schlägerei auf Tod und Leben fortzusetzen .Heute beim Betten habe sie Blut auf	3560	34	48349-Gotthelf__Jeremias.tsv
PTKA	PTKZU		PTKA	zu		) , so möchte ich doch gar	zu	gern sein Gesicht sehen .	Hinterkopf und seinem roten Halse blickte .) , so möchte ich doch gar zu gern sein Gesicht sehen .Eifersüchtig um meinetwillen !	2858	7	104939-Tolstoj__Lev_Nikolaevi_.tsv
PTKA	PTKA		PTKA	zu		Der Reiter sprengte abseits in die Egau und Metzger nach ; wurde lezterem doch	zu	tief und schwamm noch ein Stück .	ihn an : woher des Weges ?Der Reiter sprengte abseits in die Egau und Metzger nach ; wurde lezterem doch zu tief und schwamm noch ein Stück .In einem Kirchenbuche aus dem Neresheimischen ist	4	14	11962-Birlinger__Anton.tsv
PTKA	PTKA		APPR	zu		Es handelt sich um eine kurze , sehr schnelle Rekognoszierung , die dich	zu	sehr anstrengen würde .	Also Kompagnons ?Es handelt sich um eine kurze , sehr schnelle Rekognoszierung , die dich zu sehr anstrengen würde .« » Ihr sagt › wir ‹	2150	13	79326-May__Karl.tsv
PTKA	PTKZU		PTKA	zu		« Kaum hatte Sancho diese Worte gesprochen , als sich die silberne Nymphe erhob , die neben dem Geiste des Merlin saß , den durchsichtigen Schleier aufhob und ein Gesicht zeigte , welches allen mehr als überflüssig reizend erschien , mit männlichem Anstande und einer nicht	zu	zarten Stimme sich gerade gegen Sancho Pansa wandte und sagte : » O du nichtsnutziger Stallmeister , du gemeine Seele , du Felsenherz , du mit dem Gemüt von Kieseln , mit Eingeweiden von Feuerstein !	wo seine Augen sie nimmermehr wiederfänden .« Kaum hatte Sancho diese Worte gesprochen , als sich die silberne Nymphe erhob , die neben dem Geiste des Merlin saß , den durchsichtigen Schleier aufhob und ein Gesicht zeigte , welches allen mehr als überflüssig reizend erschien , mit männlichem Anstande und einer nicht zu zarten Stimme sich gerade gegen Sancho Pansa wandte und sagte : » O du nichtsnutziger Stallmeister , du gemeine Seele , du Felsenherz , du mit dem Gemüt von Kieseln , mit Eingeweiden von Feuerstein !« » Ich habe sie nicht gekannt	1870	46	17702-Cervantes_Saavedra__Miguel_de.tsv
PTKA	PTKA		PTKA	zu		War' ich so glücklich , wie Sie , welches Opfer wäre mir wohl	zu	groß ?	sie fürchtet davon die schlimmsten Folgen .War' ich so glücklich , wie Sie , welches Opfer wäre mir wohl zu groß ?Sollten Sie es nicht wissen , brauche	1326	13	104907-Tieck__Ludwig.tsv
PTKA	APPR		PTKA	zu		Überall Frieden und Gesundheit , inmitten von Armseligkeit , Trostlosigkeit und Wiesen , die es	zu	nichts bringen konnten wegen Staub .	, erbeten hätte – – – .Überall Frieden und Gesundheit , inmitten von Armseligkeit , Trostlosigkeit und Wiesen , die es zu nichts bringen konnten wegen Staub .Word Ein Schriftsteller älteren Datums würde nun	3	15	1345-Altenberg__Peter.tsv
PTKA	PTKZU		PTKZU	zu		Die Propheten aber immer im Blik auf 's verheissene Königreich der lezten Zeitdamit Ihnen das bekannt werde , was noch kommen soll ; aber mit einem einfältigen kindlichen Glauben : daß Gott dem Wort nach manches erfüllen könne , was uns thöricht und unmöglich scheint , gleichwie er auch von Anfang an gethan : z.B. in Ansehung der Sündflut , Erscheinungen , und Besuch bei Abraham ; in den Offenbarungen , die dem Moses	zu	verschiedenenmalen wiederfahren ; ferner bei'm Durchgang durch 's rothe Meer , Speisung eines so großen Volkes in der Wüste , und Tränkung desselben aus einem Felsen , wo vorher kein Wasser floß : u. s.w. welches alles die heutigen Gelehrten vorher , eh es geschehen war , eben so wenig geglaubt , und Gott lieber in den engen Bezirk ihres kurzgefaßten Möglichkeitsystems eingeschlossen , und einen jeden Glaubigen ausgelacht hätten , wie ver mutlich die vor der Sündflut den Noah ausgelacht , als er den Schiffkasten gebaut ; und die zu Sodom den Loth , als er die Zerstörung ihrer Stadt geglaubt .	die nachfolgende Geistesrichtung meines seligen Vaters .Die Propheten aber immer im Blik auf 's verheissene Königreich der lezten Zeitdamit Ihnen das bekannt werde , was noch kommen soll ; aber mit einem einfältigen kindlichen Glauben : daß Gott dem Wort nach manches erfüllen könne , was uns thöricht und unmöglich scheint , gleichwie er auch von Anfang an gethan : z.B. in Ansehung der Sündflut , Erscheinungen , und Besuch bei Abraham ; in den Offenbarungen , die dem Moses zu verschiedenenmalen wiederfahren ; ferner bei'm Durchgang durch 's rothe Meer , Speisung eines so großen Volkes in der Wüste , und Tränkung desselben aus einem Felsen , wo vorher kein Wasser floß : u. s.w. welches alles die heutigen Gelehrten vorher , eh es geschehen war , eben so wenig geglaubt , und Gott lieber in den engen Bezirk ihres kurzgefaßten Möglichkeitsystems eingeschlossen , und einen jeden Glaubigen ausgelacht hätten , wie ver mutlich die vor der Sündflut den Noah ausgelacht , als er den Schiffkasten gebaut ; und die zu Sodom den Loth , als er die Zerstörung ihrer Stadt geglaubt .Klopstok wurde durch mich in Ludwigsburg ,	3587	74	97606-Schubart__Christian_Friedrich_Daniel.tsv
PTKA	APPR		APPR	zu		Sage nur deinem alten Gatten so etwas nicht , denn er hat nicht weiche , zarte Hände wie ich , und sein stacheliger Bart paßt schlecht	zu	solchem Wonnespiel .	« fragte der Prior erstaunt .Sage nur deinem alten Gatten so etwas nicht , denn er hat nicht weiche , zarte Hände wie ich , und sein stacheliger Bart paßt schlecht zu solchem Wonnespiel .« » Warum ?	53	26	6229-Balzac__Honor__de.tsv
PTKA	PTKZU		PTKZU	zu		– Aber es wurde ihr doch ein wenig wunderlich zumute ; und da fragte er zum drittenmal : Im Schleswiger und Dithmarscher Lande geht eine Sage um von einem bäuerlichen jungen Liebespaare , das hatte sich gar	zu	lieb , aber Gott fügte es , daß der Bräutigam krank ward und starb .	nochmals , was soll mir grauen ?– Aber es wurde ihr doch ein wenig wunderlich zumute ; und da fragte er zum drittenmal : Im Schleswiger und Dithmarscher Lande geht eine Sage um von einem bäuerlichen jungen Liebespaare , das hatte sich gar zu lieb , aber Gott fügte es , daß der Bräutigam krank ward und starb .Der Tod der reitet so schnell ,	8	37	10479-Bechstein__Ludwig.tsv
PTKA	APPR		PTKA	zu		Sie , mit einer sündhaften Liebe im Herzen , die Pflichten gegen sich selbst und Andre verletzend , herausgetreten aus den Schranken der Sitte , Mutter eines Kindes ohne Namen : sie war sicher wie für die Ewigkeit ; – und mein Leben ohne Schuld , ohne Vorwurf , ohne Tadel war von einem immerwährenden Erdbeben dermaßen durchzittert , daß ich	zu	Nichts und zu Niemand Zuversicht hatte .	» Hasse mich nicht , Sibylle !Sie , mit einer sündhaften Liebe im Herzen , die Pflichten gegen sich selbst und Andre verletzend , herausgetreten aus den Schranken der Sitte , Mutter eines Kindes ohne Namen : sie war sicher wie für die Ewigkeit ; – und mein Leben ohne Schuld , ohne Vorwurf , ohne Tadel war von einem immerwährenden Erdbeben dermaßen durchzittert , daß ich zu Nichts und zu Niemand Zuversicht hatte .« » Ich kenne Dich , und	980	61	57424-Hahn_Hahn__Ida_Gr_fin_von.tsv
PTKA	APPR		APPR	zu		Sie , mit einer sündhaften Liebe im Herzen , die Pflichten gegen sich selbst und Andre verletzend , herausgetreten aus den Schranken der Sitte , Mutter eines Kindes ohne Namen : sie war sicher wie für die Ewigkeit ; – und mein Leben ohne Schuld , ohne Vorwurf , ohne Tadel war von einem immerwährenden Erdbeben dermaßen durchzittert , daß ich zu Nichts und	zu	Niemand Zuversicht hatte .	» Hasse mich nicht , Sibylle !Sie , mit einer sündhaften Liebe im Herzen , die Pflichten gegen sich selbst und Andre verletzend , herausgetreten aus den Schranken der Sitte , Mutter eines Kindes ohne Namen : sie war sicher wie für die Ewigkeit ; – und mein Leben ohne Schuld , ohne Vorwurf , ohne Tadel war von einem immerwährenden Erdbeben dermaßen durchzittert , daß ich zu Nichts und zu Niemand Zuversicht hatte .« » Ich kenne Dich , und	980	64	57424-Hahn_Hahn__Ida_Gr_fin_von.tsv
PTKA	PTKA		ADV	zu		Auch Spottpreise können	zu	hoch sein .	» Du sagst Spottpreis , Ursel .Auch Spottpreise können zu hoch sein .» War es denn schon in dem	2107	3	26865-Fontane__Theodor.tsv
PTKA	PTKZU		PTKA	zu		Es rührte mich späterhin sehr , das Lebensereignis zu erfahren , welches diese beiden	zu	untrennbaren Freunden gemacht hatte .	sonderbare Geschichte meiner Berufung nach London .Es rührte mich späterhin sehr , das Lebensereignis zu erfahren , welches diese beiden zu untrennbaren Freunden gemacht hatte .Praeger führte mich aber auch zu seinem	3979	14	107728-Wagner__Richard.tsv
PTKA	PTKA		PTKA	zu		Aus Zufall hatte ich bloße Füße , wie es öfter geschah , und hatte Höschen an , die mit der Zeit	zu	kurz geworden waren .	den scharfen Rändern des Spundloches hinein .Aus Zufall hatte ich bloße Füße , wie es öfter geschah , und hatte Höschen an , die mit der Zeit zu kurz geworden waren .Zum Hineinstreichen dessen , was sich etwa	255	21	99455-Stifter__Adalbert.tsv
PTKA	APPR		ADV	zu		Die gute Fraw Schulthessin förchtet jmmer / die gantze Nacht were	zu	lang / vnd es wurde nimmer tag werden / daß man hette können jren Beltz sehen : freuwet sich deßhalben deste mehr / da sie gesehen den lieben tag hereyn brechen .	/ nicht verhalten wöllen noch sollen .Die gute Fraw Schulthessin förchtet jmmer / die gantze Nacht were zu lang / vnd es wurde nimmer tag werden / daß man hette können jren Beltz sehen : freuwet sich deßhalben deste mehr / da sie gesehen den lieben tag hereyn brechen .Ich hab aber nachmals in einer alten	687	11	3449-Anonym.tsv
PTKA	PTKZU		PTKA	zu		Fischerei wird wenig darauf getrieben , weil das Wasser	zu	tief ist ; besonders ist es auffallend , daß der Fisch zwischen Michaeli und Mariä Verkündigung sich ganz in die Tiefe hineinzieht .	vermindert sich nicht bei trockenem Wetter .Fischerei wird wenig darauf getrieben , weil das Wasser zu tief ist ; besonders ist es auffallend , daß der Fisch zwischen Michaeli und Mariä Verkündigung sich ganz in die Tiefe hineinzieht .Auch wird zuweilen beim Fischen mit den	16	9	102413-Temme__Jodocus_Deodatus_Hubertus.tsv
PTKA	PTKA		PTKA	zu		Wenn dieses Buch , welches eigentlich	zu	nichts , als zum Nutzen der Zeitungsleser und zur Aufnahme der Zeitung selbst bestimmt ist , nicht verdienet , in den Zeitungen bekannt gemacht und angepriesen zu werden , so verdient es gewiß kein Buch in der Welt .	In 8vo .Wenn dieses Buch , welches eigentlich zu nichts , als zum Nutzen der Zeitungsleser und zur Aufnahme der Zeitung selbst bestimmt ist , nicht verdienet , in den Zeitungen bekannt gemacht und angepriesen zu werden , so verdient es gewiß kein Buch in der Welt .Leipzig bei Chr. Fr. Geßner 1755 .	4	6	73620-Lessing__Gotthold_Ephraim.tsv
PTKA	PTKA		PTKA	zu		Das hatte der alte Gärtner doch	zu	sinnig ausgedacht !	Augenblick seinen abgezogenen Hut bittend hin .Das hatte der alte Gärtner doch zu sinnig ausgedacht !« Der alte Herr winkte grüßend hinauf	3289	6	78773-Marlitt__Eugenie.tsv
PTKA	APPR		PTKA	zu		20 Vnd er sprach / Jch wil mein Andlitz fur jnen verbergen / wil sehen was jnen	zu	letzt widerfaren wird / Denn es ist ein verkerete Art / Es sind vntrewe Kinder .	So werden deine anschlege fort gehen .20 Vnd er sprach / Jch wil mein Andlitz fur jnen verbergen / wil sehen was jnen zu letzt widerfaren wird / Denn es ist ein verkerete Art / Es sind vntrewe Kinder .Dauon zeuget sein Geselle / nemlich des	140	17	78101-Luther__Martin.tsv