DTA-Tag	TT-Tag	MM-TAg	Perceptron-Tag	Lemma	newtag	Prefix	Wort	Suffix	Sentence_neighborhood	sentence_index	index	filename
PTKZU	PTKZU		PTKZU	zu		« flüsterte ihr Jochai zu : » Ich gehe mit , um vom Fenster herab	zu	ersehen , wer der Klopfende ist .	nach dem Schlüssel an der Wand .« flüsterte ihr Jochai zu : » Ich gehe mit , um vom Fenster herab zu ersehen , wer der Klopfende ist .Großvater und Enkelin fuhren etwas zusammen .	168	15	99030-Spindler__Carl.tsv
PTKZU	APPR		APPR	zu		Dieser Aberglauben scheinet aber meines Erachtens von einem Schaden-Bräuer erfunden	zu	seyn / denn wenn zu weilen ein Bräuer das Bier verwarloset / erdencket er Lügen / und bricht Ursach von andern Zäunen / auf daß die Schuld nicht ihm beygemessen werde / davon ich ein Exempel erzehlen will .	viel näher gelegene Brodtteige nicht haben ?Dieser Aberglauben scheinet aber meines Erachtens von einem Schaden-Bräuer erfunden zu seyn / denn wenn zu weilen ein Bräuer das Bier verwarloset / erdencket er Lügen / und bricht Ursach von andern Zäunen / auf daß die Schuld nicht ihm beygemessen werde / davon ich ein Exempel erzehlen will .Denn man wolle nur die absurdität erwegen	6590	10	97156-Schmidt__Johann_Georg.tsv
PTKZU	PTKZU		PTKZU	zu		Jeder der Hausbesitzer erscheint mit einem Polizisten und ist sehr erstaunt , einen fremden Bewohner mit fremden Sachen in seinen Räumen	zu	finden .	Vermögen wieder in Ordnung bringen können .Jeder der Hausbesitzer erscheint mit einem Polizisten und ist sehr erstaunt , einen fremden Bewohner mit fremden Sachen in seinen Räumen zu finden .Mit denen falle ich sogar hinein .	41	21	25343-Ernst__Paul.tsv
PTKZU	PTKZU		PTKZU	zu		Um Zeit	zu	gewinnen , daß er zu mir Vertrauen fasse , bat ich ihn , auf diesem Tische da am Fenster einen Brief schreiben zu dürfen .	selbst umbringe , wie seine Pferde .Um Zeit zu gewinnen , daß er zu mir Vertrauen fasse , bat ich ihn , auf diesem Tische da am Fenster einen Brief schreiben zu dürfen .Ja , im Gegentheil äußerte er :	9497	2	56355-Gutzkow__Karl.tsv
PTKZU	PTKZU		PTKZU	zu		Um Zeit zu gewinnen , daß er zu mir Vertrauen fasse , bat ich ihn , auf diesem Tische da am Fenster einen Brief schreiben	zu	dürfen .	selbst umbringe , wie seine Pferde .Um Zeit zu gewinnen , daß er zu mir Vertrauen fasse , bat ich ihn , auf diesem Tische da am Fenster einen Brief schreiben zu dürfen .Ja , im Gegentheil äußerte er :	9497	25	56355-Gutzkow__Karl.tsv
PTKZU	PTKZU		PTKZU	zu		Kehrte Siegmund Faber zurück , dann lag es mir ob , mich , nicht sie , vor einem wahrhaftigen Ehrenmanne	zu	entschuldigen .	War sie meine Schwester , meinesgleichen ?Kehrte Siegmund Faber zurück , dann lag es mir ob , mich , nicht sie , vor einem wahrhaftigen Ehrenmanne zu entschuldigen .Schämte sie sich nicht , als Braut	1028	20	26910-Fran_ois__Louise_von.tsv
PTKZU	PTKZU		PTKZU	zu		Es wurde sogar das Gerücht verbreitet , die Soldaten rissen die Häuser nieder , nicht um dem Feuer Einhalt	zu	tun , sondern um nichts von der Stadt übrig zu lassen .	römischen Vergangenheit und des römischen Ruhmes .Es wurde sogar das Gerücht verbreitet , die Soldaten rissen die Häuser nieder , nicht um dem Feuer Einhalt zu tun , sondern um nichts von der Stadt übrig zu lassen .« Inzwischen fuhren die Soldaten , unterstützt	4656	19	98460-Sienkiewicz__Henryk.tsv
PTKZU	PTKZU		PTKZU	zu		Es wurde sogar das Gerücht verbreitet , die Soldaten rissen die Häuser nieder , nicht um dem Feuer Einhalt zu tun , sondern um nichts von der Stadt übrig	zu	lassen .	römischen Vergangenheit und des römischen Ruhmes .Es wurde sogar das Gerücht verbreitet , die Soldaten rissen die Häuser nieder , nicht um dem Feuer Einhalt zu tun , sondern um nichts von der Stadt übrig zu lassen .« Inzwischen fuhren die Soldaten , unterstützt	4656	29	98460-Sienkiewicz__Henryk.tsv
PTKZU	PTKZU		PTKZU	zu		Es war doch alles mögliche , was diese Lena erreicht hatte , und eine gute Portion Fleiss und Tüchtigkeit gehörte bei allem Glück dazu , es so weit	zu	bringen .	wenigen Monaten in Berlin schon gelernt .Es war doch alles mögliche , was diese Lena erreicht hatte , und eine gute Portion Fleiss und Tüchtigkeit gehörte bei allem Glück dazu , es so weit zu bringen .« wandte Lotte schüchtern ein .	1754	28	23055-Duncker__Dora.tsv
PTKZU	PTKZU		PTKZU	zu		Die Sucht , recht ätherisch und erhaben	zu	werden , hat die Flachheit geboren ; es ist Alles kahl , glatt , sogar solid langweilig geworden !	genommen für innere und äußere Ausbildung ?Die Sucht , recht ätherisch und erhaben zu werden , hat die Flachheit geboren ; es ist Alles kahl , glatt , sogar solid langweilig geworden !Liebe ist nicht denkbar ohne Hingebung ,	5462	7	110547-Willkomm__Ernst_Adolf.tsv
PTKZU	PTKZU		ADV	zu		Ich beginne zur Ansicht der Männer	zu	neigen : Was für ein erbärmliches Ding ist doch Frauentugend !	Stimme des Fleisches die des Geistes ?Ich beginne zur Ansicht der Männer zu neigen : Was für ein erbärmliches Ding ist doch Frauentugend !Vermag so ein plötzliches Aufwallen des Blutes	1786	6	27165-Gautier__Th_ophile.tsv
PTKZU	PTKZU		PTKZU	zu		So kam er mit würdigem Anstande herbei , der Herzogin die Hand	zu	küssen , die indessen ihren Gemahl , den Herzog , hatte rufen lassen , dem sie , während Don Quixote näher kam , seine Abgesandtschaft erzählte ; und da beide den ersten Teil dieser Historie gelesen hatten und daraus die wunderliche Sinnesart des Don Quixote kannten , so erwarteten sie ihn mit dem größten Vergnügen und der heftigsten Neugier , indem sie sich vornahmen , seiner Laune zu folgen und in allem , was er sagen würde , mit ihm übereinzustimmen , ihn , solange er bei ihnen bliebe , ganz wie einen irrenden Ritter zu behandeln , mit allen jenen Zeremonien , die in den Ritterbüchern gebräuchlich sind , welche sie gelesen hatten und überdies sehr liebten .	und Höflichkeit bis zum Himmel erhob .So kam er mit würdigem Anstande herbei , der Herzogin die Hand zu küssen , die indessen ihren Gemahl , den Herzog , hatte rufen lassen , dem sie , während Don Quixote näher kam , seine Abgesandtschaft erzählte ; und da beide den ersten Teil dieser Historie gelesen hatten und daraus die wunderliche Sinnesart des Don Quixote kannten , so erwarteten sie ihn mit dem größten Vergnügen und der heftigsten Neugier , indem sie sich vornahmen , seiner Laune zu folgen und in allem , was er sagen würde , mit ihm übereinzustimmen , ihn , solange er bei ihnen bliebe , ganz wie einen irrenden Ritter zu behandeln , mit allen jenen Zeremonien , die in den Ritterbüchern gebräuchlich sind , welche sie gelesen hatten und überdies sehr liebten .« versetzte Don Quixote , » wende	6146	12	17702-Cervantes_Saavedra__Miguel_de.tsv
PTKZU	PTKZU		PTKZU	zu		So kam er mit würdigem Anstande herbei , der Herzogin die Hand zu küssen , die indessen ihren Gemahl , den Herzog , hatte rufen lassen , dem sie , während Don Quixote näher kam , seine Abgesandtschaft erzählte ; und da beide den ersten Teil dieser Historie gelesen hatten und daraus die wunderliche Sinnesart des Don Quixote kannten , so erwarteten sie ihn mit dem größten Vergnügen und der heftigsten Neugier , indem sie sich vornahmen , seiner Laune	zu	folgen und in allem , was er sagen würde , mit ihm übereinzustimmen , ihn , solange er bei ihnen bliebe , ganz wie einen irrenden Ritter zu behandeln , mit allen jenen Zeremonien , die in den Ritterbüchern gebräuchlich sind , welche sie gelesen hatten und überdies sehr liebten .	und Höflichkeit bis zum Himmel erhob .So kam er mit würdigem Anstande herbei , der Herzogin die Hand zu küssen , die indessen ihren Gemahl , den Herzog , hatte rufen lassen , dem sie , während Don Quixote näher kam , seine Abgesandtschaft erzählte ; und da beide den ersten Teil dieser Historie gelesen hatten und daraus die wunderliche Sinnesart des Don Quixote kannten , so erwarteten sie ihn mit dem größten Vergnügen und der heftigsten Neugier , indem sie sich vornahmen , seiner Laune zu folgen und in allem , was er sagen würde , mit ihm übereinzustimmen , ihn , solange er bei ihnen bliebe , ganz wie einen irrenden Ritter zu behandeln , mit allen jenen Zeremonien , die in den Ritterbüchern gebräuchlich sind , welche sie gelesen hatten und überdies sehr liebten .« versetzte Don Quixote , » wende	6146	80	17702-Cervantes_Saavedra__Miguel_de.tsv
PTKZU	PTKZU		PTKZU	zu		So kam er mit würdigem Anstande herbei , der Herzogin die Hand zu küssen , die indessen ihren Gemahl , den Herzog , hatte rufen lassen , dem sie , während Don Quixote näher kam , seine Abgesandtschaft erzählte ; und da beide den ersten Teil dieser Historie gelesen hatten und daraus die wunderliche Sinnesart des Don Quixote kannten , so erwarteten sie ihn mit dem größten Vergnügen und der heftigsten Neugier , indem sie sich vornahmen , seiner Laune zu folgen und in allem , was er sagen würde , mit ihm übereinzustimmen , ihn , solange er bei ihnen bliebe , ganz wie einen irrenden Ritter	zu	behandeln , mit allen jenen Zeremonien , die in den Ritterbüchern gebräuchlich sind , welche sie gelesen hatten und überdies sehr liebten .	und Höflichkeit bis zum Himmel erhob .So kam er mit würdigem Anstande herbei , der Herzogin die Hand zu küssen , die indessen ihren Gemahl , den Herzog , hatte rufen lassen , dem sie , während Don Quixote näher kam , seine Abgesandtschaft erzählte ; und da beide den ersten Teil dieser Historie gelesen hatten und daraus die wunderliche Sinnesart des Don Quixote kannten , so erwarteten sie ihn mit dem größten Vergnügen und der heftigsten Neugier , indem sie sich vornahmen , seiner Laune zu folgen und in allem , was er sagen würde , mit ihm übereinzustimmen , ihn , solange er bei ihnen bliebe , ganz wie einen irrenden Ritter zu behandeln , mit allen jenen Zeremonien , die in den Ritterbüchern gebräuchlich sind , welche sie gelesen hatten und überdies sehr liebten .« versetzte Don Quixote , » wende	6146	108	17702-Cervantes_Saavedra__Miguel_de.tsv
PTKZU	PTKZU		PTKZU	zu		Endlich begann Egloff wieder	zu	sprechen : » Sie sehen , dieses Haus schüchtert mich so ein , ich unterlasse wahrscheinlich wichtige Dinge .	Hand , und dann schwiegen sie .Endlich begann Egloff wieder zu sprechen : » Sie sehen , dieses Haus schüchtert mich so ein , ich unterlasse wahrscheinlich wichtige Dinge .« – » Gottlos , « wiederholte	653	4	66883-Keyserling__Eduard_von.tsv
PTKZU	PTKZU		PTKZU	zu		Natur hatte das Ihre gethan , um ihm diese Mühe	zu	ersparen , das wußte mein Vater , und so hätte er sie sich auch ersparen können .	erbärmliches und böswilliges on dit ist .Natur hatte das Ihre gethan , um ihm diese Mühe zu ersparen , das wußte mein Vater , und so hätte er sie sich auch ersparen können .Es ist daher besser , ich werfe	5364	10	99260-Sterne__Laurence.tsv
PTKZU	PTKZU		PTKZU	zu		Dies heißt , vielmehr hieße , rassenhygienisch in die Sexualkrise entwirrend eingreifen , den Menschen ihr natürliches Anrecht an ein vollerfülltes biologisches Schicksal und damit jenes natürliche Glücksgefühl wiedergeben , dessen Mangel selbst die stolzesten Naturen in ihrer Elastizität zerbricht , sie	zu	verkümmernden , entartenden Sonderlingen macht / es hieße der schamlosen Verkehrung des Werbekampfes mit ihren verhängnisvollen Folgen auf die Früchte dieses Kampfes Einhalt tun und normale Früchte des Rasseprozesses / befreit von einer verfälschten Auslese / erzielen .	, die die Rasse nicht schädigt .Dies heißt , vielmehr hieße , rassenhygienisch in die Sexualkrise entwirrend eingreifen , den Menschen ihr natürliches Anrecht an ein vollerfülltes biologisches Schicksal und damit jenes natürliche Glücksgefühl wiedergeben , dessen Mangel selbst die stolzesten Naturen in ihrer Elastizität zerbricht , sie zu verkümmernden , entartenden Sonderlingen macht / es hieße der schamlosen Verkehrung des Werbekampfes mit ihren verhängnisvollen Folgen auf die Früchte dieses Kampfes Einhalt tun und normale Früchte des Rasseprozesses / befreit von einer verfälschten Auslese / erzielen .Diese Möglichkeit ist nur zu erzielen :	3220	42	79544-Meisel_Hess__Grete.tsv
PTKZU	PTKZU		PTKZU	zu		Der Gedanke , die Talente dieser anmutigen Künstlerin mit den seinigen	zu	verbinden , ihre beiden Existenzen zu einer zu verschmelzen , eine künftige Familie kleiner , ihres Vaters und ihrer Mutter würdiger Cascabels zu gründen , lag für den wackeren Gaukler auf der Hand .	scharfsinnigen Manne gewiß nicht überraschen wird .Der Gedanke , die Talente dieser anmutigen Künstlerin mit den seinigen zu verbinden , ihre beiden Existenzen zu einer zu verschmelzen , eine künftige Familie kleiner , ihres Vaters und ihrer Mutter würdiger Cascabels zu gründen , lag für den wackeren Gaukler auf der Hand .... « fiel Ortik ein .	2928	11	107522-Verne__Jules.tsv
PTKZU	PTKZU		PTKZU	zu		Der Gedanke , die Talente dieser anmutigen Künstlerin mit den seinigen zu verbinden , ihre beiden Existenzen zu einer	zu	verschmelzen , eine künftige Familie kleiner , ihres Vaters und ihrer Mutter würdiger Cascabels zu gründen , lag für den wackeren Gaukler auf der Hand .	scharfsinnigen Manne gewiß nicht überraschen wird .Der Gedanke , die Talente dieser anmutigen Künstlerin mit den seinigen zu verbinden , ihre beiden Existenzen zu einer zu verschmelzen , eine künftige Familie kleiner , ihres Vaters und ihrer Mutter würdiger Cascabels zu gründen , lag für den wackeren Gaukler auf der Hand .... « fiel Ortik ein .	2928	19	107522-Verne__Jules.tsv
PTKZU	PTKZU		PTKZU	zu		Der Gedanke , die Talente dieser anmutigen Künstlerin mit den seinigen zu verbinden , ihre beiden Existenzen zu einer zu verschmelzen , eine künftige Familie kleiner , ihres Vaters und ihrer Mutter würdiger Cascabels	zu	gründen , lag für den wackeren Gaukler auf der Hand .	scharfsinnigen Manne gewiß nicht überraschen wird .Der Gedanke , die Talente dieser anmutigen Künstlerin mit den seinigen zu verbinden , ihre beiden Existenzen zu einer zu verschmelzen , eine künftige Familie kleiner , ihres Vaters und ihrer Mutter würdiger Cascabels zu gründen , lag für den wackeren Gaukler auf der Hand .... « fiel Ortik ein .	2928	34	107522-Verne__Jules.tsv
PTKZU	PTKZU		PTKZU	zu		Es ist	zu	untersuchen , aus welcher Quelle das eine und das andere entsprang .	fiel , und Deutschland wurde frei .Es ist zu untersuchen , aus welcher Quelle das eine und das andere entsprang .Es geschah dieses ohne Widersetzlichkeit , ja	31	2	6284-B_rne__Ludwig.tsv
PTKZU	PTKZU		PTKZU	zu		Mit wirbelnden Sinnen und unter tobenden Herzschlägen begann sie dieses Entsetzliche	zu	verstehen : Die Feinde hatten sie gefangen , hatten ihr das blutige Eisen aus der Faust gewunden und hatten sie zu ewiger Strafe verdammt ; und nun lag sie in diesem finsteren Kerker , zu gerechter Buße für die unmenschliche Tat , die sie begangen hatte im Grausen der Schlacht .	und klammerte sieh an das Geländer .Mit wirbelnden Sinnen und unter tobenden Herzschlägen begann sie dieses Entsetzliche zu verstehen : Die Feinde hatten sie gefangen , hatten ihr das blutige Eisen aus der Faust gewunden und hatten sie zu ewiger Strafe verdammt ; und nun lag sie in diesem finsteren Kerker , zu gerechter Buße für die unmenschliche Tat , die sie begangen hatte im Grausen der Schlacht .Ein Wörtl !	8472	11	27055-Ganghofer__Ludwig.tsv
PTKZU	PTKZU		PTKZU	zu		» Ich wünschte ja nur deshalb , sie nur leicht von euch bestraft	zu	sehen , damit sie mir für eine schwere Sühne übrigbleiben .	« » Wer ?» Ich wünschte ja nur deshalb , sie nur leicht von euch bestraft zu sehen , damit sie mir für eine schwere Sühne übrigbleiben .Einem höflichen Worte aber wird mein Ohr	5619	13	79322-May__Karl.tsv
PTKZU	PTKZU		PTKZU	zu		Aus einem Himmelstürmer eine Glucke	zu	werden , – und dennoch in sich göttlich bleiben !	Ist das nicht Selbstverleugnung dem Teufel ?Aus einem Himmelstürmer eine Glucke zu werden , – und dennoch in sich göttlich bleiben !Bloß , um daß in des Genusses	3978	5	4089-Arnim__Bettina_von.tsv
PTKZU	PTKZU		PTKZU	zu		Der Sieg ist uns zwar gewiß , aber für den Fall , daß er uns nicht wird , habe ich versprochen , diese Gegend mit meinen Kriegern sofort	zu	verlassen und für den heutigen Tag Frieden zu halten .	« 75 Süßer Brunnen .Der Sieg ist uns zwar gewiß , aber für den Fall , daß er uns nicht wird , habe ich versprochen , diese Gegend mit meinen Kriegern sofort zu verlassen und für den heutigen Tag Frieden zu halten .» Weil ich bei dem Ghani ,	8548	28	79321-May__Karl.tsv