DTA-Tag	TT-Tag	MM-TAg	Perceptron-Tag	Lemma	newtag	Prefix	Wort	Suffix	Sentence_neighborhood	sentence_index	index	filename
VAFIN	VAFIN		VAFIN	haben		Und ich	habe	sie , die uns doch vollständig Fremden , sogar mit Blumen beschenkt .	Willkommens mit ihnen rauchen zu dürfen !Und ich habe sie , die uns doch vollständig Fremden , sogar mit Blumen beschenkt .Ich besuche meine Brüder .	8717	2	79326-May__Karl.tsv
VAFIN	VAFIN		VAFIN	haben		Gleich dem Hiob	habe	ihn der grausame Gott , der überhaupt der Grund alles Übels in der Welt sei , weil er mit dem Menschen experimentiere wie ein Vivisektor mit seinen Versuchstieren – ihm , dem Mister John , seine Familie und seine Reichtümer genommen und , nicht zufrieden mit dem angestifteten Unheil , auch noch seine Freunde gegen ihn aufgehetzt und seine Gesundheit geschädigt .	Er hat mich selbst darauf gebracht .Gleich dem Hiob habe ihn der grausame Gott , der überhaupt der Grund alles Übels in der Welt sei , weil er mit dem Menschen experimentiere wie ein Vivisektor mit seinen Versuchstieren – ihm , dem Mister John , seine Familie und seine Reichtümer genommen und , nicht zufrieden mit dem angestifteten Unheil , auch noch seine Freunde gegen ihn aufgehetzt und seine Gesundheit geschädigt .» Bah , man müßte ihn nur	2381	3	18884-Conrad__Michael_Georg.tsv
VAFIN	VAFIN		VAFIN	haben		Ich möchte gestorben sein – ein Engel – ein Geist von der , die Du so geliebt	hast	.	« seufzte Elmerice .Ich möchte gestorben sein – ein Engel – ein Geist von der , die Du so geliebt hast .« – » Könnte ich Dir doch	3234	17	83757-Paalzow__Henriette_von.tsv
VAFIN	VAFIN		VAFIN	haben		Die Sucht , recht ätherisch und erhaben zu werden ,	hat	die Flachheit geboren ; es ist Alles kahl , glatt , sogar solid langweilig geworden !	genommen für innere und äußere Ausbildung ?Die Sucht , recht ätherisch und erhaben zu werden , hat die Flachheit geboren ; es ist Alles kahl , glatt , sogar solid langweilig geworden !Liebe ist nicht denkbar ohne Hingebung ,	5462	10	110547-Willkomm__Ernst_Adolf.tsv
VAFIN	VAFIN		VAFIN	haben		Es war doch alles mögliche , was diese Lena erreicht	hatte	, und eine gute Portion Fleiss und Tüchtigkeit gehörte bei allem Glück dazu , es so weit zu bringen .	wenigen Monaten in Berlin schon gelernt .Es war doch alles mögliche , was diese Lena erreicht hatte , und eine gute Portion Fleiss und Tüchtigkeit gehörte bei allem Glück dazu , es so weit zu bringen .« wandte Lotte schüchtern ein .	1754	10	23055-Duncker__Dora.tsv
VAFIN	VAFIN		VAFIN	haben		Denn wie er keinen Paßport bey dem Gouverneur auf zuweisen	hatte	/ sagte dieser mit einer zwar höflichen doch unanständigen Mine ; er möchte sich so lange gedulten / biß auf gethanen Bericht andre Ordre deswegen vor Sr. Majestät einlieffe / weil ihm bey hoher Lebens-Straffe und sonder Betrachtung des Standes gebothen / diesen Befehl genau nachzukommen .	die andern Gefangenen vor Renardens Zimmer .Denn wie er keinen Paßport bey dem Gouverneur auf zuweisen hatte / sagte dieser mit einer zwar höflichen doch unanständigen Mine ; er möchte sich so lange gedulten / biß auf gethanen Bericht andre Ordre deswegen vor Sr. Majestät einlieffe / weil ihm bey hoher Lebens-Straffe und sonder Betrachtung des Standes gebothen / diesen Befehl genau nachzukommen .Wie nun Rosantes seinen Fürstlichen Stand offenbahret	1374	10	64549-Hunold__Christian_Friedrich.tsv
VAFIN	VAFIN		VAFIN	haben		Ja es ereignete sich bey Absonderung der Todten / daß ihrer unterschiedene / welche auff oder nahe an einander lagen / einander in dem letzten Grimme Nasen und Finger abgebissen	hatten	.	Wallstatt zu herrlicherm Begräbnis-Gepränge weggeführet wurden .Ja es ereignete sich bey Absonderung der Todten / daß ihrer unterschiedene / welche auff oder nahe an einander lagen / einander in dem letzten Grimme Nasen und Finger abgebissen hatten .Die aber / welche von denen Deutschen	37673	30	78039-Lohenstein__Daniel_Casper_von.tsv
VAFIN	VAFIN		VAFIN	sein		« flüsterte ihr Jochai zu : » Ich gehe mit , um vom Fenster herab zu ersehen , wer der Klopfende	ist	.	nach dem Schlüssel an der Wand .« flüsterte ihr Jochai zu : » Ich gehe mit , um vom Fenster herab zu ersehen , wer der Klopfende ist .Großvater und Enkelin fuhren etwas zusammen .	168	21	99030-Spindler__Carl.tsv
VAFIN	VAFIN		VAFIN	sein		Jeder der Hausbesitzer erscheint mit einem Polizisten und	ist	sehr erstaunt , einen fremden Bewohner mit fremden Sachen in seinen Räumen zu finden .	Vermögen wieder in Ordnung bringen können .Jeder der Hausbesitzer erscheint mit einem Polizisten und ist sehr erstaunt , einen fremden Bewohner mit fremden Sachen in seinen Räumen zu finden .Mit denen falle ich sogar hinein .	41	8	25343-Ernst__Paul.tsv
VAFIN	VAFIN		VAFIN	sein		– Aber wo	ist	Signor Formica , wo ist mein würdiger Arzt , daß ich ihm tausendmal für meine Heilung danke , die nur er vollbracht .	hätt' ich meinen wahnsinnigen Anschlag ausgeführt .– Aber wo ist Signor Formica , wo ist mein würdiger Arzt , daß ich ihm tausendmal für meine Heilung danke , die nur er vollbracht .– Fern sei es von mir ,	387	3	62350-Hoffmann__E__T__A_.tsv
VAFIN	VAFIN		VAFIN	sein		– Aber wo ist Signor Formica , wo	ist	mein würdiger Arzt , daß ich ihm tausendmal für meine Heilung danke , die nur er vollbracht .	hätt' ich meinen wahnsinnigen Anschlag ausgeführt .– Aber wo ist Signor Formica , wo ist mein würdiger Arzt , daß ich ihm tausendmal für meine Heilung danke , die nur er vollbracht .– Fern sei es von mir ,	387	8	62350-Hoffmann__E__T__A_.tsv
VAFIN	VAFIN		VAFIN	sein		Alt	ist	die Historie , bekannt ist die Geschicht ' , ausgeschrien ist die Begebenheit , welche sich mit dem guten Alt-Vater Noe zugetragen .	O wehe , o wehe solchen !Alt ist die Historie , bekannt ist die Geschicht ' , ausgeschrien ist die Begebenheit , welche sich mit dem guten Alt-Vater Noe zugetragen .Volsäus zu Londen , Albericus zu Prag	3249	1	4-Abraham_a_Sancta_Clara.tsv
VAFIN	VAFIN		VAFIN	sein		Alt ist die Historie , bekannt	ist	die Geschicht ' , ausgeschrien ist die Begebenheit , welche sich mit dem guten Alt-Vater Noe zugetragen .	O wehe , o wehe solchen !Alt ist die Historie , bekannt ist die Geschicht ' , ausgeschrien ist die Begebenheit , welche sich mit dem guten Alt-Vater Noe zugetragen .Volsäus zu Londen , Albericus zu Prag	3249	6	4-Abraham_a_Sancta_Clara.tsv
VAFIN	VAFIN		VAFIN	sein		Alt ist die Historie , bekannt ist die Geschicht ' , ausgeschrien	ist	die Begebenheit , welche sich mit dem guten Alt-Vater Noe zugetragen .	O wehe , o wehe solchen !Alt ist die Historie , bekannt ist die Geschicht ' , ausgeschrien ist die Begebenheit , welche sich mit dem guten Alt-Vater Noe zugetragen .Volsäus zu Londen , Albericus zu Prag	3249	12	4-Abraham_a_Sancta_Clara.tsv
VAFIN	VAFIN		VAFIN	sein		Die Sucht , recht ätherisch und erhaben zu werden , hat die Flachheit geboren ; es	ist	Alles kahl , glatt , sogar solid langweilig geworden !	genommen für innere und äußere Ausbildung ?Die Sucht , recht ätherisch und erhaben zu werden , hat die Flachheit geboren ; es ist Alles kahl , glatt , sogar solid langweilig geworden !Liebe ist nicht denkbar ohne Hingebung ,	5462	16	110547-Willkomm__Ernst_Adolf.tsv
VAFIN	VAFIN		VAFIN	sein		Ich beginne zur Ansicht der Männer zu neigen : Was für ein erbärmliches Ding	ist	doch Frauentugend !	Stimme des Fleisches die des Geistes ?Ich beginne zur Ansicht der Männer zu neigen : Was für ein erbärmliches Ding ist doch Frauentugend !Vermag so ein plötzliches Aufwallen des Blutes	1786	14	27165-Gautier__Th_ophile.tsv
VAFIN	VAFIN		VAFIN	sein		Gleich dem Hiob habe ihn der grausame Gott , der überhaupt der Grund alles Übels in der Welt	sei	, weil er mit dem Menschen experimentiere wie ein Vivisektor mit seinen Versuchstieren – ihm , dem Mister John , seine Familie und seine Reichtümer genommen und , nicht zufrieden mit dem angestifteten Unheil , auch noch seine Freunde gegen ihn aufgehetzt und seine Gesundheit geschädigt .	Er hat mich selbst darauf gebracht .Gleich dem Hiob habe ihn der grausame Gott , der überhaupt der Grund alles Übels in der Welt sei , weil er mit dem Menschen experimentiere wie ein Vivisektor mit seinen Versuchstieren – ihm , dem Mister John , seine Familie und seine Reichtümer genommen und , nicht zufrieden mit dem angestifteten Unheil , auch noch seine Freunde gegen ihn aufgehetzt und seine Gesundheit geschädigt .» Bah , man müßte ihn nur	2381	18	18884-Conrad__Michael_Georg.tsv
VAFIN	VAFIN		VAFIN	sein		Quid est – Es verdroß mich , daß ich in einem fremden Lande , wo ich mein Geld und , im Fall der Noth , mein ἀνέχου καὶ ἀπέχου auszugeben Willens	war	, und wo es keinen was anging , ob ich als Edelmann oder als Bürger äß' und tränke , durchaus Adel oder Unadel documentiren sollte – und wie ?	Auch bei Erholungen will man Zweck .Quid est – Es verdroß mich , daß ich in einem fremden Lande , wo ich mein Geld und , im Fall der Noth , mein ἀνέχου καὶ ἀπέχου auszugeben Willens war , und wo es keinen was anging , ob ich als Edelmann oder als Bürger äß' und tränke , durchaus Adel oder Unadel documentiren sollte – und wie ?Sonst aber glaub' ich , je weiter	5513	31	62295-Hippel__Theodor_Gottlieb_von.tsv
VAFIN	VAFIN		VAFIN	sein		Es	war	doch alles mögliche , was diese Lena erreicht hatte , und eine gute Portion Fleiss und Tüchtigkeit gehörte bei allem Glück dazu , es so weit zu bringen .	wenigen Monaten in Berlin schon gelernt .Es war doch alles mögliche , was diese Lena erreicht hatte , und eine gute Portion Fleiss und Tüchtigkeit gehörte bei allem Glück dazu , es so weit zu bringen .« wandte Lotte schüchtern ein .	1754	1	23055-Duncker__Dora.tsv
VAFIN	VAFIN		VAFIN	werden		Dieser Aberglauben scheinet aber meines Erachtens von einem Schaden-Bräuer erfunden zu seyn / denn wenn zu weilen ein Bräuer das Bier verwarloset / erdencket er Lügen / und bricht Ursach von andern Zäunen / auf daß die Schuld nicht ihm beygemessen	werde	/ davon ich ein Exempel erzehlen will .	viel näher gelegene Brodtteige nicht haben ?Dieser Aberglauben scheinet aber meines Erachtens von einem Schaden-Bräuer erfunden zu seyn / denn wenn zu weilen ein Bräuer das Bier verwarloset / erdencket er Lügen / und bricht Ursach von andern Zäunen / auf daß die Schuld nicht ihm beygemessen werde / davon ich ein Exempel erzehlen will .Denn man wolle nur die absurdität erwegen	6590	41	97156-Schmidt__Johann_Georg.tsv
VAFIN	VAFIN		VAFIN	werden		Inzwischen warteten die Schauspieler ; doch Bordenave sagte ihnen , daß heute der dritte Akt nicht mehr probiert	werde	.	er ihn wieder zu Boden setzte .Inzwischen warteten die Schauspieler ; doch Bordenave sagte ihnen , daß heute der dritte Akt nicht mehr probiert werde .Nicht wahr , mein Freund : Man	7957	18	112135-Zola___mile.tsv
VAFIN	VAFIN		VAFIN	werden		Will er , daß sie gelöst werden soll durch dich , so	wird	es geschehen .	hinaufgeführt in den Himmelssaal der Christen .Will er , daß sie gelöst werden soll durch dich , so wird es geschehen .Aber vergiß nicht , daß das Weib	8963	12	27046-Freytag__Gustav.tsv
VAFIN	VAFIN		VAFIN	werden		Da sagte der Jäger Jürge : › Ach , bittet hier die gute alte Mutter , daß sie doch morgen mit dem Töchterlein ihrer seligen Base bei meinem Rechte zugegen sein mögen ; das	wird	mir das Herz stärken in meiner letzten Stunde .	, er wolle mit ihm beten .Da sagte der Jäger Jürge : › Ach , bittet hier die gute alte Mutter , daß sie doch morgen mit dem Töchterlein ihrer seligen Base bei meinem Rechte zugegen sein mögen ; das wird mir das Herz stärken in meiner letzten Stunde .« Er hieß mich zu seiner Köchin	495	34	14643-Brentano__Clemens.tsv
VAFIN	VAFIN		VAFIN	werden		Ich	wurde	verrückt .	blauhaariger Vagabund in verwünschter Notzucht aufgedrungen .Ich wurde verrückt .Acht Monate hatte ich den Krieg getragen	37	1	67348-Klabund.tsv
VAFIN	VAFIN		VAFIN	werden		Es	wurde	sogar das Gerücht verbreitet , die Soldaten rissen die Häuser nieder , nicht um dem Feuer Einhalt zu tun , sondern um nichts von der Stadt übrig zu lassen .	römischen Vergangenheit und des römischen Ruhmes .Es wurde sogar das Gerücht verbreitet , die Soldaten rissen die Häuser nieder , nicht um dem Feuer Einhalt zu tun , sondern um nichts von der Stadt übrig zu lassen .« Inzwischen fuhren die Soldaten , unterstützt	4656	1	98460-Sienkiewicz__Henryk.tsv