DTA-Tag	TT-Tag	MM-TAg	Perceptron-Tag	Lemma	newtag	Prefix	Wort	Suffix	Sentence_neighborhood	sentence_index	index	filename
XY	CARD		XY	(+		– Ja , antwortete der Doctor , ein im Freien und ge schützt vor jeder Rückstrahlung angebrachtes Thermometer steigt nie und nirgends über hundertfünfunddreißig Grad über Null	(+	57 ° hunderttheilig ) , so wie es andererseits nicht unter zweiundsiebenzig Grad (– 58 ° hunderttheilig ) herabsinkt .	Zahl kein Zweifel sein kann .. .– Ja , antwortete der Doctor , ein im Freien und ge schützt vor jeder Rückstrahlung angebrachtes Thermometer steigt nie und nirgends über hundertfünfunddreißig Grad über Null (+ 57 ° hunderttheilig ) , so wie es andererseits nicht unter zweiundsiebenzig Grad (– 58 ° hunderttheilig ) herabsinkt .fragte der Zimmermann .	2196	27	107490-Verne__Jules.tsv
XY	XY		XY	*		67	*	Franz Rudolf Weiß , Principes philosophiques , politiques et moraux , erschienen 1785 , auch ins Deutsche übersetzt .	und die Apologie d'une pauvre personne .67 * Franz Rudolf Weiß , Principes philosophiques , politiques et moraux , erschienen 1785 , auch ins Deutsche übersetzt .( Die hier gegebenen Briefe sind unecht	1986	1	99251-Stendhal.tsv
XY	XY		XY	*			*	Die Sonne war mittlerweile tiefer hinabgestiegen und berührte schon die Wipfel des Waldes .	den Dichter macht – der Form .* Die Sonne war mittlerweile tiefer hinabgestiegen und berührte schon die Wipfel des Waldes .Nach einer Epoche reichen und tatkräftigen Lebens	16971	0	26867-Fontane__Theodor.tsv
XY	ADJD		VVFIN	ach		Und er hatte von Thornfield wie von meinem Heim gesprochen –	ach	!	, verirrten Vögeln wie mir hinwarf .Und er hatte von Thornfield wie von meinem Heim gesprochen – ach !« Ich wußte , daß es eine	4255	11	15086-Bront___Charlotte.tsv
XY	VVFIN		NE	ach		Um diese Zeit kam denn auch Herr Porphyrio von Ockerodastes aus seinem seidenen Palast hervor und ließ sich von Fräulein Ännchen mit Butterbrot füttern : » Ach ,	ach	, « kicherte Fräulein Ännchen ihm oft ins Ohr , » ach , ach , wenn Papa wüßte , daß Sie eigentlich ein König sind , bester Corduanspitz .	ein Herz und eine Seele waren .Um diese Zeit kam denn auch Herr Porphyrio von Ockerodastes aus seinem seidenen Palast hervor und ließ sich von Fräulein Ännchen mit Butterbrot füttern : » Ach , ach , « kicherte Fräulein Ännchen ihm oft ins Ohr , » ach , ach , wenn Papa wüßte , daß Sie eigentlich ein König sind , bester Corduanspitz .« – Herr Dapsul seufzte einigemal hintereinander	497	28	62357-Hoffmann__E__T__A_.tsv
XY	VVFIN		VVFIN	ach		Um diese Zeit kam denn auch Herr Porphyrio von Ockerodastes aus seinem seidenen Palast hervor und ließ sich von Fräulein Ännchen mit Butterbrot füttern : » Ach , ach , « kicherte Fräulein Ännchen ihm oft ins Ohr , »	ach	, ach , wenn Papa wüßte , daß Sie eigentlich ein König sind , bester Corduanspitz .	ein Herz und eine Seele waren .Um diese Zeit kam denn auch Herr Porphyrio von Ockerodastes aus seinem seidenen Palast hervor und ließ sich von Fräulein Ännchen mit Butterbrot füttern : » Ach , ach , « kicherte Fräulein Ännchen ihm oft ins Ohr , » ach , ach , wenn Papa wüßte , daß Sie eigentlich ein König sind , bester Corduanspitz .« – Herr Dapsul seufzte einigemal hintereinander	497	40	62357-Hoffmann__E__T__A_.tsv
XY	VVFIN		VVFIN	ach		Um diese Zeit kam denn auch Herr Porphyrio von Ockerodastes aus seinem seidenen Palast hervor und ließ sich von Fräulein Ännchen mit Butterbrot füttern : » Ach , ach , « kicherte Fräulein Ännchen ihm oft ins Ohr , » ach ,	ach	, wenn Papa wüßte , daß Sie eigentlich ein König sind , bester Corduanspitz .	ein Herz und eine Seele waren .Um diese Zeit kam denn auch Herr Porphyrio von Ockerodastes aus seinem seidenen Palast hervor und ließ sich von Fräulein Ännchen mit Butterbrot füttern : » Ach , ach , « kicherte Fräulein Ännchen ihm oft ins Ohr , » ach , ach , wenn Papa wüßte , daß Sie eigentlich ein König sind , bester Corduanspitz .« – Herr Dapsul seufzte einigemal hintereinander	497	42	62357-Hoffmann__E__T__A_.tsv
XY	NN		NE	antiochien		Weil er nun in Armenien erfuhr : daß Labienus und Pacor den Römischen Feldhauptmann Saxa geschlagen /	Antiochien	/ Apamea / Jerusalem und gantz Syrien biß auff die Stadt Tyrus / Cilicien biß auff die Stadt Stratonicea eingenommen hatte / und König Artabazes dem Ventidius / welchen Antonius mit Kriegs-Macht in Cilicien schickte / etliche tausend Reuter zusendete / zohe Segimer mit diesen Hülffs-Völckern auch dahin .	für was ärgers als eine Dienstbarkeit .Weil er nun in Armenien erfuhr : daß Labienus und Pacor den Römischen Feldhauptmann Saxa geschlagen / Antiochien / Apamea / Jerusalem und gantz Syrien biß auff die Stadt Tyrus / Cilicien biß auff die Stadt Stratonicea eingenommen hatte / und König Artabazes dem Ventidius / welchen Antonius mit Kriegs-Macht in Cilicien schickte / etliche tausend Reuter zusendete / zohe Segimer mit diesen Hülffs-Völckern auch dahin .Hiermit machte er Anstalt : daß Segimer	54643	17	78039-Lohenstein__Daniel_Casper_von.tsv
XY	NE		NE	apamea		Weil er nun in Armenien erfuhr : daß Labienus und Pacor den Römischen Feldhauptmann Saxa geschlagen / Antiochien /	Apamea	/ Jerusalem und gantz Syrien biß auff die Stadt Tyrus / Cilicien biß auff die Stadt Stratonicea eingenommen hatte / und König Artabazes dem Ventidius / welchen Antonius mit Kriegs-Macht in Cilicien schickte / etliche tausend Reuter zusendete / zohe Segimer mit diesen Hülffs-Völckern auch dahin .	für was ärgers als eine Dienstbarkeit .Weil er nun in Armenien erfuhr : daß Labienus und Pacor den Römischen Feldhauptmann Saxa geschlagen / Antiochien / Apamea / Jerusalem und gantz Syrien biß auff die Stadt Tyrus / Cilicien biß auff die Stadt Stratonicea eingenommen hatte / und König Artabazes dem Ventidius / welchen Antonius mit Kriegs-Macht in Cilicien schickte / etliche tausend Reuter zusendete / zohe Segimer mit diesen Hülffs-Völckern auch dahin .Hiermit machte er Anstalt : daß Segimer	54643	19	78039-Lohenstein__Daniel_Casper_von.tsv
XY	VVFIN		NE	biet		Argus hett hundert augen zum sehen , aber hundert hend muß ein Keller und Haußknecht haben , wie Briareus , auff das er unauffhörlich unnd unermüdet zäpff , schöpft , gewinn , hol , trag , ketsch ,	biet	, stell , giß , schenck , füll .	und unser äugen vor übernächtlichen schlaf .Argus hett hundert augen zum sehen , aber hundert hend muß ein Keller und Haußknecht haben , wie Briareus , auff das er unauffhörlich unnd unermüdet zäpff , schöpft , gewinn , hol , trag , ketsch , biet , stell , giß , schenck , füll .Trinck allzeit vor dem durst : so	358	38	25786-Fischart__Johann.tsv
XY	NE		NE	br.		Sein Tagebuch wünschte man gedruckt zu sehen , denn es enthält eine ungeschmückte Darstellung der Lebensart der dortigen Wilden , ihrer kümmerlichen Nahrung ihres außerordentlichen Elends , indem sie , ohne eine stete Wohnung zu haben , die öden Wüsteneyen durchirren , und auf den gefrorenen Seen jenes weitausgebreiteten Landes umherziehen , wo Herr Hearne gegen 1300 Englische Meilen , bis ans Meer , gegangen ist , und wo die Compagnie fünf hundert Englische Meilen landeinwärts , in 53 ° 0' 32 N	Br.	und 106 ° 27 ' 30 W L einen Handelsposten Namens Hudsons-Haus , unterhält Der Herausgeber von Cooks letzter Reise , Dr Douglas , der diese Nachricht mittheilt , hat uns aus Hearnes Tagebuch einen Zug aubewahrt , der zwar diese lange Anmerkung noch etwas verlängern wird , aber seiner Stelle wohl werth ist .	erst am 30sten Junius 1772 zurückkam .Sein Tagebuch wünschte man gedruckt zu sehen , denn es enthält eine ungeschmückte Darstellung der Lebensart der dortigen Wilden , ihrer kümmerlichen Nahrung ihres außerordentlichen Elends , indem sie , ohne eine stete Wohnung zu haben , die öden Wüsteneyen durchirren , und auf den gefrorenen Seen jenes weitausgebreiteten Landes umherziehen , wo Herr Hearne gegen 1300 Englische Meilen , bis ans Meer , gegangen ist , und wo die Compagnie fünf hundert Englische Meilen landeinwärts , in 53 ° 0' 32 N Br. und 106 ° 27 ' 30 W L einen Handelsposten Namens Hudsons-Haus , unterhält Der Herausgeber von Cooks letzter Reise , Dr Douglas , der diese Nachricht mittheilt , hat uns aus Hearnes Tagebuch einen Zug aubewahrt , der zwar diese lange Anmerkung noch etwas verlängern wird , aber seiner Stelle wohl werth ist .) Jezt kam ein Nebelwetter mit feinem	467	83	26876-Forster__Georg.tsv
XY	ADJA		NN	butter		17 Er wird nicht sehen die Ströme noch die wasserbeche / die mit honig vnd	butter	fliessen .	wird der Ottern galle saugen 2 .17 Er wird nicht sehen die Ströme noch die wasserbeche / die mit honig vnd butter fliessen .14 Seine speise inwendig im Leibe wird	36857	15	78101-Luther__Martin.tsv
XY	NE		NE	chiloux		War diese aber auch von großer Gefahr bedroht , wenn vielleicht mehrere hundert Pahuins , Fundjis ,	Chiloux	, Baris , Denkas und andere nur den Augenblick abwarteten , sie in erdrückender Menge zu überfallen , so hatte hier – mindestens bis halb elf Uhr – noch niemand die geringste Vorbereitung zu einer Abwehr getroffen .	Augenblick , den Arzt zu begleiten .War diese aber auch von großer Gefahr bedroht , wenn vielleicht mehrere hundert Pahuins , Fundjis , Chiloux , Baris , Denkas und andere nur den Augenblick abwarteten , sie in erdrückender Menge zu überfallen , so hatte hier – mindestens bis halb elf Uhr – noch niemand die geringste Vorbereitung zu einer Abwehr getroffen .Als Diener hatte der Doctor einen Eingebornen	920	17	107534-Verne__Jules.tsv
XY	FM		XY	dr		Ich habe alles Mögliche angefangen , von Schießete und Märite , von Buben und Mägden , aber ein Wort ist ein Wort , das ich anders herausgebracht , als so trockne Ja und Nein und : e	dr	Tusig !	fände hier herum , selb nit .Ich habe alles Mögliche angefangen , von Schießete und Märite , von Buben und Mägden , aber ein Wort ist ein Wort , das ich anders herausgebracht , als so trockne Ja und Nein und : e dr Tusig !« » Mich « , sagte Annelisi	1684	37	48351-Gotthelf__Jeremias.tsv
XY	NN		NE	fundjis		War diese aber auch von großer Gefahr bedroht , wenn vielleicht mehrere hundert Pahuins ,	Fundjis	, Chiloux , Baris , Denkas und andere nur den Augenblick abwarteten , sie in erdrückender Menge zu überfallen , so hatte hier – mindestens bis halb elf Uhr – noch niemand die geringste Vorbereitung zu einer Abwehr getroffen .	Augenblick , den Arzt zu begleiten .War diese aber auch von großer Gefahr bedroht , wenn vielleicht mehrere hundert Pahuins , Fundjis , Chiloux , Baris , Denkas und andere nur den Augenblick abwarteten , sie in erdrückender Menge zu überfallen , so hatte hier – mindestens bis halb elf Uhr – noch niemand die geringste Vorbereitung zu einer Abwehr getroffen .Als Diener hatte der Doctor einen Eingebornen	920	15	107534-Verne__Jules.tsv
XY	VVFIN		XY	he		De Boes hett ääwer ümmerfurt då rümwookert ( herumgelärmt ) un regeert , un wenn de Schulte , dee um düsse Tiit , de olle Kassel was , vöörbiigån is , denn hett	he	imene rooe Jack upt Hecken sitten gån un hett emm torovpen : » Vadder Kassel wist nich häärkummen bäjen ( beten ) ?	hett upp düssen Hof uuthollen müjen .De Boes hett ääwer ümmerfurt då rümwookert ( herumgelärmt ) un regeert , un wenn de Schulte , dee um düsse Tiit , de olle Kassel was , vöörbiigån is , denn hett he imene rooe Jack upt Hecken sitten gån un hett emm torovpen : » Vadder Kassel wist nich häärkummen bäjen ( beten ) ?Word Se seggen ümmer , datt Schorstett	3	33	68877-Kuhn__Adalbert.tsv
XY	ADJA		NE	imene		De Boes hett ääwer ümmerfurt då rümwookert ( herumgelärmt ) un regeert , un wenn de Schulte , dee um düsse Tiit , de olle Kassel was , vöörbiigån is , denn hett he	imene	rooe Jack upt Hecken sitten gån un hett emm torovpen : » Vadder Kassel wist nich häärkummen bäjen ( beten ) ?	hett upp düssen Hof uuthollen müjen .De Boes hett ääwer ümmerfurt då rümwookert ( herumgelärmt ) un regeert , un wenn de Schulte , dee um düsse Tiit , de olle Kassel was , vöörbiigån is , denn hett he imene rooe Jack upt Hecken sitten gån un hett emm torovpen : » Vadder Kassel wist nich häärkummen bäjen ( beten ) ?Word Se seggen ümmer , datt Schorstett	3	34	68877-Kuhn__Adalbert.tsv
XY	ADJD		NE	ketsch		Argus hett hundert augen zum sehen , aber hundert hend muß ein Keller und Haußknecht haben , wie Briareus , auff das er unauffhörlich unnd unermüdet zäpff , schöpft , gewinn , hol , trag ,	ketsch	, biet , stell , giß , schenck , füll .	und unser äugen vor übernächtlichen schlaf .Argus hett hundert augen zum sehen , aber hundert hend muß ein Keller und Haußknecht haben , wie Briareus , auff das er unauffhörlich unnd unermüdet zäpff , schöpft , gewinn , hol , trag , ketsch , biet , stell , giß , schenck , füll .Trinck allzeit vor dem durst : so	358	36	25786-Fischart__Johann.tsv
XY	NE		NE	l		Sein Tagebuch wünschte man gedruckt zu sehen , denn es enthält eine ungeschmückte Darstellung der Lebensart der dortigen Wilden , ihrer kümmerlichen Nahrung ihres außerordentlichen Elends , indem sie , ohne eine stete Wohnung zu haben , die öden Wüsteneyen durchirren , und auf den gefrorenen Seen jenes weitausgebreiteten Landes umherziehen , wo Herr Hearne gegen 1300 Englische Meilen , bis ans Meer , gegangen ist , und wo die Compagnie fünf hundert Englische Meilen landeinwärts , in 53 ° 0' 32 N Br. und 106 ° 27 ' 30 W	L	einen Handelsposten Namens Hudsons-Haus , unterhält Der Herausgeber von Cooks letzter Reise , Dr Douglas , der diese Nachricht mittheilt , hat uns aus Hearnes Tagebuch einen Zug aubewahrt , der zwar diese lange Anmerkung noch etwas verlängern wird , aber seiner Stelle wohl werth ist .	erst am 30sten Junius 1772 zurückkam .Sein Tagebuch wünschte man gedruckt zu sehen , denn es enthält eine ungeschmückte Darstellung der Lebensart der dortigen Wilden , ihrer kümmerlichen Nahrung ihres außerordentlichen Elends , indem sie , ohne eine stete Wohnung zu haben , die öden Wüsteneyen durchirren , und auf den gefrorenen Seen jenes weitausgebreiteten Landes umherziehen , wo Herr Hearne gegen 1300 Englische Meilen , bis ans Meer , gegangen ist , und wo die Compagnie fünf hundert Englische Meilen landeinwärts , in 53 ° 0' 32 N Br. und 106 ° 27 ' 30 W L einen Handelsposten Namens Hudsons-Haus , unterhält Der Herausgeber von Cooks letzter Reise , Dr Douglas , der diese Nachricht mittheilt , hat uns aus Hearnes Tagebuch einen Zug aubewahrt , der zwar diese lange Anmerkung noch etwas verlängern wird , aber seiner Stelle wohl werth ist .) Jezt kam ein Nebelwetter mit feinem	467	91	26876-Forster__Georg.tsv
XY	NN		XY	n		Sein Tagebuch wünschte man gedruckt zu sehen , denn es enthält eine ungeschmückte Darstellung der Lebensart der dortigen Wilden , ihrer kümmerlichen Nahrung ihres außerordentlichen Elends , indem sie , ohne eine stete Wohnung zu haben , die öden Wüsteneyen durchirren , und auf den gefrorenen Seen jenes weitausgebreiteten Landes umherziehen , wo Herr Hearne gegen 1300 Englische Meilen , bis ans Meer , gegangen ist , und wo die Compagnie fünf hundert Englische Meilen landeinwärts , in 53 ° 0' 32	N	Br. und 106 ° 27 ' 30 W L einen Handelsposten Namens Hudsons-Haus , unterhält Der Herausgeber von Cooks letzter Reise , Dr Douglas , der diese Nachricht mittheilt , hat uns aus Hearnes Tagebuch einen Zug aubewahrt , der zwar diese lange Anmerkung noch etwas verlängern wird , aber seiner Stelle wohl werth ist .	erst am 30sten Junius 1772 zurückkam .Sein Tagebuch wünschte man gedruckt zu sehen , denn es enthält eine ungeschmückte Darstellung der Lebensart der dortigen Wilden , ihrer kümmerlichen Nahrung ihres außerordentlichen Elends , indem sie , ohne eine stete Wohnung zu haben , die öden Wüsteneyen durchirren , und auf den gefrorenen Seen jenes weitausgebreiteten Landes umherziehen , wo Herr Hearne gegen 1300 Englische Meilen , bis ans Meer , gegangen ist , und wo die Compagnie fünf hundert Englische Meilen landeinwärts , in 53 ° 0' 32 N Br. und 106 ° 27 ' 30 W L einen Handelsposten Namens Hudsons-Haus , unterhält Der Herausgeber von Cooks letzter Reise , Dr Douglas , der diese Nachricht mittheilt , hat uns aus Hearnes Tagebuch einen Zug aubewahrt , der zwar diese lange Anmerkung noch etwas verlängern wird , aber seiner Stelle wohl werth ist .) Jezt kam ein Nebelwetter mit feinem	467	82	26876-Forster__Georg.tsv
XY	ADJA		NE	rooe		De Boes hett ääwer ümmerfurt då rümwookert ( herumgelärmt ) un regeert , un wenn de Schulte , dee um düsse Tiit , de olle Kassel was , vöörbiigån is , denn hett he imene	rooe	Jack upt Hecken sitten gån un hett emm torovpen : » Vadder Kassel wist nich häärkummen bäjen ( beten ) ?	hett upp düssen Hof uuthollen müjen .De Boes hett ääwer ümmerfurt då rümwookert ( herumgelärmt ) un regeert , un wenn de Schulte , dee um düsse Tiit , de olle Kassel was , vöörbiigån is , denn hett he imene rooe Jack upt Hecken sitten gån un hett emm torovpen : » Vadder Kassel wist nich häärkummen bäjen ( beten ) ?Word Se seggen ümmer , datt Schorstett	3	35	68877-Kuhn__Adalbert.tsv
XY	ADJA		XY	son		12 Vnd gab den Kauffbrieff Baruch dem	son	Neria des sons Mahaseja / in gegenwertigkeit Hanameel meines Vettern / vnd der Zeugen die im Kauffbrieff geschrieben stunden / vnd aller Jüden die am Hofe des Gefengnis woneten .	Geld dar / auff einer wage .12 Vnd gab den Kauffbrieff Baruch dem son Neria des sons Mahaseja / in gegenwertigkeit Hanameel meines Vettern / vnd der Zeugen die im Kauffbrieff geschrieben stunden / vnd aller Jüden die am Hofe des Gefengnis woneten .DA merckt ich / das des HERRN	3953	7	78101-Luther__Martin.tsv
XY	NE		NE	tusig		Ich habe alles Mögliche angefangen , von Schießete und Märite , von Buben und Mägden , aber ein Wort ist ein Wort , das ich anders herausgebracht , als so trockne Ja und Nein und : e dr	Tusig	!	fände hier herum , selb nit .Ich habe alles Mögliche angefangen , von Schießete und Märite , von Buben und Mägden , aber ein Wort ist ein Wort , das ich anders herausgebracht , als so trockne Ja und Nein und : e dr Tusig !« » Mich « , sagte Annelisi	1684	38	48351-Gotthelf__Jeremias.tsv
XY	ADJD		ADJA	unterlaß		Er tratte in die höle ängstig / grüssete das bild der Diana / und seufzend setzte er sich gegen ihr über / die er dann ohn	unterlaß	anschauete .	daß er müste sehr betrübet seyn .Er tratte in die höle ängstig / grüssete das bild der Diana / und seufzend setzte er sich gegen ihr über / die er dann ohn unterlaß anschauete .Verst \ rest du damit deine vergnügung	5193	26	3459-Anton_Ulrich_Herzog_von_Braunschweig.tsv
XY	NN		XY	w		Sein Tagebuch wünschte man gedruckt zu sehen , denn es enthält eine ungeschmückte Darstellung der Lebensart der dortigen Wilden , ihrer kümmerlichen Nahrung ihres außerordentlichen Elends , indem sie , ohne eine stete Wohnung zu haben , die öden Wüsteneyen durchirren , und auf den gefrorenen Seen jenes weitausgebreiteten Landes umherziehen , wo Herr Hearne gegen 1300 Englische Meilen , bis ans Meer , gegangen ist , und wo die Compagnie fünf hundert Englische Meilen landeinwärts , in 53 ° 0' 32 N Br. und 106 ° 27 ' 30	W	L einen Handelsposten Namens Hudsons-Haus , unterhält Der Herausgeber von Cooks letzter Reise , Dr Douglas , der diese Nachricht mittheilt , hat uns aus Hearnes Tagebuch einen Zug aubewahrt , der zwar diese lange Anmerkung noch etwas verlängern wird , aber seiner Stelle wohl werth ist .	erst am 30sten Junius 1772 zurückkam .Sein Tagebuch wünschte man gedruckt zu sehen , denn es enthält eine ungeschmückte Darstellung der Lebensart der dortigen Wilden , ihrer kümmerlichen Nahrung ihres außerordentlichen Elends , indem sie , ohne eine stete Wohnung zu haben , die öden Wüsteneyen durchirren , und auf den gefrorenen Seen jenes weitausgebreiteten Landes umherziehen , wo Herr Hearne gegen 1300 Englische Meilen , bis ans Meer , gegangen ist , und wo die Compagnie fünf hundert Englische Meilen landeinwärts , in 53 ° 0' 32 N Br. und 106 ° 27 ' 30 W L einen Handelsposten Namens Hudsons-Haus , unterhält Der Herausgeber von Cooks letzter Reise , Dr Douglas , der diese Nachricht mittheilt , hat uns aus Hearnes Tagebuch einen Zug aubewahrt , der zwar diese lange Anmerkung noch etwas verlängern wird , aber seiner Stelle wohl werth ist .) Jezt kam ein Nebelwetter mit feinem	467	90	26876-Forster__Georg.tsv